[debug] [2026-06-08T12:16:34.799Z] [Firebase Plugin] Activating Firebase extension.
[debug] [2026-06-08T12:16:51.841Z] [Firebase Plugin] requireAuthWrapper
[debug] [2026-06-08T12:16:51.855Z] > command requires scopes: ["email","openid","https://www.googleapis.com/auth/cloudplatformprojects.readonly","https://www.googleapis.com/auth/firebase","https://www.googleapis.com/auth/cloud-platform"]
[debug] [2026-06-08T12:16:51.857Z] > authorizing via signed-in user (kingjeo012@gmail.com)
[debug] [2026-06-08T12:16:51.869Z] Checked if tokens are valid: false, expires at: 1779446913408
[debug] [2026-06-08T12:16:51.871Z] Checked if tokens are valid: false, expires at: 1779446913408
[debug] [2026-06-08T12:16:51.872Z] > refreshing access token with scopes: []
[debug] [2026-06-08T12:16:51.879Z] >>> [apiv2][query] POST https://www.googleapis.com/oauth2/v3/token [none]
[debug] [2026-06-08T12:16:51.879Z] >>> [apiv2][body] POST https://www.googleapis.com/oauth2/v3/token [omitted]
[debug] [2026-06-08T12:16:51.919Z] [Firebase Plugin] VSCode notification server listening on port 40001
[info] [Firebase Plugin] Starting SQL Connect toolkit (version 3.4.8) on port 50001
[info] i  dataconnect: downloading dataconnect-emulator-3.4.8.exe... {"metadata":{"emulator":{"name":"dataconnect"},"message":"downloading dataconnect-emulator-3.4.8.exe..."}}
[debug] [2026-06-08T12:16:53.327Z] >>> [apiv2][query] GET https://storage.googleapis.com/firemat-preview-drop/emulator/dataconnect-emulator-windows-amd64-v3.4.8 
[debug] [2026-06-08T12:16:53.359Z] <<< [apiv2][status] POST https://www.googleapis.com/oauth2/v3/token 200
[debug] [2026-06-08T12:16:53.359Z] <<< [apiv2][body] POST https://www.googleapis.com/oauth2/v3/token [omitted]
[debug] [2026-06-08T12:16:53.827Z] [Firebase Plugin] User found:  kingjeo012@gmail.com
[info] [Firebase Plugin] (Core:Project) New user detected, fetching projects
[debug] [2026-06-08T12:16:53.830Z] Checked if tokens are valid: true, expires at: 1780924612360
[debug] [2026-06-08T12:16:53.832Z] >>> [apiv2][query] GET https://firebase.googleapis.com/v1beta1/projects pageSize=1000
[debug] [2026-06-08T12:16:55.202Z] <<< [apiv2][status] GET https://storage.googleapis.com/firemat-preview-drop/emulator/dataconnect-emulator-windows-amd64-v3.4.8 200
[debug] [2026-06-08T12:16:55.203Z] <<< [apiv2][body] GET https://storage.googleapis.com/firemat-preview-drop/emulator/dataconnect-emulator-windows-amd64-v3.4.8 [stream]
[debug] [2026-06-08T12:16:55.320Z] <<< [apiv2][status] GET https://firebase.googleapis.com/v1beta1/projects 200
[debug] [2026-06-08T12:16:55.321Z] <<< [apiv2][body] GET https://firebase.googleapis.com/v1beta1/projects [omitted]
[info] i  dataconnect: Removing outdated emulator files: dataconnect-emulator-3.3.1.exe {"metadata":{"emulator":{"name":"dataconnect"},"message":"Removing outdated emulator files: dataconnect-emulator-3.3.1.exe"}}
[debug] [2026-06-08T12:17:04.055Z] 'fdc build' failed with error: Unable to build your SQL Connect schema and connectors (exit code 1): E0608 13:17:04.045859    2216 cmd.go:43] Error loading data connect config: could not find dataconnect.yaml in `c:\Users\NEW USER\Desktop\download (2)\dataconnect`
 {"metadata":{"emulator":{"name":"dataconnect"},"message":"'fdc build' failed with error: Unable to build your SQL Connect schema and connectors (exit code 1): E0608 13:17:04.045859    2216 cmd.go:43] Error loading data connect config: could not find dataconnect.yaml in `c:\\Users\\NEW USER\\Desktop\\download (2)\\dataconnect`\n"}}
[debug] [2026-06-08T12:17:04.057Z] Ignoring unsupported arg: auto_download {"metadata":{"emulator":{"name":"dataconnect"},"message":"Ignoring unsupported arg: auto_download"}}
[debug] [2026-06-08T12:17:04.057Z] Ignoring unsupported arg: port {"metadata":{"emulator":{"name":"dataconnect"},"message":"Ignoring unsupported arg: port"}}
[debug] [2026-06-08T12:17:04.058Z] Starting SQL Connect Emulator with command {"binary":"C:\\Users\\NEW USER\\.cache\\firebase\\emulators\\dataconnect-emulator-3.4.8.exe","args":["--logtostderr","-v=2","dev","--listen=localhost:50001","--config_dir=c:\\Users\\NEW USER\\Desktop\\download (2)\\dataconnect","--enable_output_schema_extensions=true","--enable_output_generated_sdk=true"],"optionalArgs":["listen","config_dir","enable_output_schema_extensions","enable_output_generated_sdk"],"joinArgs":true,"shell":false,"port":9399} {"metadata":{"emulator":{"name":"dataconnect"},"message":"Starting SQL Connect Emulator with command {\"binary\":\"C:\\\\Users\\\\NEW USER\\\\.cache\\\\firebase\\\\emulators\\\\dataconnect-emulator-3.4.8.exe\",\"args\":[\"--logtostderr\",\"-v=2\",\"dev\",\"--listen=localhost:50001\",\"--config_dir=c:\\\\Users\\\\NEW USER\\\\Desktop\\\\download (2)\\\\dataconnect\",\"--enable_output_schema_extensions=true\",\"--enable_output_generated_sdk=true\"],\"optionalArgs\":[\"listen\",\"config_dir\",\"enable_output_schema_extensions\",\"enable_output_generated_sdk\"],\"joinArgs\":true,\"shell\":false,\"port\":9399}"}}
[info] i  dataconnect: SQL Connect Emulator logging to dataconnect-debug.log {"metadata":{"emulator":{"name":"dataconnect"},"message":"SQL Connect Emulator logging to \u001b[1mdataconnect-debug.log\u001b[22m"}}
[debug] [2026-06-08T12:17:04.127Z] E0608 13:17:04.127373   20612 dev.go:83] Failed to load initial config from "c:\\Users\\NEW USER\\Desktop\\download (2)\\dataconnect": could not find dataconnect.yaml in `c:\Users\NEW USER\Desktop\download (2)\dataconnect`
 {"metadata":{"emulator":{"name":"dataconnect"},"message":"E0608 13:17:04.127373   20612 dev.go:83] Failed to load initial config from \"c:\\\\Users\\\\NEW USER\\\\Desktop\\\\download (2)\\\\dataconnect\": could not find dataconnect.yaml in `c:\\Users\\NEW USER\\Desktop\\download (2)\\dataconnect`\n"}}
[debug] [2026-06-08T12:17:04.128Z] E0608 13:17:04.127373   20612 watch.go:116] watchAllDir unable to walk dir `c:\Users\NEW USER\Desktop\download (2)\dataconnect`: GetFileAttributesEx c:\Users\NEW USER\Desktop\download (2)\dataconnect: The system cannot find the file specified.
 {"metadata":{"emulator":{"name":"dataconnect"},"message":"E0608 13:17:04.127373   20612 watch.go:116] watchAllDir unable to walk dir `c:\\Users\\NEW USER\\Desktop\\download (2)\\dataconnect`: GetFileAttributesEx c:\\Users\\NEW USER\\Desktop\\download (2)\\dataconnect: The system cannot find the file specified.\n"}}
[debug] [2026-06-08T12:17:04.150Z] I0608 13:17:04.150325   20612 dev.go:104] Listening on address (HTTP + gRPC): 127.0.0.1:50001
 {"metadata":{"emulator":{"name":"dataconnect"},"message":"I0608 13:17:04.150325   20612 dev.go:104] Listening on address (HTTP + gRPC): 127.0.0.1:50001\n"}}
[error] [Firebase Plugin] error:  {}
[debug] [2026-06-08T12:17:14.128Z] E0608 13:17:14.128624   20612 watch.go:40] Failed to load config from "c:\\Users\\NEW USER\\Desktop\\download (2)\\dataconnect": could not find dataconnect.yaml in `c:\Users\NEW USER\Desktop\download (2)\dataconnect`
 {"metadata":{"emulator":{"name":"dataconnect"},"message":"E0608 13:17:14.128624   20612 watch.go:40] Failed to load config from \"c:\\\\Users\\\\NEW USER\\\\Desktop\\\\download (2)\\\\dataconnect\": could not find dataconnect.yaml in `c:\\Users\\NEW USER\\Desktop\\download (2)\\dataconnect`\n"}}
[debug] [2026-06-08T12:17:24.128Z] E0608 13:17:24.128185   20612 watch.go:40] Failed to load config from "c:\\Users\\NEW USER\\Desktop\\download (2)\\dataconnect": could not find dataconnect.yaml in `c:\Users\NEW USER\Desktop\download (2)\dataconnect`
 {"metadata":{"emulator":{"name":"dataconnect"},"message":"E0608 13:17:24.128185   20612 watch.go:40] Failed to load config from \"c:\\\\Users\\\\NEW USER\\\\Desktop\\\\download (2)\\\\dataconnect\": could not find dataconnect.yaml in `c:\\Users\\NEW USER\\Desktop\\download (2)\\dataconnect`\n"}}
[debug] [2026-06-08T12:17:34.128Z] E0608 13:17:34.128335   20612 watch.go:40] Failed to load config from "c:\\Users\\NEW USER\\Desktop\\download (2)\\dataconnect": could not find dataconnect.yaml in `c:\Users\NEW USER\Desktop\download (2)\dataconnect`
 {"metadata":{"emulator":{"name":"dataconnect"},"message":"E0608 13:17:34.128335   20612 watch.go:40] Failed to load config from \"c:\\\\Users\\\\NEW USER\\\\Desktop\\\\download (2)\\\\dataconnect\": could not find dataconnect.yaml in `c:\\Users\\NEW USER\\Desktop\\download (2)\\dataconnect`\n"}}
[debug] [2026-06-08T12:17:44.128Z] E0608 13:17:44.129053   20612 watch.go:40] Failed to load config from "c:\\Users\\NEW USER\\Desktop\\download (2)\\dataconnect": could not find dataconnect.yaml in `c:\Users\NEW USER\Desktop\download (2)\dataconnect`
 {"metadata":{"emulator":{"name":"dataconnect"},"message":"E0608 13:17:44.129053   20612 watch.go:40] Failed to load config from \"c:\\\\Users\\\\NEW USER\\\\Desktop\\\\download (2)\\\\dataconnect\": could not find dataconnect.yaml in `c:\\Users\\NEW USER\\Desktop\\download (2)\\dataconnect`\n"}}
[debug] [2026-06-08T12:17:54.128Z] E0608 13:17:54.128173   20612 watch.go:40] Failed to load config from "c:\\Users\\NEW USER\\Desktop\\download (2)\\dataconnect": could not find dataconnect.yaml in `c:\Users\NEW USER\Desktop\download (2)\dataconnect`
 {"metadata":{"emulator":{"name":"dataconnect"},"message":"E0608 13:17:54.128173   20612 watch.go:40] Failed to load config from \"c:\\\\Users\\\\NEW USER\\\\Desktop\\\\download (2)\\\\dataconnect\": could not find dataconnect.yaml in `c:\\Users\\NEW USER\\Desktop\\download (2)\\dataconnect`\n"}}
[debug] [2026-06-08T12:18:04.128Z] E0608 13:18:04.128260   20612 watch.go:116] watchAllDir unable to walk dir `c:\Users\NEW USER\Desktop\download (2)\dataconnect`: GetFileAttributesEx c:\Users\NEW USER\Desktop\download (2)\dataconnect: The system cannot find the file specified.
 {"metadata":{"emulator":{"name":"dataconnect"},"message":"E0608 13:18:04.128260   20612 watch.go:116] watchAllDir unable to walk dir `c:\\Users\\NEW USER\\Desktop\\download (2)\\dataconnect`: GetFileAttributesEx c:\\Users\\NEW USER\\Desktop\\download (2)\\dataconnect: The system cannot find the file specified.\n"}}
[debug] [2026-06-08T12:18:04.128Z] E0608 13:18:04.128260   20612 watch.go:40] Failed to load config from "c:\\Users\\NEW USER\\Desktop\\download (2)\\dataconnect": could not find dataconnect.yaml in `c:\Users\NEW USER\Desktop\download (2)\dataconnect`
 {"metadata":{"emulator":{"name":"dataconnect"},"message":"E0608 13:18:04.128260   20612 watch.go:40] Failed to load config from \"c:\\\\Users\\\\NEW USER\\\\Desktop\\\\download (2)\\\\dataconnect\": could not find dataconnect.yaml in `c:\\Users\\NEW USER\\Desktop\\download (2)\\dataconnect`\n"}}
[debug] [2026-06-08T12:18:14.128Z] E0608 13:18:14.128199   20612 watch.go:40] Failed to load config from "c:\\Users\\NEW USER\\Desktop\\download (2)\\dataconnect": could not find dataconnect.yaml in `c:\Users\NEW USER\Desktop\download (2)\dataconnect`
 {"metadata":{"emulator":{"name":"dataconnect"},"message":"E0608 13:18:14.128199   20612 watch.go:40] Failed to load config from \"c:\\\\Users\\\\NEW USER\\\\Desktop\\\\download (2)\\\\dataconnect\": could not find dataconnect.yaml in `c:\\Users\\NEW USER\\Desktop\\download (2)\\dataconnect`\n"}}
[debug] [2026-06-08T12:18:24.128Z] E0608 13:18:24.127977   20612 watch.go:40] Failed to load config from "c:\\Users\\NEW USER\\Desktop\\download (2)\\dataconnect": could not find dataconnect.yaml in `c:\Users\NEW USER\Desktop\download (2)\dataconnect`
 {"metadata":{"emulator":{"name":"dataconnect"},"message":"E0608 13:18:24.127977   20612 watch.go:40] Failed to load config from \"c:\\\\Users\\\\NEW USER\\\\Desktop\\\\download (2)\\\\dataconnect\": could not find dataconnect.yaml in `c:\\Users\\NEW USER\\Desktop\\download (2)\\dataconnect`\n"}}
[debug] [2026-06-08T12:18:34.128Z] E0608 13:18:34.128307   20612 watch.go:40] Failed to load config from "c:\\Users\\NEW USER\\Desktop\\download (2)\\dataconnect": could not find dataconnect.yaml in `c:\Users\NEW USER\Desktop\download (2)\dataconnect`
 {"metadata":{"emulator":{"name":"dataconnect"},"message":"E0608 13:18:34.128307   20612 watch.go:40] Failed to load config from \"c:\\\\Users\\\\NEW USER\\\\Desktop\\\\download (2)\\\\dataconnect\": could not find dataconnect.yaml in `c:\\Users\\NEW USER\\Desktop\\download (2)\\dataconnect`\n"}}
[debug] [2026-06-08T12:18:44.130Z] E0608 13:18:44.129508   20612 watch.go:40] Failed to load config from "c:\\Users\\NEW USER\\Desktop\\download (2)\\dataconnect": could not find dataconnect.yaml in `c:\Users\NEW USER\Desktop\download (2)\dataconnect`
 {"metadata":{"emulator":{"name":"dataconnect"},"message":"E0608 13:18:44.129508   20612 watch.go:40] Failed to load config from \"c:\\\\Users\\\\NEW USER\\\\Desktop\\\\download (2)\\\\dataconnect\": could not find dataconnect.yaml in `c:\\Users\\NEW USER\\Desktop\\download (2)\\dataconnect`\n"}}
[debug] [2026-06-08T12:18:54.131Z] E0608 13:18:54.130108   20612 watch.go:40] Failed to load config from "c:\\Users\\NEW USER\\Desktop\\download (2)\\dataconnect": could not find dataconnect.yaml in `c:\Users\NEW USER\Desktop\download (2)\dataconnect`
 {"metadata":{"emulator":{"name":"dataconnect"},"message":"E0608 13:18:54.130108   20612 watch.go:40] Failed to load config from \"c:\\\\Users\\\\NEW USER\\\\Desktop\\\\download (2)\\\\dataconnect\": could not find dataconnect.yaml in `c:\\Users\\NEW USER\\Desktop\\download (2)\\dataconnect`\n"}}
[debug] [2026-06-08T12:19:04.129Z] E0608 13:19:04.128682   20612 watch.go:116] watchAllDir unable to walk dir `c:\Users\NEW USER\Desktop\download (2)\dataconnect`: GetFileAttributesEx c:\Users\NEW USER\Desktop\download (2)\dataconnect: The system cannot find the file specified.
 {"metadata":{"emulator":{"name":"dataconnect"},"message":"E0608 13:19:04.128682   20612 watch.go:116] watchAllDir unable to walk dir `c:\\Users\\NEW USER\\Desktop\\download (2)\\dataconnect`: GetFileAttributesEx c:\\Users\\NEW USER\\Desktop\\download (2)\\dataconnect: The system cannot find the file specified.\n"}}
[debug] [2026-06-08T12:19:04.131Z] E0608 13:19:04.129275   20612 watch.go:40] Failed to load config from "c:\\Users\\NEW USER\\Desktop\\download (2)\\dataconnect": could not find dataconnect.yaml in `c:\Users\NEW USER\Desktop\download (2)\dataconnect`
 {"metadata":{"emulator":{"name":"dataconnect"},"message":"E0608 13:19:04.129275   20612 watch.go:40] Failed to load config from \"c:\\\\Users\\\\NEW USER\\\\Desktop\\\\download (2)\\\\dataconnect\": could not find dataconnect.yaml in `c:\\Users\\NEW USER\\Desktop\\download (2)\\dataconnect`\n"}}
[debug] [2026-06-08T12:19:14.130Z] E0608 13:19:14.130056   20612 watch.go:40] Failed to load config from "c:\\Users\\NEW USER\\Desktop\\download (2)\\dataconnect": could not find dataconnect.yaml in `c:\Users\NEW USER\Desktop\download (2)\dataconnect`
 {"metadata":{"emulator":{"name":"dataconnect"},"message":"E0608 13:19:14.130056   20612 watch.go:40] Failed to load config from \"c:\\\\Users\\\\NEW USER\\\\Desktop\\\\download (2)\\\\dataconnect\": could not find dataconnect.yaml in `c:\\Users\\NEW USER\\Desktop\\download (2)\\dataconnect`\n"}}
[debug] [2026-06-08T12:19:24.129Z] E0608 13:19:24.129040   20612 watch.go:40] Failed to load config from "c:\\Users\\NEW USER\\Desktop\\download (2)\\dataconnect": could not find dataconnect.yaml in `c:\Users\NEW USER\Desktop\download (2)\dataconnect`
 {"metadata":{"emulator":{"name":"dataconnect"},"message":"E0608 13:19:24.129040   20612 watch.go:40] Failed to load config from \"c:\\\\Users\\\\NEW USER\\\\Desktop\\\\download (2)\\\\dataconnect\": could not find dataconnect.yaml in `c:\\Users\\NEW USER\\Desktop\\download (2)\\dataconnect`\n"}}
[debug] [2026-06-08T12:19:34.129Z] E0608 13:19:34.129775   20612 watch.go:40] Failed to load config from "c:\\Users\\NEW USER\\Desktop\\download (2)\\dataconnect": could not find dataconnect.yaml in `c:\Users\NEW USER\Desktop\download (2)\dataconnect`
 {"metadata":{"emulator":{"name":"dataconnect"},"message":"E0608 13:19:34.129775   20612 watch.go:40] Failed to load config from \"c:\\\\Users\\\\NEW USER\\\\Desktop\\\\download (2)\\\\dataconnect\": could not find dataconnect.yaml in `c:\\Users\\NEW USER\\Desktop\\download (2)\\dataconnect`\n"}}
[debug] [2026-06-08T12:19:44.128Z] E0608 13:19:44.128467   20612 watch.go:40] Failed to load config from "c:\\Users\\NEW USER\\Desktop\\download (2)\\dataconnect": could not find dataconnect.yaml in `c:\Users\NEW USER\Desktop\download (2)\dataconnect`
 {"metadata":{"emulator":{"name":"dataconnect"},"message":"E0608 13:19:44.128467   20612 watch.go:40] Failed to load config from \"c:\\\\Users\\\\NEW USER\\\\Desktop\\\\download (2)\\\\dataconnect\": could not find dataconnect.yaml in `c:\\Users\\NEW USER\\Desktop\\download (2)\\dataconnect`\n"}}
[debug] [2026-06-08T12:19:54.130Z] E0608 13:19:54.129906   20612 watch.go:40] Failed to load config from "c:\\Users\\NEW USER\\Desktop\\download (2)\\dataconnect": could not find dataconnect.yaml in `c:\Users\NEW USER\Desktop\download (2)\dataconnect`
 {"metadata":{"emulator":{"name":"dataconnect"},"message":"E0608 13:19:54.129906   20612 watch.go:40] Failed to load config from \"c:\\\\Users\\\\NEW USER\\\\Desktop\\\\download (2)\\\\dataconnect\": could not find dataconnect.yaml in `c:\\Users\\NEW USER\\Desktop\\download (2)\\dataconnect`\n"}}
[debug] [2026-06-08T12:20:04.127Z] E0608 13:20:04.127980   20612 watch.go:116] watchAllDir unable to walk dir `c:\Users\NEW USER\Desktop\download (2)\dataconnect`: GetFileAttributesEx c:\Users\NEW USER\Desktop\download (2)\dataconnect: The system cannot find the file specified.
 {"metadata":{"emulator":{"name":"dataconnect"},"message":"E0608 13:20:04.127980   20612 watch.go:116] watchAllDir unable to walk dir `c:\\Users\\NEW USER\\Desktop\\download (2)\\dataconnect`: GetFileAttributesEx c:\\Users\\NEW USER\\Desktop\\download (2)\\dataconnect: The system cannot find the file specified.\n"}}
[debug] [2026-06-08T12:20:04.128Z] E0608 13:20:04.127980   20612 watch.go:40] Failed to load config from "c:\\Users\\NEW USER\\Desktop\\download (2)\\dataconnect": could not find dataconnect.yaml in `c:\Users\NEW USER\Desktop\download (2)\dataconnect`
 {"metadata":{"emulator":{"name":"dataconnect"},"message":"E0608 13:20:04.127980   20612 watch.go:40] Failed to load config from \"c:\\\\Users\\\\NEW USER\\\\Desktop\\\\download (2)\\\\dataconnect\": could not find dataconnect.yaml in `c:\\Users\\NEW USER\\Desktop\\download (2)\\dataconnect`\n"}}
[debug] [2026-06-08T12:20:14.130Z] E0608 13:20:14.129246   20612 watch.go:40] Failed to load config from "c:\\Users\\NEW USER\\Desktop\\download (2)\\dataconnect": could not find dataconnect.yaml in `c:\Users\NEW USER\Desktop\download (2)\dataconnect`
 {"metadata":{"emulator":{"name":"dataconnect"},"message":"E0608 13:20:14.129246   20612 watch.go:40] Failed to load config from \"c:\\\\Users\\\\NEW USER\\\\Desktop\\\\download (2)\\\\dataconnect\": could not find dataconnect.yaml in `c:\\Users\\NEW USER\\Desktop\\download (2)\\dataconnect`\n"}}
[debug] [2026-06-08T12:20:24.129Z] E0608 13:20:24.129107   20612 watch.go:40] Failed to load config from "c:\\Users\\NEW USER\\Desktop\\download (2)\\dataconnect": could not find dataconnect.yaml in `c:\Users\NEW USER\Desktop\download (2)\dataconnect`
 {"metadata":{"emulator":{"name":"dataconnect"},"message":"E0608 13:20:24.129107   20612 watch.go:40] Failed to load config from \"c:\\\\Users\\\\NEW USER\\\\Desktop\\\\download (2)\\\\dataconnect\": could not find dataconnect.yaml in `c:\\Users\\NEW USER\\Desktop\\download (2)\\dataconnect`\n"}}
[debug] [2026-06-08T12:20:34.129Z] E0608 13:20:34.129087   20612 watch.go:40] Failed to load config from "c:\\Users\\NEW USER\\Desktop\\download (2)\\dataconnect": could not find dataconnect.yaml in `c:\Users\NEW USER\Desktop\download (2)\dataconnect`
 {"metadata":{"emulator":{"name":"dataconnect"},"message":"E0608 13:20:34.129087   20612 watch.go:40] Failed to load config from \"c:\\\\Users\\\\NEW USER\\\\Desktop\\\\download (2)\\\\dataconnect\": could not find dataconnect.yaml in `c:\\Users\\NEW USER\\Desktop\\download (2)\\dataconnect`\n"}}
[debug] [2026-06-08T12:20:44.128Z] E0608 13:20:44.128317   20612 watch.go:40] Failed to load config from "c:\\Users\\NEW USER\\Desktop\\download (2)\\dataconnect": could not find dataconnect.yaml in `c:\Users\NEW USER\Desktop\download (2)\dataconnect`
 {"metadata":{"emulator":{"name":"dataconnect"},"message":"E0608 13:20:44.128317   20612 watch.go:40] Failed to load config from \"c:\\\\Users\\\\NEW USER\\\\Desktop\\\\download (2)\\\\dataconnect\": could not find dataconnect.yaml in `c:\\Users\\NEW USER\\Desktop\\download (2)\\dataconnect`\n"}}
[debug] [2026-06-08T12:20:54.128Z] E0608 13:20:54.128171   20612 watch.go:40] Failed to load config from "c:\\Users\\NEW USER\\Desktop\\download (2)\\dataconnect": could not find dataconnect.yaml in `c:\Users\NEW USER\Desktop\download (2)\dataconnect`
 {"metadata":{"emulator":{"name":"dataconnect"},"message":"E0608 13:20:54.128171   20612 watch.go:40] Failed to load config from \"c:\\\\Users\\\\NEW USER\\\\Desktop\\\\download (2)\\\\dataconnect\": could not find dataconnect.yaml in `c:\\Users\\NEW USER\\Desktop\\download (2)\\dataconnect`\n"}}
[debug] [2026-06-08T12:21:04.129Z] E0608 13:21:04.129183   20612 watch.go:116] watchAllDir unable to walk dir `c:\Users\NEW USER\Desktop\download (2)\dataconnect`: GetFileAttributesEx c:\Users\NEW USER\Desktop\download (2)\dataconnect: The system cannot find the file specified.
 {"metadata":{"emulator":{"name":"dataconnect"},"message":"E0608 13:21:04.129183   20612 watch.go:116] watchAllDir unable to walk dir `c:\\Users\\NEW USER\\Desktop\\download (2)\\dataconnect`: GetFileAttributesEx c:\\Users\\NEW USER\\Desktop\\download (2)\\dataconnect: The system cannot find the file specified.\n"}}
[debug] [2026-06-08T12:21:04.132Z] E0608 13:21:04.129872   20612 watch.go:40] Failed to load config from "c:\\Users\\NEW USER\\Desktop\\download (2)\\dataconnect": could not find dataconnect.yaml in `c:\Users\NEW USER\Desktop\download (2)\dataconnect`
 {"metadata":{"emulator":{"name":"dataconnect"},"message":"E0608 13:21:04.129872   20612 watch.go:40] Failed to load config from \"c:\\\\Users\\\\NEW USER\\\\Desktop\\\\download (2)\\\\dataconnect\": could not find dataconnect.yaml in `c:\\Users\\NEW USER\\Desktop\\download (2)\\dataconnect`\n"}}
[debug] [2026-06-08T12:21:14.129Z] E0608 13:21:14.129145   20612 watch.go:40] Failed to load config from "c:\\Users\\NEW USER\\Desktop\\download (2)\\dataconnect": could not find dataconnect.yaml in `c:\Users\NEW USER\Desktop\download (2)\dataconnect`
 {"metadata":{"emulator":{"name":"dataconnect"},"message":"E0608 13:21:14.129145   20612 watch.go:40] Failed to load config from \"c:\\\\Users\\\\NEW USER\\\\Desktop\\\\download (2)\\\\dataconnect\": could not find dataconnect.yaml in `c:\\Users\\NEW USER\\Desktop\\download (2)\\dataconnect`\n"}}
[debug] [2026-06-08T12:21:24.128Z] E0608 13:21:24.128364   20612 watch.go:40] Failed to load config from "c:\\Users\\NEW USER\\Desktop\\download (2)\\dataconnect": could not find dataconnect.yaml in `c:\Users\NEW USER\Desktop\download (2)\dataconnect`
 {"metadata":{"emulator":{"name":"dataconnect"},"message":"E0608 13:21:24.128364   20612 watch.go:40] Failed to load config from \"c:\\\\Users\\\\NEW USER\\\\Desktop\\\\download (2)\\\\dataconnect\": could not find dataconnect.yaml in `c:\\Users\\NEW USER\\Desktop\\download (2)\\dataconnect`\n"}}
[debug] [2026-06-08T12:21:34.128Z] E0608 13:21:34.128242   20612 watch.go:40] Failed to load config from "c:\\Users\\NEW USER\\Desktop\\download (2)\\dataconnect": could not find dataconnect.yaml in `c:\Users\NEW USER\Desktop\download (2)\dataconnect`
 {"metadata":{"emulator":{"name":"dataconnect"},"message":"E0608 13:21:34.128242   20612 watch.go:40] Failed to load config from \"c:\\\\Users\\\\NEW USER\\\\Desktop\\\\download (2)\\\\dataconnect\": could not find dataconnect.yaml in `c:\\Users\\NEW USER\\Desktop\\download (2)\\dataconnect`\n"}}
[debug] [2026-06-08T12:21:44.130Z] E0608 13:21:44.129725   20612 watch.go:40] Failed to load config from "c:\\Users\\NEW USER\\Desktop\\download (2)\\dataconnect": could not find dataconnect.yaml in `c:\Users\NEW USER\Desktop\download (2)\dataconnect`
 {"metadata":{"emulator":{"name":"dataconnect"},"message":"E0608 13:21:44.129725   20612 watch.go:40] Failed to load config from \"c:\\\\Users\\\\NEW USER\\\\Desktop\\\\download (2)\\\\dataconnect\": could not find dataconnect.yaml in `c:\\Users\\NEW USER\\Desktop\\download (2)\\dataconnect`\n"}}
[debug] [2026-06-08T12:21:54.128Z] E0608 13:21:54.128637   20612 watch.go:40] Failed to load config from "c:\\Users\\NEW USER\\Desktop\\download (2)\\dataconnect": could not find dataconnect.yaml in `c:\Users\NEW USER\Desktop\download (2)\dataconnect`
 {"metadata":{"emulator":{"name":"dataconnect"},"message":"E0608 13:21:54.128637   20612 watch.go:40] Failed to load config from \"c:\\\\Users\\\\NEW USER\\\\Desktop\\\\download (2)\\\\dataconnect\": could not find dataconnect.yaml in `c:\\Users\\NEW USER\\Desktop\\download (2)\\dataconnect`\n"}}
[debug] [2026-06-08T12:22:04.130Z] E0608 13:22:04.129742   20612 watch.go:116] watchAllDir unable to walk dir `c:\Users\NEW USER\Desktop\download (2)\dataconnect`: GetFileAttributesEx c:\Users\NEW USER\Desktop\download (2)\dataconnect: The system cannot find the file specified.
 {"metadata":{"emulator":{"name":"dataconnect"},"message":"E0608 13:22:04.129742   20612 watch.go:116] watchAllDir unable to walk dir `c:\\Users\\NEW USER\\Desktop\\download (2)\\dataconnect`: GetFileAttributesEx c:\\Users\\NEW USER\\Desktop\\download (2)\\dataconnect: The system cannot find the file specified.\n"}}
[debug] [2026-06-08T12:22:04.132Z] E0608 13:22:04.131138   20612 watch.go:40] Failed to load config from "c:\\Users\\NEW USER\\Desktop\\download (2)\\dataconnect": could not find dataconnect.yaml in `c:\Users\NEW USER\Desktop\download (2)\dataconnect`
 {"metadata":{"emulator":{"name":"dataconnect"},"message":"E0608 13:22:04.131138   20612 watch.go:40] Failed to load config from \"c:\\\\Users\\\\NEW USER\\\\Desktop\\\\download (2)\\\\dataconnect\": could not find dataconnect.yaml in `c:\\Users\\NEW USER\\Desktop\\download (2)\\dataconnect`\n"}}
[debug] [2026-06-08T12:22:14.129Z] E0608 13:22:14.128462   20612 watch.go:40] Failed to load config from "c:\\Users\\NEW USER\\Desktop\\download (2)\\dataconnect": could not find dataconnect.yaml in `c:\Users\NEW USER\Desktop\download (2)\dataconnect`
 {"metadata":{"emulator":{"name":"dataconnect"},"message":"E0608 13:22:14.128462   20612 watch.go:40] Failed to load config from \"c:\\\\Users\\\\NEW USER\\\\Desktop\\\\download (2)\\\\dataconnect\": could not find dataconnect.yaml in `c:\\Users\\NEW USER\\Desktop\\download (2)\\dataconnect`\n"}}
[debug] [2026-06-08T12:22:24.128Z] E0608 13:22:24.128336   20612 watch.go:40] Failed to load config from "c:\\Users\\NEW USER\\Desktop\\download (2)\\dataconnect": could not find dataconnect.yaml in `c:\Users\NEW USER\Desktop\download (2)\dataconnect`
 {"metadata":{"emulator":{"name":"dataconnect"},"message":"E0608 13:22:24.128336   20612 watch.go:40] Failed to load config from \"c:\\\\Users\\\\NEW USER\\\\Desktop\\\\download (2)\\\\dataconnect\": could not find dataconnect.yaml in `c:\\Users\\NEW USER\\Desktop\\download (2)\\dataconnect`\n"}}
[debug] [2026-06-08T12:22:34.129Z] E0608 13:22:34.128487   20612 watch.go:40] Failed to load config from "c:\\Users\\NEW USER\\Desktop\\download (2)\\dataconnect": could not find dataconnect.yaml in `c:\Users\NEW USER\Desktop\download (2)\dataconnect`
 {"metadata":{"emulator":{"name":"dataconnect"},"message":"E0608 13:22:34.128487   20612 watch.go:40] Failed to load config from \"c:\\\\Users\\\\NEW USER\\\\Desktop\\\\download (2)\\\\dataconnect\": could not find dataconnect.yaml in `c:\\Users\\NEW USER\\Desktop\\download (2)\\dataconnect`\n"}}
[debug] [2026-06-08T12:22:44.128Z] E0608 13:22:44.128313   20612 watch.go:40] Failed to load config from "c:\\Users\\NEW USER\\Desktop\\download (2)\\dataconnect": could not find dataconnect.yaml in `c:\Users\NEW USER\Desktop\download (2)\dataconnect`
 {"metadata":{"emulator":{"name":"dataconnect"},"message":"E0608 13:22:44.128313   20612 watch.go:40] Failed to load config from \"c:\\\\Users\\\\NEW USER\\\\Desktop\\\\download (2)\\\\dataconnect\": could not find dataconnect.yaml in `c:\\Users\\NEW USER\\Desktop\\download (2)\\dataconnect`\n"}}
[debug] [2026-06-08T12:22:54.128Z] E0608 13:22:54.128395   20612 watch.go:40] Failed to load config from "c:\\Users\\NEW USER\\Desktop\\download (2)\\dataconnect": could not find dataconnect.yaml in `c:\Users\NEW USER\Desktop\download (2)\dataconnect`
 {"metadata":{"emulator":{"name":"dataconnect"},"message":"E0608 13:22:54.128395   20612 watch.go:40] Failed to load config from \"c:\\\\Users\\\\NEW USER\\\\Desktop\\\\download (2)\\\\dataconnect\": could not find dataconnect.yaml in `c:\\Users\\NEW USER\\Desktop\\download (2)\\dataconnect`\n"}}
[debug] [2026-06-08T12:23:04.128Z] E0608 13:23:04.128037   20612 watch.go:116] watchAllDir unable to walk dir `c:\Users\NEW USER\Desktop\download (2)\dataconnect`: GetFileAttributesEx c:\Users\NEW USER\Desktop\download (2)\dataconnect: The system cannot find the file specified.
E0608 13:23:04.128037   20612 watch.go:40] Failed to load config from "c:\\Users\\NEW USER\\Desktop\\download (2)\\dataconnect": could not find dataconnect.yaml in `c:\Users\NEW USER\Desktop\download (2)\dataconnect`
 {"metadata":{"emulator":{"name":"dataconnect"},"message":"E0608 13:23:04.128037   20612 watch.go:116] watchAllDir unable to walk dir `c:\\Users\\NEW USER\\Desktop\\download (2)\\dataconnect`: GetFileAttributesEx c:\\Users\\NEW USER\\Desktop\\download (2)\\dataconnect: The system cannot find the file specified.\nE0608 13:23:04.128037   20612 watch.go:40] Failed to load config from \"c:\\\\Users\\\\NEW USER\\\\Desktop\\\\download (2)\\\\dataconnect\": could not find dataconnect.yaml in `c:\\Users\\NEW USER\\Desktop\\download (2)\\dataconnect`\n"}}
[debug] [2026-06-08T12:23:14.128Z] E0608 13:23:14.128358   20612 watch.go:40] Failed to load config from "c:\\Users\\NEW USER\\Desktop\\download (2)\\dataconnect": could not find dataconnect.yaml in `c:\Users\NEW USER\Desktop\download (2)\dataconnect`
 {"metadata":{"emulator":{"name":"dataconnect"},"message":"E0608 13:23:14.128358   20612 watch.go:40] Failed to load config from \"c:\\\\Users\\\\NEW USER\\\\Desktop\\\\download (2)\\\\dataconnect\": could not find dataconnect.yaml in `c:\\Users\\NEW USER\\Desktop\\download (2)\\dataconnect`\n"}}
[debug] [2026-06-08T12:23:24.128Z] E0608 13:23:24.128433   20612 watch.go:40] Failed to load config from "c:\\Users\\NEW USER\\Desktop\\download (2)\\dataconnect": could not find dataconnect.yaml in `c:\Users\NEW USER\Desktop\download (2)\dataconnect`
 {"metadata":{"emulator":{"name":"dataconnect"},"message":"E0608 13:23:24.128433   20612 watch.go:40] Failed to load config from \"c:\\\\Users\\\\NEW USER\\\\Desktop\\\\download (2)\\\\dataconnect\": could not find dataconnect.yaml in `c:\\Users\\NEW USER\\Desktop\\download (2)\\dataconnect`\n"}}
[debug] [2026-06-08T12:23:34.128Z] E0608 13:23:34.128250   20612 watch.go:40] Failed to load config from "c:\\Users\\NEW USER\\Desktop\\download (2)\\dataconnect": could not find dataconnect.yaml in `c:\Users\NEW USER\Desktop\download (2)\dataconnect`
 {"metadata":{"emulator":{"name":"dataconnect"},"message":"E0608 13:23:34.128250   20612 watch.go:40] Failed to load config from \"c:\\\\Users\\\\NEW USER\\\\Desktop\\\\download (2)\\\\dataconnect\": could not find dataconnect.yaml in `c:\\Users\\NEW USER\\Desktop\\download (2)\\dataconnect`\n"}}
[debug] [2026-06-08T12:23:44.129Z] E0608 13:23:44.129135   20612 watch.go:40] Failed to load config from "c:\\Users\\NEW USER\\Desktop\\download (2)\\dataconnect": could not find dataconnect.yaml in `c:\Users\NEW USER\Desktop\download (2)\dataconnect`
 {"metadata":{"emulator":{"name":"dataconnect"},"message":"E0608 13:23:44.129135   20612 watch.go:40] Failed to load config from \"c:\\\\Users\\\\NEW USER\\\\Desktop\\\\download (2)\\\\dataconnect\": could not find dataconnect.yaml in `c:\\Users\\NEW USER\\Desktop\\download (2)\\dataconnect`\n"}}
[debug] [2026-06-08T12:23:54.129Z] E0608 13:23:54.129582   20612 watch.go:40] Failed to load config from "c:\\Users\\NEW USER\\Desktop\\download (2)\\dataconnect": could not find dataconnect.yaml in `c:\Users\NEW USER\Desktop\download (2)\dataconnect`
 {"metadata":{"emulator":{"name":"dataconnect"},"message":"E0608 13:23:54.129582   20612 watch.go:40] Failed to load config from \"c:\\\\Users\\\\NEW USER\\\\Desktop\\\\download (2)\\\\dataconnect\": could not find dataconnect.yaml in `c:\\Users\\NEW USER\\Desktop\\download (2)\\dataconnect`\n"}}
[debug] [2026-06-08T12:24:04.128Z] E0608 13:24:04.128408   20612 watch.go:116] watchAllDir unable to walk dir `c:\Users\NEW USER\Desktop\download (2)\dataconnect`: GetFileAttributesEx c:\Users\NEW USER\Desktop\download (2)\dataconnect: The system cannot find the file specified.
E0608 13:24:04.128408   20612 watch.go:40] Failed to load config from "c:\\Users\\NEW USER\\Desktop\\download (2)\\dataconnect": could not find dataconnect.yaml in `c:\Users\NEW USER\Desktop\download (2)\dataconnect`
 {"metadata":{"emulator":{"name":"dataconnect"},"message":"E0608 13:24:04.128408   20612 watch.go:116] watchAllDir unable to walk dir `c:\\Users\\NEW USER\\Desktop\\download (2)\\dataconnect`: GetFileAttributesEx c:\\Users\\NEW USER\\Desktop\\download (2)\\dataconnect: The system cannot find the file specified.\nE0608 13:24:04.128408   20612 watch.go:40] Failed to load config from \"c:\\\\Users\\\\NEW USER\\\\Desktop\\\\download (2)\\\\dataconnect\": could not find dataconnect.yaml in `c:\\Users\\NEW USER\\Desktop\\download (2)\\dataconnect`\n"}}
[debug] [2026-06-08T12:24:14.128Z] E0608 13:24:14.128415   20612 watch.go:40] Failed to load config from "c:\\Users\\NEW USER\\Desktop\\download (2)\\dataconnect": could not find dataconnect.yaml in `c:\Users\NEW USER\Desktop\download (2)\dataconnect`
 {"metadata":{"emulator":{"name":"dataconnect"},"message":"E0608 13:24:14.128415   20612 watch.go:40] Failed to load config from \"c:\\\\Users\\\\NEW USER\\\\Desktop\\\\download (2)\\\\dataconnect\": could not find dataconnect.yaml in `c:\\Users\\NEW USER\\Desktop\\download (2)\\dataconnect`\n"}}
[debug] [2026-06-08T12:24:24.128Z] E0608 13:24:24.128652   20612 watch.go:40] Failed to load config from "c:\\Users\\NEW USER\\Desktop\\download (2)\\dataconnect": could not find dataconnect.yaml in `c:\Users\NEW USER\Desktop\download (2)\dataconnect`
 {"metadata":{"emulator":{"name":"dataconnect"},"message":"E0608 13:24:24.128652   20612 watch.go:40] Failed to load config from \"c:\\\\Users\\\\NEW USER\\\\Desktop\\\\download (2)\\\\dataconnect\": could not find dataconnect.yaml in `c:\\Users\\NEW USER\\Desktop\\download (2)\\dataconnect`\n"}}
[debug] [2026-06-08T12:24:34.129Z] E0608 13:24:34.128908   20612 watch.go:40] Failed to load config from "c:\\Users\\NEW USER\\Desktop\\download (2)\\dataconnect": could not find dataconnect.yaml in `c:\Users\NEW USER\Desktop\download (2)\dataconnect`
 {"metadata":{"emulator":{"name":"dataconnect"},"message":"E0608 13:24:34.128908   20612 watch.go:40] Failed to load config from \"c:\\\\Users\\\\NEW USER\\\\Desktop\\\\download (2)\\\\dataconnect\": could not find dataconnect.yaml in `c:\\Users\\NEW USER\\Desktop\\download (2)\\dataconnect`\n"}}
[debug] [2026-06-08T12:24:44.128Z] E0608 13:24:44.128575   20612 watch.go:40] Failed to load config from "c:\\Users\\NEW USER\\Desktop\\download (2)\\dataconnect": could not find dataconnect.yaml in `c:\Users\NEW USER\Desktop\download (2)\dataconnect`
 {"metadata":{"emulator":{"name":"dataconnect"},"message":"E0608 13:24:44.128575   20612 watch.go:40] Failed to load config from \"c:\\\\Users\\\\NEW USER\\\\Desktop\\\\download (2)\\\\dataconnect\": could not find dataconnect.yaml in `c:\\Users\\NEW USER\\Desktop\\download (2)\\dataconnect`\n"}}
[debug] [2026-06-08T12:24:54.128Z] E0608 13:24:54.128442   20612 watch.go:40] Failed to load config from "c:\\Users\\NEW USER\\Desktop\\download (2)\\dataconnect": could not find dataconnect.yaml in `c:\Users\NEW USER\Desktop\download (2)\dataconnect`
 {"metadata":{"emulator":{"name":"dataconnect"},"message":"E0608 13:24:54.128442   20612 watch.go:40] Failed to load config from \"c:\\\\Users\\\\NEW USER\\\\Desktop\\\\download (2)\\\\dataconnect\": could not find dataconnect.yaml in `c:\\Users\\NEW USER\\Desktop\\download (2)\\dataconnect`\n"}}
[debug] [2026-06-08T12:25:04.129Z] E0608 13:25:04.128625   20612 watch.go:116] watchAllDir unable to walk dir `c:\Users\NEW USER\Desktop\download (2)\dataconnect`: GetFileAttributesEx c:\Users\NEW USER\Desktop\download (2)\dataconnect: The system cannot find the file specified.
 {"metadata":{"emulator":{"name":"dataconnect"},"message":"E0608 13:25:04.128625   20612 watch.go:116] watchAllDir unable to walk dir `c:\\Users\\NEW USER\\Desktop\\download (2)\\dataconnect`: GetFileAttributesEx c:\\Users\\NEW USER\\Desktop\\download (2)\\dataconnect: The system cannot find the file specified.\n"}}
[debug] [2026-06-08T12:25:04.131Z] E0608 13:25:04.128625   20612 watch.go:40] Failed to load config from "c:\\Users\\NEW USER\\Desktop\\download (2)\\dataconnect": could not find dataconnect.yaml in `c:\Users\NEW USER\Desktop\download (2)\dataconnect`
 {"metadata":{"emulator":{"name":"dataconnect"},"message":"E0608 13:25:04.128625   20612 watch.go:40] Failed to load config from \"c:\\\\Users\\\\NEW USER\\\\Desktop\\\\download (2)\\\\dataconnect\": could not find dataconnect.yaml in `c:\\Users\\NEW USER\\Desktop\\download (2)\\dataconnect`\n"}}
[debug] [2026-06-08T12:25:14.130Z] E0608 13:25:14.129853   20612 watch.go:40] Failed to load config from "c:\\Users\\NEW USER\\Desktop\\download (2)\\dataconnect": could not find dataconnect.yaml in `c:\Users\NEW USER\Desktop\download (2)\dataconnect`
 {"metadata":{"emulator":{"name":"dataconnect"},"message":"E0608 13:25:14.129853   20612 watch.go:40] Failed to load config from \"c:\\\\Users\\\\NEW USER\\\\Desktop\\\\download (2)\\\\dataconnect\": could not find dataconnect.yaml in `c:\\Users\\NEW USER\\Desktop\\download (2)\\dataconnect`\n"}}
[debug] [2026-06-08T12:25:24.130Z] E0608 13:25:24.129215   20612 watch.go:40] Failed to load config from "c:\\Users\\NEW USER\\Desktop\\download (2)\\dataconnect": could not find dataconnect.yaml in `c:\Users\NEW USER\Desktop\download (2)\dataconnect`
 {"metadata":{"emulator":{"name":"dataconnect"},"message":"E0608 13:25:24.129215   20612 watch.go:40] Failed to load config from \"c:\\\\Users\\\\NEW USER\\\\Desktop\\\\download (2)\\\\dataconnect\": could not find dataconnect.yaml in `c:\\Users\\NEW USER\\Desktop\\download (2)\\dataconnect`\n"}}
[debug] [2026-06-08T12:25:34.131Z] E0608 13:25:34.130829   20612 watch.go:40] Failed to load config from "c:\\Users\\NEW USER\\Desktop\\download (2)\\dataconnect": could not find dataconnect.yaml in `c:\Users\NEW USER\Desktop\download (2)\dataconnect`
 {"metadata":{"emulator":{"name":"dataconnect"},"message":"E0608 13:25:34.130829   20612 watch.go:40] Failed to load config from \"c:\\\\Users\\\\NEW USER\\\\Desktop\\\\download (2)\\\\dataconnect\": could not find dataconnect.yaml in `c:\\Users\\NEW USER\\Desktop\\download (2)\\dataconnect`\n"}}
[debug] [2026-06-08T12:25:44.128Z] E0608 13:25:44.128471   20612 watch.go:40] Failed to load config from "c:\\Users\\NEW USER\\Desktop\\download (2)\\dataconnect": could not find dataconnect.yaml in `c:\Users\NEW USER\Desktop\download (2)\dataconnect`
 {"metadata":{"emulator":{"name":"dataconnect"},"message":"E0608 13:25:44.128471   20612 watch.go:40] Failed to load config from \"c:\\\\Users\\\\NEW USER\\\\Desktop\\\\download (2)\\\\dataconnect\": could not find dataconnect.yaml in `c:\\Users\\NEW USER\\Desktop\\download (2)\\dataconnect`\n"}}
[debug] [2026-06-08T12:25:54.128Z] E0608 13:25:54.128400   20612 watch.go:40] Failed to load config from "c:\\Users\\NEW USER\\Desktop\\download (2)\\dataconnect": could not find dataconnect.yaml in `c:\Users\NEW USER\Desktop\download (2)\dataconnect`
 {"metadata":{"emulator":{"name":"dataconnect"},"message":"E0608 13:25:54.128400   20612 watch.go:40] Failed to load config from \"c:\\\\Users\\\\NEW USER\\\\Desktop\\\\download (2)\\\\dataconnect\": could not find dataconnect.yaml in `c:\\Users\\NEW USER\\Desktop\\download (2)\\dataconnect`\n"}}
[debug] [2026-06-08T12:26:04.128Z] E0608 13:26:04.128064   20612 watch.go:116] watchAllDir unable to walk dir `c:\Users\NEW USER\Desktop\download (2)\dataconnect`: GetFileAttributesEx c:\Users\NEW USER\Desktop\download (2)\dataconnect: The system cannot find the file specified.
 {"metadata":{"emulator":{"name":"dataconnect"},"message":"E0608 13:26:04.128064   20612 watch.go:116] watchAllDir unable to walk dir `c:\\Users\\NEW USER\\Desktop\\download (2)\\dataconnect`: GetFileAttributesEx c:\\Users\\NEW USER\\Desktop\\download (2)\\dataconnect: The system cannot find the file specified.\n"}}
[debug] [2026-06-08T12:26:04.128Z] E0608 13:26:04.128064   20612 watch.go:40] Failed to load config from "c:\\Users\\NEW USER\\Desktop\\download (2)\\dataconnect": could not find dataconnect.yaml in `c:\Users\NEW USER\Desktop\download (2)\dataconnect`
 {"metadata":{"emulator":{"name":"dataconnect"},"message":"E0608 13:26:04.128064   20612 watch.go:40] Failed to load config from \"c:\\\\Users\\\\NEW USER\\\\Desktop\\\\download (2)\\\\dataconnect\": could not find dataconnect.yaml in `c:\\Users\\NEW USER\\Desktop\\download (2)\\dataconnect`\n"}}
[debug] [2026-06-08T12:26:14.128Z] E0608 13:26:14.128345   20612 watch.go:40] Failed to load config from "c:\\Users\\NEW USER\\Desktop\\download (2)\\dataconnect": could not find dataconnect.yaml in `c:\Users\NEW USER\Desktop\download (2)\dataconnect`
 {"metadata":{"emulator":{"name":"dataconnect"},"message":"E0608 13:26:14.128345   20612 watch.go:40] Failed to load config from \"c:\\\\Users\\\\NEW USER\\\\Desktop\\\\download (2)\\\\dataconnect\": could not find dataconnect.yaml in `c:\\Users\\NEW USER\\Desktop\\download (2)\\dataconnect`\n"}}
[debug] [2026-06-08T12:26:24.128Z] E0608 13:26:24.128382   20612 watch.go:40] Failed to load config from "c:\\Users\\NEW USER\\Desktop\\download (2)\\dataconnect": could not find dataconnect.yaml in `c:\Users\NEW USER\Desktop\download (2)\dataconnect`
 {"metadata":{"emulator":{"name":"dataconnect"},"message":"E0608 13:26:24.128382   20612 watch.go:40] Failed to load config from \"c:\\\\Users\\\\NEW USER\\\\Desktop\\\\download (2)\\\\dataconnect\": could not find dataconnect.yaml in `c:\\Users\\NEW USER\\Desktop\\download (2)\\dataconnect`\n"}}
[debug] [2026-06-08T12:26:34.130Z] E0608 13:26:34.130430   20612 watch.go:40] Failed to load config from "c:\\Users\\NEW USER\\Desktop\\download (2)\\dataconnect": could not find dataconnect.yaml in `c:\Users\NEW USER\Desktop\download (2)\dataconnect`
 {"metadata":{"emulator":{"name":"dataconnect"},"message":"E0608 13:26:34.130430   20612 watch.go:40] Failed to load config from \"c:\\\\Users\\\\NEW USER\\\\Desktop\\\\download (2)\\\\dataconnect\": could not find dataconnect.yaml in `c:\\Users\\NEW USER\\Desktop\\download (2)\\dataconnect`\n"}}
[debug] [2026-06-08T12:26:44.128Z] E0608 13:26:44.128064   20612 watch.go:40] Failed to load config from "c:\\Users\\NEW USER\\Desktop\\download (2)\\dataconnect": could not find dataconnect.yaml in `c:\Users\NEW USER\Desktop\download (2)\dataconnect`
 {"metadata":{"emulator":{"name":"dataconnect"},"message":"E0608 13:26:44.128064   20612 watch.go:40] Failed to load config from \"c:\\\\Users\\\\NEW USER\\\\Desktop\\\\download (2)\\\\dataconnect\": could not find dataconnect.yaml in `c:\\Users\\NEW USER\\Desktop\\download (2)\\dataconnect`\n"}}
[debug] [2026-06-08T12:26:54.129Z] E0608 13:26:54.128341   20612 watch.go:40] Failed to load config from "c:\\Users\\NEW USER\\Desktop\\download (2)\\dataconnect": could not find dataconnect.yaml in `c:\Users\NEW USER\Desktop\download (2)\dataconnect`
 {"metadata":{"emulator":{"name":"dataconnect"},"message":"E0608 13:26:54.128341   20612 watch.go:40] Failed to load config from \"c:\\\\Users\\\\NEW USER\\\\Desktop\\\\download (2)\\\\dataconnect\": could not find dataconnect.yaml in `c:\\Users\\NEW USER\\Desktop\\download (2)\\dataconnect`\n"}}
[debug] [2026-06-08T12:27:04.129Z] E0608 13:27:04.128410   20612 watch.go:116] watchAllDir unable to walk dir `c:\Users\NEW USER\Desktop\download (2)\dataconnect`: GetFileAttributesEx c:\Users\NEW USER\Desktop\download (2)\dataconnect: The system cannot find the file specified.
E0608 13:27:04.129237   20612 watch.go:40] Failed to load config from "c:\\Users\\NEW USER\\Desktop\\download (2)\\dataconnect": could not find dataconnect.yaml in `c:\Users\NEW USER\Desktop\download (2)\dataconnect`
 {"metadata":{"emulator":{"name":"dataconnect"},"message":"E0608 13:27:04.128410   20612 watch.go:116] watchAllDir unable to walk dir `c:\\Users\\NEW USER\\Desktop\\download (2)\\dataconnect`: GetFileAttributesEx c:\\Users\\NEW USER\\Desktop\\download (2)\\dataconnect: The system cannot find the file specified.\nE0608 13:27:04.129237   20612 watch.go:40] Failed to load config from \"c:\\\\Users\\\\NEW USER\\\\Desktop\\\\download (2)\\\\dataconnect\": could not find dataconnect.yaml in `c:\\Users\\NEW USER\\Desktop\\download (2)\\dataconnect`\n"}}
[debug] [2026-06-08T12:27:14.128Z] E0608 13:27:14.128852   20612 watch.go:40] Failed to load config from "c:\\Users\\NEW USER\\Desktop\\download (2)\\dataconnect": could not find dataconnect.yaml in `c:\Users\NEW USER\Desktop\download (2)\dataconnect`
 {"metadata":{"emulator":{"name":"dataconnect"},"message":"E0608 13:27:14.128852   20612 watch.go:40] Failed to load config from \"c:\\\\Users\\\\NEW USER\\\\Desktop\\\\download (2)\\\\dataconnect\": could not find dataconnect.yaml in `c:\\Users\\NEW USER\\Desktop\\download (2)\\dataconnect`\n"}}
[debug] [2026-06-08T12:27:24.129Z] E0608 13:27:24.129391   20612 watch.go:40] Failed to load config from "c:\\Users\\NEW USER\\Desktop\\download (2)\\dataconnect": could not find dataconnect.yaml in `c:\Users\NEW USER\Desktop\download (2)\dataconnect`
 {"metadata":{"emulator":{"name":"dataconnect"},"message":"E0608 13:27:24.129391   20612 watch.go:40] Failed to load config from \"c:\\\\Users\\\\NEW USER\\\\Desktop\\\\download (2)\\\\dataconnect\": could not find dataconnect.yaml in `c:\\Users\\NEW USER\\Desktop\\download (2)\\dataconnect`\n"}}
[debug] [2026-06-08T12:27:34.131Z] E0608 13:27:34.130506   20612 watch.go:40] Failed to load config from "c:\\Users\\NEW USER\\Desktop\\download (2)\\dataconnect": could not find dataconnect.yaml in `c:\Users\NEW USER\Desktop\download (2)\dataconnect`
 {"metadata":{"emulator":{"name":"dataconnect"},"message":"E0608 13:27:34.130506   20612 watch.go:40] Failed to load config from \"c:\\\\Users\\\\NEW USER\\\\Desktop\\\\download (2)\\\\dataconnect\": could not find dataconnect.yaml in `c:\\Users\\NEW USER\\Desktop\\download (2)\\dataconnect`\n"}}
[debug] [2026-06-08T12:27:44.130Z] E0608 13:27:44.129785   20612 watch.go:40] Failed to load config from "c:\\Users\\NEW USER\\Desktop\\download (2)\\dataconnect": could not find dataconnect.yaml in `c:\Users\NEW USER\Desktop\download (2)\dataconnect`
 {"metadata":{"emulator":{"name":"dataconnect"},"message":"E0608 13:27:44.129785   20612 watch.go:40] Failed to load config from \"c:\\\\Users\\\\NEW USER\\\\Desktop\\\\download (2)\\\\dataconnect\": could not find dataconnect.yaml in `c:\\Users\\NEW USER\\Desktop\\download (2)\\dataconnect`\n"}}
[debug] [2026-06-08T12:27:54.128Z] E0608 13:27:54.128779   20612 watch.go:40] Failed to load config from "c:\\Users\\NEW USER\\Desktop\\download (2)\\dataconnect": could not find dataconnect.yaml in `c:\Users\NEW USER\Desktop\download (2)\dataconnect`
 {"metadata":{"emulator":{"name":"dataconnect"},"message":"E0608 13:27:54.128779   20612 watch.go:40] Failed to load config from \"c:\\\\Users\\\\NEW USER\\\\Desktop\\\\download (2)\\\\dataconnect\": could not find dataconnect.yaml in `c:\\Users\\NEW USER\\Desktop\\download (2)\\dataconnect`\n"}}
[debug] [2026-06-08T12:28:04.129Z] E0608 13:28:04.128840   20612 watch.go:116] watchAllDir unable to walk dir `c:\Users\NEW USER\Desktop\download (2)\dataconnect`: GetFileAttributesEx c:\Users\NEW USER\Desktop\download (2)\dataconnect: The system cannot find the file specified.
 {"metadata":{"emulator":{"name":"dataconnect"},"message":"E0608 13:28:04.128840   20612 watch.go:116] watchAllDir unable to walk dir `c:\\Users\\NEW USER\\Desktop\\download (2)\\dataconnect`: GetFileAttributesEx c:\\Users\\NEW USER\\Desktop\\download (2)\\dataconnect: The system cannot find the file specified.\n"}}
[debug] [2026-06-08T12:28:04.131Z] E0608 13:28:04.129464   20612 watch.go:40] Failed to load config from "c:\\Users\\NEW USER\\Desktop\\download (2)\\dataconnect": could not find dataconnect.yaml in `c:\Users\NEW USER\Desktop\download (2)\dataconnect`
 {"metadata":{"emulator":{"name":"dataconnect"},"message":"E0608 13:28:04.129464   20612 watch.go:40] Failed to load config from \"c:\\\\Users\\\\NEW USER\\\\Desktop\\\\download (2)\\\\dataconnect\": could not find dataconnect.yaml in `c:\\Users\\NEW USER\\Desktop\\download (2)\\dataconnect`\n"}}
[debug] [2026-06-08T12:28:14.130Z] E0608 13:28:14.129927   20612 watch.go:40] Failed to load config from "c:\\Users\\NEW USER\\Desktop\\download (2)\\dataconnect": could not find dataconnect.yaml in `c:\Users\NEW USER\Desktop\download (2)\dataconnect`
 {"metadata":{"emulator":{"name":"dataconnect"},"message":"E0608 13:28:14.129927   20612 watch.go:40] Failed to load config from \"c:\\\\Users\\\\NEW USER\\\\Desktop\\\\download (2)\\\\dataconnect\": could not find dataconnect.yaml in `c:\\Users\\NEW USER\\Desktop\\download (2)\\dataconnect`\n"}}
[debug] [2026-06-08T12:28:24.130Z] E0608 13:28:24.129607   20612 watch.go:40] Failed to load config from "c:\\Users\\NEW USER\\Desktop\\download (2)\\dataconnect": could not find dataconnect.yaml in `c:\Users\NEW USER\Desktop\download (2)\dataconnect`
 {"metadata":{"emulator":{"name":"dataconnect"},"message":"E0608 13:28:24.129607   20612 watch.go:40] Failed to load config from \"c:\\\\Users\\\\NEW USER\\\\Desktop\\\\download (2)\\\\dataconnect\": could not find dataconnect.yaml in `c:\\Users\\NEW USER\\Desktop\\download (2)\\dataconnect`\n"}}
[debug] [2026-06-08T12:28:34.128Z] E0608 13:28:34.128074   20612 watch.go:40] Failed to load config from "c:\\Users\\NEW USER\\Desktop\\download (2)\\dataconnect": could not find dataconnect.yaml in `c:\Users\NEW USER\Desktop\download (2)\dataconnect`
 {"metadata":{"emulator":{"name":"dataconnect"},"message":"E0608 13:28:34.128074   20612 watch.go:40] Failed to load config from \"c:\\\\Users\\\\NEW USER\\\\Desktop\\\\download (2)\\\\dataconnect\": could not find dataconnect.yaml in `c:\\Users\\NEW USER\\Desktop\\download (2)\\dataconnect`\n"}}
[debug] [2026-06-08T12:28:44.129Z] E0608 13:28:44.128432   20612 watch.go:40] Failed to load config from "c:\\Users\\NEW USER\\Desktop\\download (2)\\dataconnect": could not find dataconnect.yaml in `c:\Users\NEW USER\Desktop\download (2)\dataconnect`
 {"metadata":{"emulator":{"name":"dataconnect"},"message":"E0608 13:28:44.128432   20612 watch.go:40] Failed to load config from \"c:\\\\Users\\\\NEW USER\\\\Desktop\\\\download (2)\\\\dataconnect\": could not find dataconnect.yaml in `c:\\Users\\NEW USER\\Desktop\\download (2)\\dataconnect`\n"}}
[debug] [2026-06-08T12:28:54.128Z] E0608 13:28:54.128381   20612 watch.go:40] Failed to load config from "c:\\Users\\NEW USER\\Desktop\\download (2)\\dataconnect": could not find dataconnect.yaml in `c:\Users\NEW USER\Desktop\download (2)\dataconnect`
 {"metadata":{"emulator":{"name":"dataconnect"},"message":"E0608 13:28:54.128381   20612 watch.go:40] Failed to load config from \"c:\\\\Users\\\\NEW USER\\\\Desktop\\\\download (2)\\\\dataconnect\": could not find dataconnect.yaml in `c:\\Users\\NEW USER\\Desktop\\download (2)\\dataconnect`\n"}}
[debug] [2026-06-08T12:29:04.128Z] E0608 13:29:04.128689   20612 watch.go:116] watchAllDir unable to walk dir `c:\Users\NEW USER\Desktop\download (2)\dataconnect`: GetFileAttributesEx c:\Users\NEW USER\Desktop\download (2)\dataconnect: The system cannot find the file specified.
 {"metadata":{"emulator":{"name":"dataconnect"},"message":"E0608 13:29:04.128689   20612 watch.go:116] watchAllDir unable to walk dir `c:\\Users\\NEW USER\\Desktop\\download (2)\\dataconnect`: GetFileAttributesEx c:\\Users\\NEW USER\\Desktop\\download (2)\\dataconnect: The system cannot find the file specified.\n"}}
[debug] [2026-06-08T12:29:04.129Z] E0608 13:29:04.128689   20612 watch.go:40] Failed to load config from "c:\\Users\\NEW USER\\Desktop\\download (2)\\dataconnect": could not find dataconnect.yaml in `c:\Users\NEW USER\Desktop\download (2)\dataconnect`
 {"metadata":{"emulator":{"name":"dataconnect"},"message":"E0608 13:29:04.128689   20612 watch.go:40] Failed to load config from \"c:\\\\Users\\\\NEW USER\\\\Desktop\\\\download (2)\\\\dataconnect\": could not find dataconnect.yaml in `c:\\Users\\NEW USER\\Desktop\\download (2)\\dataconnect`\n"}}
[debug] [2026-06-08T12:29:14.128Z] E0608 13:29:14.128470   20612 watch.go:40] Failed to load config from "c:\\Users\\NEW USER\\Desktop\\download (2)\\dataconnect": could not find dataconnect.yaml in `c:\Users\NEW USER\Desktop\download (2)\dataconnect`
 {"metadata":{"emulator":{"name":"dataconnect"},"message":"E0608 13:29:14.128470   20612 watch.go:40] Failed to load config from \"c:\\\\Users\\\\NEW USER\\\\Desktop\\\\download (2)\\\\dataconnect\": could not find dataconnect.yaml in `c:\\Users\\NEW USER\\Desktop\\download (2)\\dataconnect`\n"}}
[debug] [2026-06-08T12:29:24.128Z] E0608 13:29:24.128478   20612 watch.go:40] Failed to load config from "c:\\Users\\NEW USER\\Desktop\\download (2)\\dataconnect": could not find dataconnect.yaml in `c:\Users\NEW USER\Desktop\download (2)\dataconnect`
 {"metadata":{"emulator":{"name":"dataconnect"},"message":"E0608 13:29:24.128478   20612 watch.go:40] Failed to load config from \"c:\\\\Users\\\\NEW USER\\\\Desktop\\\\download (2)\\\\dataconnect\": could not find dataconnect.yaml in `c:\\Users\\NEW USER\\Desktop\\download (2)\\dataconnect`\n"}}
[debug] [2026-06-08T12:29:34.128Z] E0608 13:29:34.128532   20612 watch.go:40] Failed to load config from "c:\\Users\\NEW USER\\Desktop\\download (2)\\dataconnect": could not find dataconnect.yaml in `c:\Users\NEW USER\Desktop\download (2)\dataconnect`
 {"metadata":{"emulator":{"name":"dataconnect"},"message":"E0608 13:29:34.128532   20612 watch.go:40] Failed to load config from \"c:\\\\Users\\\\NEW USER\\\\Desktop\\\\download (2)\\\\dataconnect\": could not find dataconnect.yaml in `c:\\Users\\NEW USER\\Desktop\\download (2)\\dataconnect`\n"}}
[debug] [2026-06-08T12:29:44.128Z] E0608 13:29:44.128588   20612 watch.go:40] Failed to load config from "c:\\Users\\NEW USER\\Desktop\\download (2)\\dataconnect": could not find dataconnect.yaml in `c:\Users\NEW USER\Desktop\download (2)\dataconnect`
 {"metadata":{"emulator":{"name":"dataconnect"},"message":"E0608 13:29:44.128588   20612 watch.go:40] Failed to load config from \"c:\\\\Users\\\\NEW USER\\\\Desktop\\\\download (2)\\\\dataconnect\": could not find dataconnect.yaml in `c:\\Users\\NEW USER\\Desktop\\download (2)\\dataconnect`\n"}}
[debug] [2026-06-08T12:29:54.128Z] E0608 13:29:54.128328   20612 watch.go:40] Failed to load config from "c:\\Users\\NEW USER\\Desktop\\download (2)\\dataconnect": could not find dataconnect.yaml in `c:\Users\NEW USER\Desktop\download (2)\dataconnect`
 {"metadata":{"emulator":{"name":"dataconnect"},"message":"E0608 13:29:54.128328   20612 watch.go:40] Failed to load config from \"c:\\\\Users\\\\NEW USER\\\\Desktop\\\\download (2)\\\\dataconnect\": could not find dataconnect.yaml in `c:\\Users\\NEW USER\\Desktop\\download (2)\\dataconnect`\n"}}
[debug] [2026-06-08T12:30:04.128Z] E0608 13:30:04.128240   20612 watch.go:116] watchAllDir unable to walk dir `c:\Users\NEW USER\Desktop\download (2)\dataconnect`: GetFileAttributesEx c:\Users\NEW USER\Desktop\download (2)\dataconnect: The system cannot find the file specified.
E0608 13:30:04.128240   20612 watch.go:40] Failed to load config from "c:\\Users\\NEW USER\\Desktop\\download (2)\\dataconnect": could not find dataconnect.yaml in `c:\Users\NEW USER\Desktop\download (2)\dataconnect`
 {"metadata":{"emulator":{"name":"dataconnect"},"message":"E0608 13:30:04.128240   20612 watch.go:116] watchAllDir unable to walk dir `c:\\Users\\NEW USER\\Desktop\\download (2)\\dataconnect`: GetFileAttributesEx c:\\Users\\NEW USER\\Desktop\\download (2)\\dataconnect: The system cannot find the file specified.\nE0608 13:30:04.128240   20612 watch.go:40] Failed to load config from \"c:\\\\Users\\\\NEW USER\\\\Desktop\\\\download (2)\\\\dataconnect\": could not find dataconnect.yaml in `c:\\Users\\NEW USER\\Desktop\\download (2)\\dataconnect`\n"}}
[debug] [2026-06-08T12:30:14.129Z] E0608 13:30:14.128620   20612 watch.go:40] Failed to load config from "c:\\Users\\NEW USER\\Desktop\\download (2)\\dataconnect": could not find dataconnect.yaml in `c:\Users\NEW USER\Desktop\download (2)\dataconnect`
 {"metadata":{"emulator":{"name":"dataconnect"},"message":"E0608 13:30:14.128620   20612 watch.go:40] Failed to load config from \"c:\\\\Users\\\\NEW USER\\\\Desktop\\\\download (2)\\\\dataconnect\": could not find dataconnect.yaml in `c:\\Users\\NEW USER\\Desktop\\download (2)\\dataconnect`\n"}}
[debug] [2026-06-08T12:30:24.129Z] E0608 13:30:24.128287   20612 watch.go:40] Failed to load config from "c:\\Users\\NEW USER\\Desktop\\download (2)\\dataconnect": could not find dataconnect.yaml in `c:\Users\NEW USER\Desktop\download (2)\dataconnect`
 {"metadata":{"emulator":{"name":"dataconnect"},"message":"E0608 13:30:24.128287   20612 watch.go:40] Failed to load config from \"c:\\\\Users\\\\NEW USER\\\\Desktop\\\\download (2)\\\\dataconnect\": could not find dataconnect.yaml in `c:\\Users\\NEW USER\\Desktop\\download (2)\\dataconnect`\n"}}
[debug] [2026-06-08T12:30:34.128Z] E0608 13:30:34.128081   20612 watch.go:40] Failed to load config from "c:\\Users\\NEW USER\\Desktop\\download (2)\\dataconnect": could not find dataconnect.yaml in `c:\Users\NEW USER\Desktop\download (2)\dataconnect`
 {"metadata":{"emulator":{"name":"dataconnect"},"message":"E0608 13:30:34.128081   20612 watch.go:40] Failed to load config from \"c:\\\\Users\\\\NEW USER\\\\Desktop\\\\download (2)\\\\dataconnect\": could not find dataconnect.yaml in `c:\\Users\\NEW USER\\Desktop\\download (2)\\dataconnect`\n"}}
[debug] [2026-06-08T12:30:44.128Z] E0608 13:30:44.128441   20612 watch.go:40] Failed to load config from "c:\\Users\\NEW USER\\Desktop\\download (2)\\dataconnect": could not find dataconnect.yaml in `c:\Users\NEW USER\Desktop\download (2)\dataconnect`
 {"metadata":{"emulator":{"name":"dataconnect"},"message":"E0608 13:30:44.128441   20612 watch.go:40] Failed to load config from \"c:\\\\Users\\\\NEW USER\\\\Desktop\\\\download (2)\\\\dataconnect\": could not find dataconnect.yaml in `c:\\Users\\NEW USER\\Desktop\\download (2)\\dataconnect`\n"}}
[debug] [2026-06-08T12:30:54.128Z] E0608 13:30:54.128121   20612 watch.go:40] Failed to load config from "c:\\Users\\NEW USER\\Desktop\\download (2)\\dataconnect": could not find dataconnect.yaml in `c:\Users\NEW USER\Desktop\download (2)\dataconnect`
 {"metadata":{"emulator":{"name":"dataconnect"},"message":"E0608 13:30:54.128121   20612 watch.go:40] Failed to load config from \"c:\\\\Users\\\\NEW USER\\\\Desktop\\\\download (2)\\\\dataconnect\": could not find dataconnect.yaml in `c:\\Users\\NEW USER\\Desktop\\download (2)\\dataconnect`\n"}}
[debug] [2026-06-08T12:31:04.129Z] E0608 13:31:04.128888   20612 watch.go:116] watchAllDir unable to walk dir `c:\Users\NEW USER\Desktop\download (2)\dataconnect`: GetFileAttributesEx c:\Users\NEW USER\Desktop\download (2)\dataconnect: The system cannot find the file specified.
 {"metadata":{"emulator":{"name":"dataconnect"},"message":"E0608 13:31:04.128888   20612 watch.go:116] watchAllDir unable to walk dir `c:\\Users\\NEW USER\\Desktop\\download (2)\\dataconnect`: GetFileAttributesEx c:\\Users\\NEW USER\\Desktop\\download (2)\\dataconnect: The system cannot find the file specified.\n"}}
[debug] [2026-06-08T12:31:04.134Z] E0608 13:31:04.129871   20612 watch.go:40] Failed to load config from "c:\\Users\\NEW USER\\Desktop\\download (2)\\dataconnect": could not find dataconnect.yaml in `c:\Users\NEW USER\Desktop\download (2)\dataconnect`
 {"metadata":{"emulator":{"name":"dataconnect"},"message":"E0608 13:31:04.129871   20612 watch.go:40] Failed to load config from \"c:\\\\Users\\\\NEW USER\\\\Desktop\\\\download (2)\\\\dataconnect\": could not find dataconnect.yaml in `c:\\Users\\NEW USER\\Desktop\\download (2)\\dataconnect`\n"}}
[debug] [2026-06-08T12:31:14.129Z] E0608 13:31:14.128737   20612 watch.go:40] Failed to load config from "c:\\Users\\NEW USER\\Desktop\\download (2)\\dataconnect": could not find dataconnect.yaml in `c:\Users\NEW USER\Desktop\download (2)\dataconnect`
 {"metadata":{"emulator":{"name":"dataconnect"},"message":"E0608 13:31:14.128737   20612 watch.go:40] Failed to load config from \"c:\\\\Users\\\\NEW USER\\\\Desktop\\\\download (2)\\\\dataconnect\": could not find dataconnect.yaml in `c:\\Users\\NEW USER\\Desktop\\download (2)\\dataconnect`\n"}}
[debug] [2026-06-08T12:31:24.129Z] E0608 13:31:24.129422   20612 watch.go:40] Failed to load config from "c:\\Users\\NEW USER\\Desktop\\download (2)\\dataconnect": could not find dataconnect.yaml in `c:\Users\NEW USER\Desktop\download (2)\dataconnect`
 {"metadata":{"emulator":{"name":"dataconnect"},"message":"E0608 13:31:24.129422   20612 watch.go:40] Failed to load config from \"c:\\\\Users\\\\NEW USER\\\\Desktop\\\\download (2)\\\\dataconnect\": could not find dataconnect.yaml in `c:\\Users\\NEW USER\\Desktop\\download (2)\\dataconnect`\n"}}
[debug] [2026-06-08T12:31:34.130Z] E0608 13:31:34.129819   20612 watch.go:40] Failed to load config from "c:\\Users\\NEW USER\\Desktop\\download (2)\\dataconnect": could not find dataconnect.yaml in `c:\Users\NEW USER\Desktop\download (2)\dataconnect`
 {"metadata":{"emulator":{"name":"dataconnect"},"message":"E0608 13:31:34.129819   20612 watch.go:40] Failed to load config from \"c:\\\\Users\\\\NEW USER\\\\Desktop\\\\download (2)\\\\dataconnect\": could not find dataconnect.yaml in `c:\\Users\\NEW USER\\Desktop\\download (2)\\dataconnect`\n"}}
[debug] [2026-06-08T12:31:44.129Z] E0608 13:31:44.128721   20612 watch.go:40] Failed to load config from "c:\\Users\\NEW USER\\Desktop\\download (2)\\dataconnect": could not find dataconnect.yaml in `c:\Users\NEW USER\Desktop\download (2)\dataconnect`
 {"metadata":{"emulator":{"name":"dataconnect"},"message":"E0608 13:31:44.128721   20612 watch.go:40] Failed to load config from \"c:\\\\Users\\\\NEW USER\\\\Desktop\\\\download (2)\\\\dataconnect\": could not find dataconnect.yaml in `c:\\Users\\NEW USER\\Desktop\\download (2)\\dataconnect`\n"}}
[debug] [2026-06-08T12:31:54.131Z] E0608 13:31:54.129974   20612 watch.go:40] Failed to load config from "c:\\Users\\NEW USER\\Desktop\\download (2)\\dataconnect": could not find dataconnect.yaml in `c:\Users\NEW USER\Desktop\download (2)\dataconnect`
 {"metadata":{"emulator":{"name":"dataconnect"},"message":"E0608 13:31:54.129974   20612 watch.go:40] Failed to load config from \"c:\\\\Users\\\\NEW USER\\\\Desktop\\\\download (2)\\\\dataconnect\": could not find dataconnect.yaml in `c:\\Users\\NEW USER\\Desktop\\download (2)\\dataconnect`\n"}}
[debug] [2026-06-08T12:32:04.129Z] E0608 13:32:04.128427   20612 watch.go:116] watchAllDir unable to walk dir `c:\Users\NEW USER\Desktop\download (2)\dataconnect`: GetFileAttributesEx c:\Users\NEW USER\Desktop\download (2)\dataconnect: The system cannot find the file specified.
 {"metadata":{"emulator":{"name":"dataconnect"},"message":"E0608 13:32:04.128427   20612 watch.go:116] watchAllDir unable to walk dir `c:\\Users\\NEW USER\\Desktop\\download (2)\\dataconnect`: GetFileAttributesEx c:\\Users\\NEW USER\\Desktop\\download (2)\\dataconnect: The system cannot find the file specified.\n"}}
[debug] [2026-06-08T12:32:04.131Z] E0608 13:32:04.129065   20612 watch.go:40] Failed to load config from "c:\\Users\\NEW USER\\Desktop\\download (2)\\dataconnect": could not find dataconnect.yaml in `c:\Users\NEW USER\Desktop\download (2)\dataconnect`
 {"metadata":{"emulator":{"name":"dataconnect"},"message":"E0608 13:32:04.129065   20612 watch.go:40] Failed to load config from \"c:\\\\Users\\\\NEW USER\\\\Desktop\\\\download (2)\\\\dataconnect\": could not find dataconnect.yaml in `c:\\Users\\NEW USER\\Desktop\\download (2)\\dataconnect`\n"}}
[debug] [2026-06-08T12:32:14.130Z] E0608 13:32:14.129654   20612 watch.go:40] Failed to load config from "c:\\Users\\NEW USER\\Desktop\\download (2)\\dataconnect": could not find dataconnect.yaml in `c:\Users\NEW USER\Desktop\download (2)\dataconnect`
 {"metadata":{"emulator":{"name":"dataconnect"},"message":"E0608 13:32:14.129654   20612 watch.go:40] Failed to load config from \"c:\\\\Users\\\\NEW USER\\\\Desktop\\\\download (2)\\\\dataconnect\": could not find dataconnect.yaml in `c:\\Users\\NEW USER\\Desktop\\download (2)\\dataconnect`\n"}}
[debug] [2026-06-08T12:32:24.130Z] E0608 13:32:24.129771   20612 watch.go:40] Failed to load config from "c:\\Users\\NEW USER\\Desktop\\download (2)\\dataconnect": could not find dataconnect.yaml in `c:\Users\NEW USER\Desktop\download (2)\dataconnect`
 {"metadata":{"emulator":{"name":"dataconnect"},"message":"E0608 13:32:24.129771   20612 watch.go:40] Failed to load config from \"c:\\\\Users\\\\NEW USER\\\\Desktop\\\\download (2)\\\\dataconnect\": could not find dataconnect.yaml in `c:\\Users\\NEW USER\\Desktop\\download (2)\\dataconnect`\n"}}
[debug] [2026-06-08T12:32:34.129Z] E0608 13:32:34.129636   20612 watch.go:40] Failed to load config from "c:\\Users\\NEW USER\\Desktop\\download (2)\\dataconnect": could not find dataconnect.yaml in `c:\Users\NEW USER\Desktop\download (2)\dataconnect`
 {"metadata":{"emulator":{"name":"dataconnect"},"message":"E0608 13:32:34.129636   20612 watch.go:40] Failed to load config from \"c:\\\\Users\\\\NEW USER\\\\Desktop\\\\download (2)\\\\dataconnect\": could not find dataconnect.yaml in `c:\\Users\\NEW USER\\Desktop\\download (2)\\dataconnect`\n"}}
[debug] [2026-06-08T12:32:44.129Z] E0608 13:32:44.128672   20612 watch.go:40] Failed to load config from "c:\\Users\\NEW USER\\Desktop\\download (2)\\dataconnect": could not find dataconnect.yaml in `c:\Users\NEW USER\Desktop\download (2)\dataconnect`
 {"metadata":{"emulator":{"name":"dataconnect"},"message":"E0608 13:32:44.128672   20612 watch.go:40] Failed to load config from \"c:\\\\Users\\\\NEW USER\\\\Desktop\\\\download (2)\\\\dataconnect\": could not find dataconnect.yaml in `c:\\Users\\NEW USER\\Desktop\\download (2)\\dataconnect`\n"}}
[debug] [2026-06-08T12:32:54.130Z] E0608 13:32:54.129995   20612 watch.go:40] Failed to load config from "c:\\Users\\NEW USER\\Desktop\\download (2)\\dataconnect": could not find dataconnect.yaml in `c:\Users\NEW USER\Desktop\download (2)\dataconnect`
 {"metadata":{"emulator":{"name":"dataconnect"},"message":"E0608 13:32:54.129995   20612 watch.go:40] Failed to load config from \"c:\\\\Users\\\\NEW USER\\\\Desktop\\\\download (2)\\\\dataconnect\": could not find dataconnect.yaml in `c:\\Users\\NEW USER\\Desktop\\download (2)\\dataconnect`\n"}}
[debug] [2026-06-08T12:33:04.127Z] E0608 13:33:04.128135   20612 watch.go:116] watchAllDir unable to walk dir `c:\Users\NEW USER\Desktop\download (2)\dataconnect`: GetFileAttributesEx c:\Users\NEW USER\Desktop\download (2)\dataconnect: The system cannot find the file specified.
 {"metadata":{"emulator":{"name":"dataconnect"},"message":"E0608 13:33:04.128135   20612 watch.go:116] watchAllDir unable to walk dir `c:\\Users\\NEW USER\\Desktop\\download (2)\\dataconnect`: GetFileAttributesEx c:\\Users\\NEW USER\\Desktop\\download (2)\\dataconnect: The system cannot find the file specified.\n"}}
[debug] [2026-06-08T12:33:04.128Z] E0608 13:33:04.128135   20612 watch.go:40] Failed to load config from "c:\\Users\\NEW USER\\Desktop\\download (2)\\dataconnect": could not find dataconnect.yaml in `c:\Users\NEW USER\Desktop\download (2)\dataconnect`
 {"metadata":{"emulator":{"name":"dataconnect"},"message":"E0608 13:33:04.128135   20612 watch.go:40] Failed to load config from \"c:\\\\Users\\\\NEW USER\\\\Desktop\\\\download (2)\\\\dataconnect\": could not find dataconnect.yaml in `c:\\Users\\NEW USER\\Desktop\\download (2)\\dataconnect`\n"}}
[debug] [2026-06-08T12:33:14.128Z] E0608 13:33:14.128568   20612 watch.go:40] Failed to load config from "c:\\Users\\NEW USER\\Desktop\\download (2)\\dataconnect": could not find dataconnect.yaml in `c:\Users\NEW USER\Desktop\download (2)\dataconnect`
 {"metadata":{"emulator":{"name":"dataconnect"},"message":"E0608 13:33:14.128568   20612 watch.go:40] Failed to load config from \"c:\\\\Users\\\\NEW USER\\\\Desktop\\\\download (2)\\\\dataconnect\": could not find dataconnect.yaml in `c:\\Users\\NEW USER\\Desktop\\download (2)\\dataconnect`\n"}}
[debug] [2026-06-08T12:33:24.129Z] E0608 13:33:24.129064   20612 watch.go:40] Failed to load config from "c:\\Users\\NEW USER\\Desktop\\download (2)\\dataconnect": could not find dataconnect.yaml in `c:\Users\NEW USER\Desktop\download (2)\dataconnect`
 {"metadata":{"emulator":{"name":"dataconnect"},"message":"E0608 13:33:24.129064   20612 watch.go:40] Failed to load config from \"c:\\\\Users\\\\NEW USER\\\\Desktop\\\\download (2)\\\\dataconnect\": could not find dataconnect.yaml in `c:\\Users\\NEW USER\\Desktop\\download (2)\\dataconnect`\n"}}
[debug] [2026-06-08T12:33:34.129Z] E0608 13:33:34.129047   20612 watch.go:40] Failed to load config from "c:\\Users\\NEW USER\\Desktop\\download (2)\\dataconnect": could not find dataconnect.yaml in `c:\Users\NEW USER\Desktop\download (2)\dataconnect`
 {"metadata":{"emulator":{"name":"dataconnect"},"message":"E0608 13:33:34.129047   20612 watch.go:40] Failed to load config from \"c:\\\\Users\\\\NEW USER\\\\Desktop\\\\download (2)\\\\dataconnect\": could not find dataconnect.yaml in `c:\\Users\\NEW USER\\Desktop\\download (2)\\dataconnect`\n"}}
[debug] [2026-06-08T12:33:44.130Z] E0608 13:33:44.129756   20612 watch.go:40] Failed to load config from "c:\\Users\\NEW USER\\Desktop\\download (2)\\dataconnect": could not find dataconnect.yaml in `c:\Users\NEW USER\Desktop\download (2)\dataconnect`
 {"metadata":{"emulator":{"name":"dataconnect"},"message":"E0608 13:33:44.129756   20612 watch.go:40] Failed to load config from \"c:\\\\Users\\\\NEW USER\\\\Desktop\\\\download (2)\\\\dataconnect\": could not find dataconnect.yaml in `c:\\Users\\NEW USER\\Desktop\\download (2)\\dataconnect`\n"}}
[debug] [2026-06-08T12:33:54.130Z] E0608 13:33:54.129430   20612 watch.go:40] Failed to load config from "c:\\Users\\NEW USER\\Desktop\\download (2)\\dataconnect": could not find dataconnect.yaml in `c:\Users\NEW USER\Desktop\download (2)\dataconnect`
 {"metadata":{"emulator":{"name":"dataconnect"},"message":"E0608 13:33:54.129430   20612 watch.go:40] Failed to load config from \"c:\\\\Users\\\\NEW USER\\\\Desktop\\\\download (2)\\\\dataconnect\": could not find dataconnect.yaml in `c:\\Users\\NEW USER\\Desktop\\download (2)\\dataconnect`\n"}}
[debug] [2026-06-08T12:34:04.129Z] E0608 13:34:04.128488   20612 watch.go:116] watchAllDir unable to walk dir `c:\Users\NEW USER\Desktop\download (2)\dataconnect`: GetFileAttributesEx c:\Users\NEW USER\Desktop\download (2)\dataconnect: The system cannot find the file specified.
 {"metadata":{"emulator":{"name":"dataconnect"},"message":"E0608 13:34:04.128488   20612 watch.go:116] watchAllDir unable to walk dir `c:\\Users\\NEW USER\\Desktop\\download (2)\\dataconnect`: GetFileAttributesEx c:\\Users\\NEW USER\\Desktop\\download (2)\\dataconnect: The system cannot find the file specified.\n"}}
[debug] [2026-06-08T12:34:04.129Z] E0608 13:34:04.128488   20612 watch.go:40] Failed to load config from "c:\\Users\\NEW USER\\Desktop\\download (2)\\dataconnect": could not find dataconnect.yaml in `c:\Users\NEW USER\Desktop\download (2)\dataconnect`
 {"metadata":{"emulator":{"name":"dataconnect"},"message":"E0608 13:34:04.128488   20612 watch.go:40] Failed to load config from \"c:\\\\Users\\\\NEW USER\\\\Desktop\\\\download (2)\\\\dataconnect\": could not find dataconnect.yaml in `c:\\Users\\NEW USER\\Desktop\\download (2)\\dataconnect`\n"}}
[debug] [2026-06-08T12:34:14.130Z] E0608 13:34:14.130023   20612 watch.go:40] Failed to load config from "c:\\Users\\NEW USER\\Desktop\\download (2)\\dataconnect": could not find dataconnect.yaml in `c:\Users\NEW USER\Desktop\download (2)\dataconnect`
 {"metadata":{"emulator":{"name":"dataconnect"},"message":"E0608 13:34:14.130023   20612 watch.go:40] Failed to load config from \"c:\\\\Users\\\\NEW USER\\\\Desktop\\\\download (2)\\\\dataconnect\": could not find dataconnect.yaml in `c:\\Users\\NEW USER\\Desktop\\download (2)\\dataconnect`\n"}}
[debug] [2026-06-08T12:34:24.130Z] E0608 13:34:24.129315   20612 watch.go:40] Failed to load config from "c:\\Users\\NEW USER\\Desktop\\download (2)\\dataconnect": could not find dataconnect.yaml in `c:\Users\NEW USER\Desktop\download (2)\dataconnect`
 {"metadata":{"emulator":{"name":"dataconnect"},"message":"E0608 13:34:24.129315   20612 watch.go:40] Failed to load config from \"c:\\\\Users\\\\NEW USER\\\\Desktop\\\\download (2)\\\\dataconnect\": could not find dataconnect.yaml in `c:\\Users\\NEW USER\\Desktop\\download (2)\\dataconnect`\n"}}
[debug] [2026-06-08T12:34:34.129Z] E0608 13:34:34.129471   20612 watch.go:40] Failed to load config from "c:\\Users\\NEW USER\\Desktop\\download (2)\\dataconnect": could not find dataconnect.yaml in `c:\Users\NEW USER\Desktop\download (2)\dataconnect`
 {"metadata":{"emulator":{"name":"dataconnect"},"message":"E0608 13:34:34.129471   20612 watch.go:40] Failed to load config from \"c:\\\\Users\\\\NEW USER\\\\Desktop\\\\download (2)\\\\dataconnect\": could not find dataconnect.yaml in `c:\\Users\\NEW USER\\Desktop\\download (2)\\dataconnect`\n"}}
[debug] [2026-06-08T12:34:44.130Z] E0608 13:34:44.129456   20612 watch.go:40] Failed to load config from "c:\\Users\\NEW USER\\Desktop\\download (2)\\dataconnect": could not find dataconnect.yaml in `c:\Users\NEW USER\Desktop\download (2)\dataconnect`
 {"metadata":{"emulator":{"name":"dataconnect"},"message":"E0608 13:34:44.129456   20612 watch.go:40] Failed to load config from \"c:\\\\Users\\\\NEW USER\\\\Desktop\\\\download (2)\\\\dataconnect\": could not find dataconnect.yaml in `c:\\Users\\NEW USER\\Desktop\\download (2)\\dataconnect`\n"}}
[debug] [2026-06-08T12:34:54.129Z] E0608 13:34:54.128352   20612 watch.go:40] Failed to load config from "c:\\Users\\NEW USER\\Desktop\\download (2)\\dataconnect": could not find dataconnect.yaml in `c:\Users\NEW USER\Desktop\download (2)\dataconnect`
 {"metadata":{"emulator":{"name":"dataconnect"},"message":"E0608 13:34:54.128352   20612 watch.go:40] Failed to load config from \"c:\\\\Users\\\\NEW USER\\\\Desktop\\\\download (2)\\\\dataconnect\": could not find dataconnect.yaml in `c:\\Users\\NEW USER\\Desktop\\download (2)\\dataconnect`\n"}}
[debug] [2026-06-08T12:35:04.130Z] E0608 13:35:04.128757   20612 watch.go:116] watchAllDir unable to walk dir `c:\Users\NEW USER\Desktop\download (2)\dataconnect`: GetFileAttributesEx c:\Users\NEW USER\Desktop\download (2)\dataconnect: The system cannot find the file specified.
 {"metadata":{"emulator":{"name":"dataconnect"},"message":"E0608 13:35:04.128757   20612 watch.go:116] watchAllDir unable to walk dir `c:\\Users\\NEW USER\\Desktop\\download (2)\\dataconnect`: GetFileAttributesEx c:\\Users\\NEW USER\\Desktop\\download (2)\\dataconnect: The system cannot find the file specified.\n"}}
[debug] [2026-06-08T12:35:04.132Z] E0608 13:35:04.129498   20612 watch.go:40] Failed to load config from "c:\\Users\\NEW USER\\Desktop\\download (2)\\dataconnect": could not find dataconnect.yaml in `c:\Users\NEW USER\Desktop\download (2)\dataconnect`
 {"metadata":{"emulator":{"name":"dataconnect"},"message":"E0608 13:35:04.129498   20612 watch.go:40] Failed to load config from \"c:\\\\Users\\\\NEW USER\\\\Desktop\\\\download (2)\\\\dataconnect\": could not find dataconnect.yaml in `c:\\Users\\NEW USER\\Desktop\\download (2)\\dataconnect`\n"}}
[debug] [2026-06-08T12:35:14.130Z] E0608 13:35:14.129743   20612 watch.go:40] Failed to load config from "c:\\Users\\NEW USER\\Desktop\\download (2)\\dataconnect": could not find dataconnect.yaml in `c:\Users\NEW USER\Desktop\download (2)\dataconnect`
 {"metadata":{"emulator":{"name":"dataconnect"},"message":"E0608 13:35:14.129743   20612 watch.go:40] Failed to load config from \"c:\\\\Users\\\\NEW USER\\\\Desktop\\\\download (2)\\\\dataconnect\": could not find dataconnect.yaml in `c:\\Users\\NEW USER\\Desktop\\download (2)\\dataconnect`\n"}}
[debug] [2026-06-08T12:35:24.129Z] E0608 13:35:24.128703   20612 watch.go:40] Failed to load config from "c:\\Users\\NEW USER\\Desktop\\download (2)\\dataconnect": could not find dataconnect.yaml in `c:\Users\NEW USER\Desktop\download (2)\dataconnect`
 {"metadata":{"emulator":{"name":"dataconnect"},"message":"E0608 13:35:24.128703   20612 watch.go:40] Failed to load config from \"c:\\\\Users\\\\NEW USER\\\\Desktop\\\\download (2)\\\\dataconnect\": could not find dataconnect.yaml in `c:\\Users\\NEW USER\\Desktop\\download (2)\\dataconnect`\n"}}
[debug] [2026-06-08T12:35:34.128Z] E0608 13:35:34.128180   20612 watch.go:40] Failed to load config from "c:\\Users\\NEW USER\\Desktop\\download (2)\\dataconnect": could not find dataconnect.yaml in `c:\Users\NEW USER\Desktop\download (2)\dataconnect`
 {"metadata":{"emulator":{"name":"dataconnect"},"message":"E0608 13:35:34.128180   20612 watch.go:40] Failed to load config from \"c:\\\\Users\\\\NEW USER\\\\Desktop\\\\download (2)\\\\dataconnect\": could not find dataconnect.yaml in `c:\\Users\\NEW USER\\Desktop\\download (2)\\dataconnect`\n"}}
[debug] [2026-06-08T12:35:44.129Z] E0608 13:35:44.129038   20612 watch.go:40] Failed to load config from "c:\\Users\\NEW USER\\Desktop\\download (2)\\dataconnect": could not find dataconnect.yaml in `c:\Users\NEW USER\Desktop\download (2)\dataconnect`
 {"metadata":{"emulator":{"name":"dataconnect"},"message":"E0608 13:35:44.129038   20612 watch.go:40] Failed to load config from \"c:\\\\Users\\\\NEW USER\\\\Desktop\\\\download (2)\\\\dataconnect\": could not find dataconnect.yaml in `c:\\Users\\NEW USER\\Desktop\\download (2)\\dataconnect`\n"}}
[debug] [2026-06-08T12:35:54.129Z] E0608 13:35:54.129046   20612 watch.go:40] Failed to load config from "c:\\Users\\NEW USER\\Desktop\\download (2)\\dataconnect": could not find dataconnect.yaml in `c:\Users\NEW USER\Desktop\download (2)\dataconnect`
 {"metadata":{"emulator":{"name":"dataconnect"},"message":"E0608 13:35:54.129046   20612 watch.go:40] Failed to load config from \"c:\\\\Users\\\\NEW USER\\\\Desktop\\\\download (2)\\\\dataconnect\": could not find dataconnect.yaml in `c:\\Users\\NEW USER\\Desktop\\download (2)\\dataconnect`\n"}}
[debug] [2026-06-08T12:36:04.129Z] E0608 13:36:04.128489   20612 watch.go:116] watchAllDir unable to walk dir `c:\Users\NEW USER\Desktop\download (2)\dataconnect`: GetFileAttributesEx c:\Users\NEW USER\Desktop\download (2)\dataconnect: The system cannot find the file specified.
 {"metadata":{"emulator":{"name":"dataconnect"},"message":"E0608 13:36:04.128489   20612 watch.go:116] watchAllDir unable to walk dir `c:\\Users\\NEW USER\\Desktop\\download (2)\\dataconnect`: GetFileAttributesEx c:\\Users\\NEW USER\\Desktop\\download (2)\\dataconnect: The system cannot find the file specified.\n"}}
[debug] [2026-06-08T12:36:04.130Z] E0608 13:36:04.129278   20612 watch.go:40] Failed to load config from "c:\\Users\\NEW USER\\Desktop\\download (2)\\dataconnect": could not find dataconnect.yaml in `c:\Users\NEW USER\Desktop\download (2)\dataconnect`
 {"metadata":{"emulator":{"name":"dataconnect"},"message":"E0608 13:36:04.129278   20612 watch.go:40] Failed to load config from \"c:\\\\Users\\\\NEW USER\\\\Desktop\\\\download (2)\\\\dataconnect\": could not find dataconnect.yaml in `c:\\Users\\NEW USER\\Desktop\\download (2)\\dataconnect`\n"}}
[debug] [2026-06-08T12:36:14.128Z] E0608 13:36:14.128488   20612 watch.go:40] Failed to load config from "c:\\Users\\NEW USER\\Desktop\\download (2)\\dataconnect": could not find dataconnect.yaml in `c:\Users\NEW USER\Desktop\download (2)\dataconnect`
 {"metadata":{"emulator":{"name":"dataconnect"},"message":"E0608 13:36:14.128488   20612 watch.go:40] Failed to load config from \"c:\\\\Users\\\\NEW USER\\\\Desktop\\\\download (2)\\\\dataconnect\": could not find dataconnect.yaml in `c:\\Users\\NEW USER\\Desktop\\download (2)\\dataconnect`\n"}}
[debug] [2026-06-08T12:36:24.128Z] E0608 13:36:24.128328   20612 watch.go:40] Failed to load config from "c:\\Users\\NEW USER\\Desktop\\download (2)\\dataconnect": could not find dataconnect.yaml in `c:\Users\NEW USER\Desktop\download (2)\dataconnect`
 {"metadata":{"emulator":{"name":"dataconnect"},"message":"E0608 13:36:24.128328   20612 watch.go:40] Failed to load config from \"c:\\\\Users\\\\NEW USER\\\\Desktop\\\\download (2)\\\\dataconnect\": could not find dataconnect.yaml in `c:\\Users\\NEW USER\\Desktop\\download (2)\\dataconnect`\n"}}
[debug] [2026-06-08T12:36:34.127Z] E0608 13:36:34.128039   20612 watch.go:40] Failed to load config from "c:\\Users\\NEW USER\\Desktop\\download (2)\\dataconnect": could not find dataconnect.yaml in `c:\Users\NEW USER\Desktop\download (2)\dataconnect`
 {"metadata":{"emulator":{"name":"dataconnect"},"message":"E0608 13:36:34.128039   20612 watch.go:40] Failed to load config from \"c:\\\\Users\\\\NEW USER\\\\Desktop\\\\download (2)\\\\dataconnect\": could not find dataconnect.yaml in `c:\\Users\\NEW USER\\Desktop\\download (2)\\dataconnect`\n"}}
[debug] [2026-06-08T12:36:44.129Z] E0608 13:36:44.128659   20612 watch.go:40] Failed to load config from "c:\\Users\\NEW USER\\Desktop\\download (2)\\dataconnect": could not find dataconnect.yaml in `c:\Users\NEW USER\Desktop\download (2)\dataconnect`
 {"metadata":{"emulator":{"name":"dataconnect"},"message":"E0608 13:36:44.128659   20612 watch.go:40] Failed to load config from \"c:\\\\Users\\\\NEW USER\\\\Desktop\\\\download (2)\\\\dataconnect\": could not find dataconnect.yaml in `c:\\Users\\NEW USER\\Desktop\\download (2)\\dataconnect`\n"}}
[debug] [2026-06-08T12:36:54.130Z] E0608 13:36:54.129487   20612 watch.go:40] Failed to load config from "c:\\Users\\NEW USER\\Desktop\\download (2)\\dataconnect": could not find dataconnect.yaml in `c:\Users\NEW USER\Desktop\download (2)\dataconnect`
 {"metadata":{"emulator":{"name":"dataconnect"},"message":"E0608 13:36:54.129487   20612 watch.go:40] Failed to load config from \"c:\\\\Users\\\\NEW USER\\\\Desktop\\\\download (2)\\\\dataconnect\": could not find dataconnect.yaml in `c:\\Users\\NEW USER\\Desktop\\download (2)\\dataconnect`\n"}}
[debug] [2026-06-08T12:37:04.129Z] E0608 13:37:04.129389   20612 watch.go:116] watchAllDir unable to walk dir `c:\Users\NEW USER\Desktop\download (2)\dataconnect`: GetFileAttributesEx c:\Users\NEW USER\Desktop\download (2)\dataconnect: The system cannot find the file specified.
 {"metadata":{"emulator":{"name":"dataconnect"},"message":"E0608 13:37:04.129389   20612 watch.go:116] watchAllDir unable to walk dir `c:\\Users\\NEW USER\\Desktop\\download (2)\\dataconnect`: GetFileAttributesEx c:\\Users\\NEW USER\\Desktop\\download (2)\\dataconnect: The system cannot find the file specified.\n"}}
[debug] [2026-06-08T12:37:04.131Z] E0608 13:37:04.130718   20612 watch.go:40] Failed to load config from "c:\\Users\\NEW USER\\Desktop\\download (2)\\dataconnect": could not find dataconnect.yaml in `c:\Users\NEW USER\Desktop\download (2)\dataconnect`
 {"metadata":{"emulator":{"name":"dataconnect"},"message":"E0608 13:37:04.130718   20612 watch.go:40] Failed to load config from \"c:\\\\Users\\\\NEW USER\\\\Desktop\\\\download (2)\\\\dataconnect\": could not find dataconnect.yaml in `c:\\Users\\NEW USER\\Desktop\\download (2)\\dataconnect`\n"}}
[debug] [2026-06-08T12:37:14.128Z] E0608 13:37:14.128527   20612 watch.go:40] Failed to load config from "c:\\Users\\NEW USER\\Desktop\\download (2)\\dataconnect": could not find dataconnect.yaml in `c:\Users\NEW USER\Desktop\download (2)\dataconnect`
 {"metadata":{"emulator":{"name":"dataconnect"},"message":"E0608 13:37:14.128527   20612 watch.go:40] Failed to load config from \"c:\\\\Users\\\\NEW USER\\\\Desktop\\\\download (2)\\\\dataconnect\": could not find dataconnect.yaml in `c:\\Users\\NEW USER\\Desktop\\download (2)\\dataconnect`\n"}}
[debug] [2026-06-08T12:37:24.131Z] E0608 13:37:24.130016   20612 watch.go:40] Failed to load config from "c:\\Users\\NEW USER\\Desktop\\download (2)\\dataconnect": could not find dataconnect.yaml in `c:\Users\NEW USER\Desktop\download (2)\dataconnect`
 {"metadata":{"emulator":{"name":"dataconnect"},"message":"E0608 13:37:24.130016   20612 watch.go:40] Failed to load config from \"c:\\\\Users\\\\NEW USER\\\\Desktop\\\\download (2)\\\\dataconnect\": could not find dataconnect.yaml in `c:\\Users\\NEW USER\\Desktop\\download (2)\\dataconnect`\n"}}
[debug] [2026-06-08T12:37:34.129Z] E0608 13:37:34.129167   20612 watch.go:40] Failed to load config from "c:\\Users\\NEW USER\\Desktop\\download (2)\\dataconnect": could not find dataconnect.yaml in `c:\Users\NEW USER\Desktop\download (2)\dataconnect`
 {"metadata":{"emulator":{"name":"dataconnect"},"message":"E0608 13:37:34.129167   20612 watch.go:40] Failed to load config from \"c:\\\\Users\\\\NEW USER\\\\Desktop\\\\download (2)\\\\dataconnect\": could not find dataconnect.yaml in `c:\\Users\\NEW USER\\Desktop\\download (2)\\dataconnect`\n"}}
[debug] [2026-06-08T12:37:44.131Z] E0608 13:37:44.129723   20612 watch.go:40] Failed to load config from "c:\\Users\\NEW USER\\Desktop\\download (2)\\dataconnect": could not find dataconnect.yaml in `c:\Users\NEW USER\Desktop\download (2)\dataconnect`
 {"metadata":{"emulator":{"name":"dataconnect"},"message":"E0608 13:37:44.129723   20612 watch.go:40] Failed to load config from \"c:\\\\Users\\\\NEW USER\\\\Desktop\\\\download (2)\\\\dataconnect\": could not find dataconnect.yaml in `c:\\Users\\NEW USER\\Desktop\\download (2)\\dataconnect`\n"}}
[debug] [2026-06-08T12:37:54.128Z] E0608 13:37:54.128455   20612 watch.go:40] Failed to load config from "c:\\Users\\NEW USER\\Desktop\\download (2)\\dataconnect": could not find dataconnect.yaml in `c:\Users\NEW USER\Desktop\download (2)\dataconnect`
 {"metadata":{"emulator":{"name":"dataconnect"},"message":"E0608 13:37:54.128455   20612 watch.go:40] Failed to load config from \"c:\\\\Users\\\\NEW USER\\\\Desktop\\\\download (2)\\\\dataconnect\": could not find dataconnect.yaml in `c:\\Users\\NEW USER\\Desktop\\download (2)\\dataconnect`\n"}}
[debug] [2026-06-08T12:38:04.128Z] E0608 13:38:04.128323   20612 watch.go:116] watchAllDir unable to walk dir `c:\Users\NEW USER\Desktop\download (2)\dataconnect`: GetFileAttributesEx c:\Users\NEW USER\Desktop\download (2)\dataconnect: The system cannot find the file specified.
 {"metadata":{"emulator":{"name":"dataconnect"},"message":"E0608 13:38:04.128323   20612 watch.go:116] watchAllDir unable to walk dir `c:\\Users\\NEW USER\\Desktop\\download (2)\\dataconnect`: GetFileAttributesEx c:\\Users\\NEW USER\\Desktop\\download (2)\\dataconnect: The system cannot find the file specified.\n"}}
[debug] [2026-06-08T12:38:04.129Z] E0608 13:38:04.129016   20612 watch.go:40] Failed to load config from "c:\\Users\\NEW USER\\Desktop\\download (2)\\dataconnect": could not find dataconnect.yaml in `c:\Users\NEW USER\Desktop\download (2)\dataconnect`
 {"metadata":{"emulator":{"name":"dataconnect"},"message":"E0608 13:38:04.129016   20612 watch.go:40] Failed to load config from \"c:\\\\Users\\\\NEW USER\\\\Desktop\\\\download (2)\\\\dataconnect\": could not find dataconnect.yaml in `c:\\Users\\NEW USER\\Desktop\\download (2)\\dataconnect`\n"}}
[debug] [2026-06-08T12:38:14.128Z] E0608 13:38:14.128502   20612 watch.go:40] Failed to load config from "c:\\Users\\NEW USER\\Desktop\\download (2)\\dataconnect": could not find dataconnect.yaml in `c:\Users\NEW USER\Desktop\download (2)\dataconnect`
 {"metadata":{"emulator":{"name":"dataconnect"},"message":"E0608 13:38:14.128502   20612 watch.go:40] Failed to load config from \"c:\\\\Users\\\\NEW USER\\\\Desktop\\\\download (2)\\\\dataconnect\": could not find dataconnect.yaml in `c:\\Users\\NEW USER\\Desktop\\download (2)\\dataconnect`\n"}}
[debug] [2026-06-08T12:38:24.127Z] E0608 13:38:24.127957   20612 watch.go:40] Failed to load config from "c:\\Users\\NEW USER\\Desktop\\download (2)\\dataconnect": could not find dataconnect.yaml in `c:\Users\NEW USER\Desktop\download (2)\dataconnect`
 {"metadata":{"emulator":{"name":"dataconnect"},"message":"E0608 13:38:24.127957   20612 watch.go:40] Failed to load config from \"c:\\\\Users\\\\NEW USER\\\\Desktop\\\\download (2)\\\\dataconnect\": could not find dataconnect.yaml in `c:\\Users\\NEW USER\\Desktop\\download (2)\\dataconnect`\n"}}
[debug] [2026-06-08T12:38:34.129Z] E0608 13:38:34.129614   20612 watch.go:40] Failed to load config from "c:\\Users\\NEW USER\\Desktop\\download (2)\\dataconnect": could not find dataconnect.yaml in `c:\Users\NEW USER\Desktop\download (2)\dataconnect`
 {"metadata":{"emulator":{"name":"dataconnect"},"message":"E0608 13:38:34.129614   20612 watch.go:40] Failed to load config from \"c:\\\\Users\\\\NEW USER\\\\Desktop\\\\download (2)\\\\dataconnect\": could not find dataconnect.yaml in `c:\\Users\\NEW USER\\Desktop\\download (2)\\dataconnect`\n"}}
[debug] [2026-06-08T12:38:44.129Z] E0608 13:38:44.129081   20612 watch.go:40] Failed to load config from "c:\\Users\\NEW USER\\Desktop\\download (2)\\dataconnect": could not find dataconnect.yaml in `c:\Users\NEW USER\Desktop\download (2)\dataconnect`
 {"metadata":{"emulator":{"name":"dataconnect"},"message":"E0608 13:38:44.129081   20612 watch.go:40] Failed to load config from \"c:\\\\Users\\\\NEW USER\\\\Desktop\\\\download (2)\\\\dataconnect\": could not find dataconnect.yaml in `c:\\Users\\NEW USER\\Desktop\\download (2)\\dataconnect`\n"}}
[debug] [2026-06-08T12:38:54.130Z] E0608 13:38:54.130045   20612 watch.go:40] Failed to load config from "c:\\Users\\NEW USER\\Desktop\\download (2)\\dataconnect": could not find dataconnect.yaml in `c:\Users\NEW USER\Desktop\download (2)\dataconnect`
 {"metadata":{"emulator":{"name":"dataconnect"},"message":"E0608 13:38:54.130045   20612 watch.go:40] Failed to load config from \"c:\\\\Users\\\\NEW USER\\\\Desktop\\\\download (2)\\\\dataconnect\": could not find dataconnect.yaml in `c:\\Users\\NEW USER\\Desktop\\download (2)\\dataconnect`\n"}}
[debug] [2026-06-08T12:39:04.129Z] E0608 13:39:04.128937   20612 watch.go:116] watchAllDir unable to walk dir `c:\Users\NEW USER\Desktop\download (2)\dataconnect`: GetFileAttributesEx c:\Users\NEW USER\Desktop\download (2)\dataconnect: The system cannot find the file specified.
 {"metadata":{"emulator":{"name":"dataconnect"},"message":"E0608 13:39:04.128937   20612 watch.go:116] watchAllDir unable to walk dir `c:\\Users\\NEW USER\\Desktop\\download (2)\\dataconnect`: GetFileAttributesEx c:\\Users\\NEW USER\\Desktop\\download (2)\\dataconnect: The system cannot find the file specified.\n"}}
[debug] [2026-06-08T12:39:04.131Z] E0608 13:39:04.128937   20612 watch.go:40] Failed to load config from "c:\\Users\\NEW USER\\Desktop\\download (2)\\dataconnect": could not find dataconnect.yaml in `c:\Users\NEW USER\Desktop\download (2)\dataconnect`
 {"metadata":{"emulator":{"name":"dataconnect"},"message":"E0608 13:39:04.128937   20612 watch.go:40] Failed to load config from \"c:\\\\Users\\\\NEW USER\\\\Desktop\\\\download (2)\\\\dataconnect\": could not find dataconnect.yaml in `c:\\Users\\NEW USER\\Desktop\\download (2)\\dataconnect`\n"}}
[debug] [2026-06-08T12:39:14.127Z] E0608 13:39:14.127921   20612 watch.go:40] Failed to load config from "c:\\Users\\NEW USER\\Desktop\\download (2)\\dataconnect": could not find dataconnect.yaml in `c:\Users\NEW USER\Desktop\download (2)\dataconnect`
 {"metadata":{"emulator":{"name":"dataconnect"},"message":"E0608 13:39:14.127921   20612 watch.go:40] Failed to load config from \"c:\\\\Users\\\\NEW USER\\\\Desktop\\\\download (2)\\\\dataconnect\": could not find dataconnect.yaml in `c:\\Users\\NEW USER\\Desktop\\download (2)\\dataconnect`\n"}}
[debug] [2026-06-08T12:39:24.128Z] E0608 13:39:24.128768   20612 watch.go:40] Failed to load config from "c:\\Users\\NEW USER\\Desktop\\download (2)\\dataconnect": could not find dataconnect.yaml in `c:\Users\NEW USER\Desktop\download (2)\dataconnect`
 {"metadata":{"emulator":{"name":"dataconnect"},"message":"E0608 13:39:24.128768   20612 watch.go:40] Failed to load config from \"c:\\\\Users\\\\NEW USER\\\\Desktop\\\\download (2)\\\\dataconnect\": could not find dataconnect.yaml in `c:\\Users\\NEW USER\\Desktop\\download (2)\\dataconnect`\n"}}
[debug] [2026-06-08T12:39:34.128Z] E0608 13:39:34.128180   20612 watch.go:40] Failed to load config from "c:\\Users\\NEW USER\\Desktop\\download (2)\\dataconnect": could not find dataconnect.yaml in `c:\Users\NEW USER\Desktop\download (2)\dataconnect`
 {"metadata":{"emulator":{"name":"dataconnect"},"message":"E0608 13:39:34.128180   20612 watch.go:40] Failed to load config from \"c:\\\\Users\\\\NEW USER\\\\Desktop\\\\download (2)\\\\dataconnect\": could not find dataconnect.yaml in `c:\\Users\\NEW USER\\Desktop\\download (2)\\dataconnect`\n"}}
[debug] [2026-06-08T12:39:44.129Z] E0608 13:39:44.128857   20612 watch.go:40] Failed to load config from "c:\\Users\\NEW USER\\Desktop\\download (2)\\dataconnect": could not find dataconnect.yaml in `c:\Users\NEW USER\Desktop\download (2)\dataconnect`
 {"metadata":{"emulator":{"name":"dataconnect"},"message":"E0608 13:39:44.128857   20612 watch.go:40] Failed to load config from \"c:\\\\Users\\\\NEW USER\\\\Desktop\\\\download (2)\\\\dataconnect\": could not find dataconnect.yaml in `c:\\Users\\NEW USER\\Desktop\\download (2)\\dataconnect`\n"}}
[debug] [2026-06-08T12:39:54.128Z] E0608 13:39:54.128486   20612 watch.go:40] Failed to load config from "c:\\Users\\NEW USER\\Desktop\\download (2)\\dataconnect": could not find dataconnect.yaml in `c:\Users\NEW USER\Desktop\download (2)\dataconnect`
 {"metadata":{"emulator":{"name":"dataconnect"},"message":"E0608 13:39:54.128486   20612 watch.go:40] Failed to load config from \"c:\\\\Users\\\\NEW USER\\\\Desktop\\\\download (2)\\\\dataconnect\": could not find dataconnect.yaml in `c:\\Users\\NEW USER\\Desktop\\download (2)\\dataconnect`\n"}}
[debug] [2026-06-08T12:40:04.128Z] E0608 13:40:04.128329   20612 watch.go:116] watchAllDir unable to walk dir `c:\Users\NEW USER\Desktop\download (2)\dataconnect`: GetFileAttributesEx c:\Users\NEW USER\Desktop\download (2)\dataconnect: The system cannot find the file specified.
 {"metadata":{"emulator":{"name":"dataconnect"},"message":"E0608 13:40:04.128329   20612 watch.go:116] watchAllDir unable to walk dir `c:\\Users\\NEW USER\\Desktop\\download (2)\\dataconnect`: GetFileAttributesEx c:\\Users\\NEW USER\\Desktop\\download (2)\\dataconnect: The system cannot find the file specified.\n"}}
[debug] [2026-06-08T12:40:04.128Z] E0608 13:40:04.128329   20612 watch.go:40] Failed to load config from "c:\\Users\\NEW USER\\Desktop\\download (2)\\dataconnect": could not find dataconnect.yaml in `c:\Users\NEW USER\Desktop\download (2)\dataconnect`
 {"metadata":{"emulator":{"name":"dataconnect"},"message":"E0608 13:40:04.128329   20612 watch.go:40] Failed to load config from \"c:\\\\Users\\\\NEW USER\\\\Desktop\\\\download (2)\\\\dataconnect\": could not find dataconnect.yaml in `c:\\Users\\NEW USER\\Desktop\\download (2)\\dataconnect`\n"}}
[debug] [2026-06-08T12:40:14.129Z] E0608 13:40:14.129587   20612 watch.go:40] Failed to load config from "c:\\Users\\NEW USER\\Desktop\\download (2)\\dataconnect": could not find dataconnect.yaml in `c:\Users\NEW USER\Desktop\download (2)\dataconnect`
 {"metadata":{"emulator":{"name":"dataconnect"},"message":"E0608 13:40:14.129587   20612 watch.go:40] Failed to load config from \"c:\\\\Users\\\\NEW USER\\\\Desktop\\\\download (2)\\\\dataconnect\": could not find dataconnect.yaml in `c:\\Users\\NEW USER\\Desktop\\download (2)\\dataconnect`\n"}}
[debug] [2026-06-08T12:40:24.129Z] E0608 13:40:24.129120   20612 watch.go:40] Failed to load config from "c:\\Users\\NEW USER\\Desktop\\download (2)\\dataconnect": could not find dataconnect.yaml in `c:\Users\NEW USER\Desktop\download (2)\dataconnect`
 {"metadata":{"emulator":{"name":"dataconnect"},"message":"E0608 13:40:24.129120   20612 watch.go:40] Failed to load config from \"c:\\\\Users\\\\NEW USER\\\\Desktop\\\\download (2)\\\\dataconnect\": could not find dataconnect.yaml in `c:\\Users\\NEW USER\\Desktop\\download (2)\\dataconnect`\n"}}
[debug] [2026-06-08T12:40:34.129Z] E0608 13:40:34.128789   20612 watch.go:40] Failed to load config from "c:\\Users\\NEW USER\\Desktop\\download (2)\\dataconnect": could not find dataconnect.yaml in `c:\Users\NEW USER\Desktop\download (2)\dataconnect`
 {"metadata":{"emulator":{"name":"dataconnect"},"message":"E0608 13:40:34.128789   20612 watch.go:40] Failed to load config from \"c:\\\\Users\\\\NEW USER\\\\Desktop\\\\download (2)\\\\dataconnect\": could not find dataconnect.yaml in `c:\\Users\\NEW USER\\Desktop\\download (2)\\dataconnect`\n"}}
[debug] [2026-06-08T12:40:44.129Z] E0608 13:40:44.128525   20612 watch.go:40] Failed to load config from "c:\\Users\\NEW USER\\Desktop\\download (2)\\dataconnect": could not find dataconnect.yaml in `c:\Users\NEW USER\Desktop\download (2)\dataconnect`
 {"metadata":{"emulator":{"name":"dataconnect"},"message":"E0608 13:40:44.128525   20612 watch.go:40] Failed to load config from \"c:\\\\Users\\\\NEW USER\\\\Desktop\\\\download (2)\\\\dataconnect\": could not find dataconnect.yaml in `c:\\Users\\NEW USER\\Desktop\\download (2)\\dataconnect`\n"}}
[debug] [2026-06-08T12:40:54.128Z] E0608 13:40:54.128664   20612 watch.go:40] Failed to load config from "c:\\Users\\NEW USER\\Desktop\\download (2)\\dataconnect": could not find dataconnect.yaml in `c:\Users\NEW USER\Desktop\download (2)\dataconnect`
 {"metadata":{"emulator":{"name":"dataconnect"},"message":"E0608 13:40:54.128664   20612 watch.go:40] Failed to load config from \"c:\\\\Users\\\\NEW USER\\\\Desktop\\\\download (2)\\\\dataconnect\": could not find dataconnect.yaml in `c:\\Users\\NEW USER\\Desktop\\download (2)\\dataconnect`\n"}}
[debug] [2026-06-08T12:41:04.129Z] E0608 13:41:04.129217   20612 watch.go:116] watchAllDir unable to walk dir `c:\Users\NEW USER\Desktop\download (2)\dataconnect`: GetFileAttributesEx c:\Users\NEW USER\Desktop\download (2)\dataconnect: The system cannot find the file specified.
 {"metadata":{"emulator":{"name":"dataconnect"},"message":"E0608 13:41:04.129217   20612 watch.go:116] watchAllDir unable to walk dir `c:\\Users\\NEW USER\\Desktop\\download (2)\\dataconnect`: GetFileAttributesEx c:\\Users\\NEW USER\\Desktop\\download (2)\\dataconnect: The system cannot find the file specified.\n"}}
[debug] [2026-06-08T12:41:04.131Z] E0608 13:41:04.129835   20612 watch.go:40] Failed to load config from "c:\\Users\\NEW USER\\Desktop\\download (2)\\dataconnect": could not find dataconnect.yaml in `c:\Users\NEW USER\Desktop\download (2)\dataconnect`
 {"metadata":{"emulator":{"name":"dataconnect"},"message":"E0608 13:41:04.129835   20612 watch.go:40] Failed to load config from \"c:\\\\Users\\\\NEW USER\\\\Desktop\\\\download (2)\\\\dataconnect\": could not find dataconnect.yaml in `c:\\Users\\NEW USER\\Desktop\\download (2)\\dataconnect`\n"}}
[debug] [2026-06-08T12:41:14.128Z] E0608 13:41:14.128584   20612 watch.go:40] Failed to load config from "c:\\Users\\NEW USER\\Desktop\\download (2)\\dataconnect": could not find dataconnect.yaml in `c:\Users\NEW USER\Desktop\download (2)\dataconnect`
 {"metadata":{"emulator":{"name":"dataconnect"},"message":"E0608 13:41:14.128584   20612 watch.go:40] Failed to load config from \"c:\\\\Users\\\\NEW USER\\\\Desktop\\\\download (2)\\\\dataconnect\": could not find dataconnect.yaml in `c:\\Users\\NEW USER\\Desktop\\download (2)\\dataconnect`\n"}}
[debug] [2026-06-08T12:41:24.127Z] E0608 13:41:24.128197   20612 watch.go:40] Failed to load config from "c:\\Users\\NEW USER\\Desktop\\download (2)\\dataconnect": could not find dataconnect.yaml in `c:\Users\NEW USER\Desktop\download (2)\dataconnect`
 {"metadata":{"emulator":{"name":"dataconnect"},"message":"E0608 13:41:24.128197   20612 watch.go:40] Failed to load config from \"c:\\\\Users\\\\NEW USER\\\\Desktop\\\\download (2)\\\\dataconnect\": could not find dataconnect.yaml in `c:\\Users\\NEW USER\\Desktop\\download (2)\\dataconnect`\n"}}
[debug] [2026-06-08T12:41:34.129Z] E0608 13:41:34.128910   20612 watch.go:40] Failed to load config from "c:\\Users\\NEW USER\\Desktop\\download (2)\\dataconnect": could not find dataconnect.yaml in `c:\Users\NEW USER\Desktop\download (2)\dataconnect`
 {"metadata":{"emulator":{"name":"dataconnect"},"message":"E0608 13:41:34.128910   20612 watch.go:40] Failed to load config from \"c:\\\\Users\\\\NEW USER\\\\Desktop\\\\download (2)\\\\dataconnect\": could not find dataconnect.yaml in `c:\\Users\\NEW USER\\Desktop\\download (2)\\dataconnect`\n"}}
[debug] [2026-06-08T12:41:44.128Z] E0608 13:41:44.128678   20612 watch.go:40] Failed to load config from "c:\\Users\\NEW USER\\Desktop\\download (2)\\dataconnect": could not find dataconnect.yaml in `c:\Users\NEW USER\Desktop\download (2)\dataconnect`
 {"metadata":{"emulator":{"name":"dataconnect"},"message":"E0608 13:41:44.128678   20612 watch.go:40] Failed to load config from \"c:\\\\Users\\\\NEW USER\\\\Desktop\\\\download (2)\\\\dataconnect\": could not find dataconnect.yaml in `c:\\Users\\NEW USER\\Desktop\\download (2)\\dataconnect`\n"}}
[debug] [2026-06-08T12:41:54.129Z] E0608 13:41:54.130091   20612 watch.go:40] Failed to load config from "c:\\Users\\NEW USER\\Desktop\\download (2)\\dataconnect": could not find dataconnect.yaml in `c:\Users\NEW USER\Desktop\download (2)\dataconnect`
 {"metadata":{"emulator":{"name":"dataconnect"},"message":"E0608 13:41:54.130091   20612 watch.go:40] Failed to load config from \"c:\\\\Users\\\\NEW USER\\\\Desktop\\\\download (2)\\\\dataconnect\": could not find dataconnect.yaml in `c:\\Users\\NEW USER\\Desktop\\download (2)\\dataconnect`\n"}}
[debug] [2026-06-08T12:42:04.128Z] E0608 13:42:04.128617   20612 watch.go:116] watchAllDir unable to walk dir `c:\Users\NEW USER\Desktop\download (2)\dataconnect`: GetFileAttributesEx c:\Users\NEW USER\Desktop\download (2)\dataconnect: The system cannot find the file specified.
 {"metadata":{"emulator":{"name":"dataconnect"},"message":"E0608 13:42:04.128617   20612 watch.go:116] watchAllDir unable to walk dir `c:\\Users\\NEW USER\\Desktop\\download (2)\\dataconnect`: GetFileAttributesEx c:\\Users\\NEW USER\\Desktop\\download (2)\\dataconnect: The system cannot find the file specified.\n"}}
[debug] [2026-06-08T12:42:04.129Z] E0608 13:42:04.129289   20612 watch.go:40] Failed to load config from "c:\\Users\\NEW USER\\Desktop\\download (2)\\dataconnect": could not find dataconnect.yaml in `c:\Users\NEW USER\Desktop\download (2)\dataconnect`
 {"metadata":{"emulator":{"name":"dataconnect"},"message":"E0608 13:42:04.129289   20612 watch.go:40] Failed to load config from \"c:\\\\Users\\\\NEW USER\\\\Desktop\\\\download (2)\\\\dataconnect\": could not find dataconnect.yaml in `c:\\Users\\NEW USER\\Desktop\\download (2)\\dataconnect`\n"}}
[debug] [2026-06-08T12:42:14.128Z] E0608 13:42:14.128462   20612 watch.go:40] Failed to load config from "c:\\Users\\NEW USER\\Desktop\\download (2)\\dataconnect": could not find dataconnect.yaml in `c:\Users\NEW USER\Desktop\download (2)\dataconnect`
 {"metadata":{"emulator":{"name":"dataconnect"},"message":"E0608 13:42:14.128462   20612 watch.go:40] Failed to load config from \"c:\\\\Users\\\\NEW USER\\\\Desktop\\\\download (2)\\\\dataconnect\": could not find dataconnect.yaml in `c:\\Users\\NEW USER\\Desktop\\download (2)\\dataconnect`\n"}}
[debug] [2026-06-08T12:42:24.130Z] E0608 13:42:24.129724   20612 watch.go:40] Failed to load config from "c:\\Users\\NEW USER\\Desktop\\download (2)\\dataconnect": could not find dataconnect.yaml in `c:\Users\NEW USER\Desktop\download (2)\dataconnect`
 {"metadata":{"emulator":{"name":"dataconnect"},"message":"E0608 13:42:24.129724   20612 watch.go:40] Failed to load config from \"c:\\\\Users\\\\NEW USER\\\\Desktop\\\\download (2)\\\\dataconnect\": could not find dataconnect.yaml in `c:\\Users\\NEW USER\\Desktop\\download (2)\\dataconnect`\n"}}
[debug] [2026-06-08T12:42:34.127Z] E0608 13:42:34.128042   20612 watch.go:40] Failed to load config from "c:\\Users\\NEW USER\\Desktop\\download (2)\\dataconnect": could not find dataconnect.yaml in `c:\Users\NEW USER\Desktop\download (2)\dataconnect`
 {"metadata":{"emulator":{"name":"dataconnect"},"message":"E0608 13:42:34.128042   20612 watch.go:40] Failed to load config from \"c:\\\\Users\\\\NEW USER\\\\Desktop\\\\download (2)\\\\dataconnect\": could not find dataconnect.yaml in `c:\\Users\\NEW USER\\Desktop\\download (2)\\dataconnect`\n"}}
[debug] [2026-06-08T12:42:44.129Z] E0608 13:42:44.129193   20612 watch.go:40] Failed to load config from "c:\\Users\\NEW USER\\Desktop\\download (2)\\dataconnect": could not find dataconnect.yaml in `c:\Users\NEW USER\Desktop\download (2)\dataconnect`
 {"metadata":{"emulator":{"name":"dataconnect"},"message":"E0608 13:42:44.129193   20612 watch.go:40] Failed to load config from \"c:\\\\Users\\\\NEW USER\\\\Desktop\\\\download (2)\\\\dataconnect\": could not find dataconnect.yaml in `c:\\Users\\NEW USER\\Desktop\\download (2)\\dataconnect`\n"}}
[debug] [2026-06-08T12:42:54.129Z] E0608 13:42:54.129219   20612 watch.go:40] Failed to load config from "c:\\Users\\NEW USER\\Desktop\\download (2)\\dataconnect": could not find dataconnect.yaml in `c:\Users\NEW USER\Desktop\download (2)\dataconnect`
 {"metadata":{"emulator":{"name":"dataconnect"},"message":"E0608 13:42:54.129219   20612 watch.go:40] Failed to load config from \"c:\\\\Users\\\\NEW USER\\\\Desktop\\\\download (2)\\\\dataconnect\": could not find dataconnect.yaml in `c:\\Users\\NEW USER\\Desktop\\download (2)\\dataconnect`\n"}}
[debug] [2026-06-08T12:43:04.128Z] E0608 13:43:04.128657   20612 watch.go:116] watchAllDir unable to walk dir `c:\Users\NEW USER\Desktop\download (2)\dataconnect`: GetFileAttributesEx c:\Users\NEW USER\Desktop\download (2)\dataconnect: The system cannot find the file specified.
 {"metadata":{"emulator":{"name":"dataconnect"},"message":"E0608 13:43:04.128657   20612 watch.go:116] watchAllDir unable to walk dir `c:\\Users\\NEW USER\\Desktop\\download (2)\\dataconnect`: GetFileAttributesEx c:\\Users\\NEW USER\\Desktop\\download (2)\\dataconnect: The system cannot find the file specified.\n"}}
[debug] [2026-06-08T12:43:04.130Z] E0608 13:43:04.129337   20612 watch.go:40] Failed to load config from "c:\\Users\\NEW USER\\Desktop\\download (2)\\dataconnect": could not find dataconnect.yaml in `c:\Users\NEW USER\Desktop\download (2)\dataconnect`
 {"metadata":{"emulator":{"name":"dataconnect"},"message":"E0608 13:43:04.129337   20612 watch.go:40] Failed to load config from \"c:\\\\Users\\\\NEW USER\\\\Desktop\\\\download (2)\\\\dataconnect\": could not find dataconnect.yaml in `c:\\Users\\NEW USER\\Desktop\\download (2)\\dataconnect`\n"}}
[debug] [2026-06-08T12:43:14.129Z] E0608 13:43:14.128653   20612 watch.go:40] Failed to load config from "c:\\Users\\NEW USER\\Desktop\\download (2)\\dataconnect": could not find dataconnect.yaml in `c:\Users\NEW USER\Desktop\download (2)\dataconnect`
 {"metadata":{"emulator":{"name":"dataconnect"},"message":"E0608 13:43:14.128653   20612 watch.go:40] Failed to load config from \"c:\\\\Users\\\\NEW USER\\\\Desktop\\\\download (2)\\\\dataconnect\": could not find dataconnect.yaml in `c:\\Users\\NEW USER\\Desktop\\download (2)\\dataconnect`\n"}}
[debug] [2026-06-08T12:43:24.128Z] E0608 13:43:24.128251   20612 watch.go:40] Failed to load config from "c:\\Users\\NEW USER\\Desktop\\download (2)\\dataconnect": could not find dataconnect.yaml in `c:\Users\NEW USER\Desktop\download (2)\dataconnect`
 {"metadata":{"emulator":{"name":"dataconnect"},"message":"E0608 13:43:24.128251   20612 watch.go:40] Failed to load config from \"c:\\\\Users\\\\NEW USER\\\\Desktop\\\\download (2)\\\\dataconnect\": could not find dataconnect.yaml in `c:\\Users\\NEW USER\\Desktop\\download (2)\\dataconnect`\n"}}
[debug] [2026-06-08T12:43:34.131Z] E0608 13:43:34.130653   20612 watch.go:40] Failed to load config from "c:\\Users\\NEW USER\\Desktop\\download (2)\\dataconnect": could not find dataconnect.yaml in `c:\Users\NEW USER\Desktop\download (2)\dataconnect`
 {"metadata":{"emulator":{"name":"dataconnect"},"message":"E0608 13:43:34.130653   20612 watch.go:40] Failed to load config from \"c:\\\\Users\\\\NEW USER\\\\Desktop\\\\download (2)\\\\dataconnect\": could not find dataconnect.yaml in `c:\\Users\\NEW USER\\Desktop\\download (2)\\dataconnect`\n"}}
[debug] [2026-06-08T12:43:44.128Z] E0608 13:43:44.128772   20612 watch.go:40] Failed to load config from "c:\\Users\\NEW USER\\Desktop\\download (2)\\dataconnect": could not find dataconnect.yaml in `c:\Users\NEW USER\Desktop\download (2)\dataconnect`
 {"metadata":{"emulator":{"name":"dataconnect"},"message":"E0608 13:43:44.128772   20612 watch.go:40] Failed to load config from \"c:\\\\Users\\\\NEW USER\\\\Desktop\\\\download (2)\\\\dataconnect\": could not find dataconnect.yaml in `c:\\Users\\NEW USER\\Desktop\\download (2)\\dataconnect`\n"}}
[debug] [2026-06-08T12:43:54.128Z] E0608 13:43:54.128673   20612 watch.go:40] Failed to load config from "c:\\Users\\NEW USER\\Desktop\\download (2)\\dataconnect": could not find dataconnect.yaml in `c:\Users\NEW USER\Desktop\download (2)\dataconnect`
 {"metadata":{"emulator":{"name":"dataconnect"},"message":"E0608 13:43:54.128673   20612 watch.go:40] Failed to load config from \"c:\\\\Users\\\\NEW USER\\\\Desktop\\\\download (2)\\\\dataconnect\": could not find dataconnect.yaml in `c:\\Users\\NEW USER\\Desktop\\download (2)\\dataconnect`\n"}}
[debug] [2026-06-08T12:44:04.128Z] E0608 13:44:04.128392   20612 watch.go:116] watchAllDir unable to walk dir `c:\Users\NEW USER\Desktop\download (2)\dataconnect`: GetFileAttributesEx c:\Users\NEW USER\Desktop\download (2)\dataconnect: The system cannot find the file specified.
 {"metadata":{"emulator":{"name":"dataconnect"},"message":"E0608 13:44:04.128392   20612 watch.go:116] watchAllDir unable to walk dir `c:\\Users\\NEW USER\\Desktop\\download (2)\\dataconnect`: GetFileAttributesEx c:\\Users\\NEW USER\\Desktop\\download (2)\\dataconnect: The system cannot find the file specified.\n"}}
[debug] [2026-06-08T12:44:04.129Z] E0608 13:44:04.128392   20612 watch.go:40] Failed to load config from "c:\\Users\\NEW USER\\Desktop\\download (2)\\dataconnect": could not find dataconnect.yaml in `c:\Users\NEW USER\Desktop\download (2)\dataconnect`
 {"metadata":{"emulator":{"name":"dataconnect"},"message":"E0608 13:44:04.128392   20612 watch.go:40] Failed to load config from \"c:\\\\Users\\\\NEW USER\\\\Desktop\\\\download (2)\\\\dataconnect\": could not find dataconnect.yaml in `c:\\Users\\NEW USER\\Desktop\\download (2)\\dataconnect`\n"}}
[debug] [2026-06-08T12:44:14.128Z] E0608 13:44:14.128995   20612 watch.go:40] Failed to load config from "c:\\Users\\NEW USER\\Desktop\\download (2)\\dataconnect": could not find dataconnect.yaml in `c:\Users\NEW USER\Desktop\download (2)\dataconnect`
 {"metadata":{"emulator":{"name":"dataconnect"},"message":"E0608 13:44:14.128995   20612 watch.go:40] Failed to load config from \"c:\\\\Users\\\\NEW USER\\\\Desktop\\\\download (2)\\\\dataconnect\": could not find dataconnect.yaml in `c:\\Users\\NEW USER\\Desktop\\download (2)\\dataconnect`\n"}}
[debug] [2026-06-08T12:44:24.128Z] E0608 13:44:24.128703   20612 watch.go:40] Failed to load config from "c:\\Users\\NEW USER\\Desktop\\download (2)\\dataconnect": could not find dataconnect.yaml in `c:\Users\NEW USER\Desktop\download (2)\dataconnect`
 {"metadata":{"emulator":{"name":"dataconnect"},"message":"E0608 13:44:24.128703   20612 watch.go:40] Failed to load config from \"c:\\\\Users\\\\NEW USER\\\\Desktop\\\\download (2)\\\\dataconnect\": could not find dataconnect.yaml in `c:\\Users\\NEW USER\\Desktop\\download (2)\\dataconnect`\n"}}
[debug] [2026-06-08T12:44:34.128Z] E0608 13:44:34.129460   20612 watch.go:40] Failed to load config from "c:\\Users\\NEW USER\\Desktop\\download (2)\\dataconnect": could not find dataconnect.yaml in `c:\Users\NEW USER\Desktop\download (2)\dataconnect`
 {"metadata":{"emulator":{"name":"dataconnect"},"message":"E0608 13:44:34.129460   20612 watch.go:40] Failed to load config from \"c:\\\\Users\\\\NEW USER\\\\Desktop\\\\download (2)\\\\dataconnect\": could not find dataconnect.yaml in `c:\\Users\\NEW USER\\Desktop\\download (2)\\dataconnect`\n"}}
[debug] [2026-06-08T12:44:44.128Z] E0608 13:44:44.128683   20612 watch.go:40] Failed to load config from "c:\\Users\\NEW USER\\Desktop\\download (2)\\dataconnect": could not find dataconnect.yaml in `c:\Users\NEW USER\Desktop\download (2)\dataconnect`
 {"metadata":{"emulator":{"name":"dataconnect"},"message":"E0608 13:44:44.128683   20612 watch.go:40] Failed to load config from \"c:\\\\Users\\\\NEW USER\\\\Desktop\\\\download (2)\\\\dataconnect\": could not find dataconnect.yaml in `c:\\Users\\NEW USER\\Desktop\\download (2)\\dataconnect`\n"}}
[debug] [2026-06-08T12:44:54.129Z] E0608 13:44:54.129686   20612 watch.go:40] Failed to load config from "c:\\Users\\NEW USER\\Desktop\\download (2)\\dataconnect": could not find dataconnect.yaml in `c:\Users\NEW USER\Desktop\download (2)\dataconnect`
 {"metadata":{"emulator":{"name":"dataconnect"},"message":"E0608 13:44:54.129686   20612 watch.go:40] Failed to load config from \"c:\\\\Users\\\\NEW USER\\\\Desktop\\\\download (2)\\\\dataconnect\": could not find dataconnect.yaml in `c:\\Users\\NEW USER\\Desktop\\download (2)\\dataconnect`\n"}}
[debug] [2026-06-08T12:45:04.128Z] E0608 13:45:04.128688   20612 watch.go:116] watchAllDir unable to walk dir `c:\Users\NEW USER\Desktop\download (2)\dataconnect`: GetFileAttributesEx c:\Users\NEW USER\Desktop\download (2)\dataconnect: The system cannot find the file specified.
 {"metadata":{"emulator":{"name":"dataconnect"},"message":"E0608 13:45:04.128688   20612 watch.go:116] watchAllDir unable to walk dir `c:\\Users\\NEW USER\\Desktop\\download (2)\\dataconnect`: GetFileAttributesEx c:\\Users\\NEW USER\\Desktop\\download (2)\\dataconnect: The system cannot find the file specified.\n"}}
[debug] [2026-06-08T12:45:04.129Z] E0608 13:45:04.128688   20612 watch.go:40] Failed to load config from "c:\\Users\\NEW USER\\Desktop\\download (2)\\dataconnect": could not find dataconnect.yaml in `c:\Users\NEW USER\Desktop\download (2)\dataconnect`
 {"metadata":{"emulator":{"name":"dataconnect"},"message":"E0608 13:45:04.128688   20612 watch.go:40] Failed to load config from \"c:\\\\Users\\\\NEW USER\\\\Desktop\\\\download (2)\\\\dataconnect\": could not find dataconnect.yaml in `c:\\Users\\NEW USER\\Desktop\\download (2)\\dataconnect`\n"}}
[debug] [2026-06-08T12:45:14.129Z] E0608 13:45:14.128856   20612 watch.go:40] Failed to load config from "c:\\Users\\NEW USER\\Desktop\\download (2)\\dataconnect": could not find dataconnect.yaml in `c:\Users\NEW USER\Desktop\download (2)\dataconnect`
 {"metadata":{"emulator":{"name":"dataconnect"},"message":"E0608 13:45:14.128856   20612 watch.go:40] Failed to load config from \"c:\\\\Users\\\\NEW USER\\\\Desktop\\\\download (2)\\\\dataconnect\": could not find dataconnect.yaml in `c:\\Users\\NEW USER\\Desktop\\download (2)\\dataconnect`\n"}}
[debug] [2026-06-08T12:45:24.129Z] E0608 13:45:24.128925   20612 watch.go:40] Failed to load config from "c:\\Users\\NEW USER\\Desktop\\download (2)\\dataconnect": could not find dataconnect.yaml in `c:\Users\NEW USER\Desktop\download (2)\dataconnect`
 {"metadata":{"emulator":{"name":"dataconnect"},"message":"E0608 13:45:24.128925   20612 watch.go:40] Failed to load config from \"c:\\\\Users\\\\NEW USER\\\\Desktop\\\\download (2)\\\\dataconnect\": could not find dataconnect.yaml in `c:\\Users\\NEW USER\\Desktop\\download (2)\\dataconnect`\n"}}
[debug] [2026-06-08T12:45:34.130Z] E0608 13:45:34.129324   20612 watch.go:40] Failed to load config from "c:\\Users\\NEW USER\\Desktop\\download (2)\\dataconnect": could not find dataconnect.yaml in `c:\Users\NEW USER\Desktop\download (2)\dataconnect`
 {"metadata":{"emulator":{"name":"dataconnect"},"message":"E0608 13:45:34.129324   20612 watch.go:40] Failed to load config from \"c:\\\\Users\\\\NEW USER\\\\Desktop\\\\download (2)\\\\dataconnect\": could not find dataconnect.yaml in `c:\\Users\\NEW USER\\Desktop\\download (2)\\dataconnect`\n"}}
[debug] [2026-06-08T12:45:44.128Z] E0608 13:45:44.128221   20612 watch.go:40] Failed to load config from "c:\\Users\\NEW USER\\Desktop\\download (2)\\dataconnect": could not find dataconnect.yaml in `c:\Users\NEW USER\Desktop\download (2)\dataconnect`
 {"metadata":{"emulator":{"name":"dataconnect"},"message":"E0608 13:45:44.128221   20612 watch.go:40] Failed to load config from \"c:\\\\Users\\\\NEW USER\\\\Desktop\\\\download (2)\\\\dataconnect\": could not find dataconnect.yaml in `c:\\Users\\NEW USER\\Desktop\\download (2)\\dataconnect`\n"}}
[debug] [2026-06-08T12:45:54.129Z] E0608 13:45:54.128661   20612 watch.go:40] Failed to load config from "c:\\Users\\NEW USER\\Desktop\\download (2)\\dataconnect": could not find dataconnect.yaml in `c:\Users\NEW USER\Desktop\download (2)\dataconnect`
 {"metadata":{"emulator":{"name":"dataconnect"},"message":"E0608 13:45:54.128661   20612 watch.go:40] Failed to load config from \"c:\\\\Users\\\\NEW USER\\\\Desktop\\\\download (2)\\\\dataconnect\": could not find dataconnect.yaml in `c:\\Users\\NEW USER\\Desktop\\download (2)\\dataconnect`\n"}}
[debug] [2026-06-08T12:46:04.128Z] E0608 13:46:04.128396   20612 watch.go:116] watchAllDir unable to walk dir `c:\Users\NEW USER\Desktop\download (2)\dataconnect`: GetFileAttributesEx c:\Users\NEW USER\Desktop\download (2)\dataconnect: The system cannot find the file specified.
E0608 13:46:04.128396   20612 watch.go:40] Failed to load config from "c:\\Users\\NEW USER\\Desktop\\download (2)\\dataconnect": could not find dataconnect.yaml in `c:\Users\NEW USER\Desktop\download (2)\dataconnect`
 {"metadata":{"emulator":{"name":"dataconnect"},"message":"E0608 13:46:04.128396   20612 watch.go:116] watchAllDir unable to walk dir `c:\\Users\\NEW USER\\Desktop\\download (2)\\dataconnect`: GetFileAttributesEx c:\\Users\\NEW USER\\Desktop\\download (2)\\dataconnect: The system cannot find the file specified.\nE0608 13:46:04.128396   20612 watch.go:40] Failed to load config from \"c:\\\\Users\\\\NEW USER\\\\Desktop\\\\download (2)\\\\dataconnect\": could not find dataconnect.yaml in `c:\\Users\\NEW USER\\Desktop\\download (2)\\dataconnect`\n"}}
[debug] [2026-06-08T12:46:14.129Z] E0608 13:46:14.128299   20612 watch.go:40] Failed to load config from "c:\\Users\\NEW USER\\Desktop\\download (2)\\dataconnect": could not find dataconnect.yaml in `c:\Users\NEW USER\Desktop\download (2)\dataconnect`
 {"metadata":{"emulator":{"name":"dataconnect"},"message":"E0608 13:46:14.128299   20612 watch.go:40] Failed to load config from \"c:\\\\Users\\\\NEW USER\\\\Desktop\\\\download (2)\\\\dataconnect\": could not find dataconnect.yaml in `c:\\Users\\NEW USER\\Desktop\\download (2)\\dataconnect`\n"}}
[debug] [2026-06-08T12:46:24.128Z] E0608 13:46:24.128180   20612 watch.go:40] Failed to load config from "c:\\Users\\NEW USER\\Desktop\\download (2)\\dataconnect": could not find dataconnect.yaml in `c:\Users\NEW USER\Desktop\download (2)\dataconnect`
 {"metadata":{"emulator":{"name":"dataconnect"},"message":"E0608 13:46:24.128180   20612 watch.go:40] Failed to load config from \"c:\\\\Users\\\\NEW USER\\\\Desktop\\\\download (2)\\\\dataconnect\": could not find dataconnect.yaml in `c:\\Users\\NEW USER\\Desktop\\download (2)\\dataconnect`\n"}}
[debug] [2026-06-08T12:46:34.128Z] E0608 13:46:34.127978   20612 watch.go:40] Failed to load config from "c:\\Users\\NEW USER\\Desktop\\download (2)\\dataconnect": could not find dataconnect.yaml in `c:\Users\NEW USER\Desktop\download (2)\dataconnect`
 {"metadata":{"emulator":{"name":"dataconnect"},"message":"E0608 13:46:34.127978   20612 watch.go:40] Failed to load config from \"c:\\\\Users\\\\NEW USER\\\\Desktop\\\\download (2)\\\\dataconnect\": could not find dataconnect.yaml in `c:\\Users\\NEW USER\\Desktop\\download (2)\\dataconnect`\n"}}
[debug] [2026-06-08T12:46:44.128Z] E0608 13:46:44.128274   20612 watch.go:40] Failed to load config from "c:\\Users\\NEW USER\\Desktop\\download (2)\\dataconnect": could not find dataconnect.yaml in `c:\Users\NEW USER\Desktop\download (2)\dataconnect`
 {"metadata":{"emulator":{"name":"dataconnect"},"message":"E0608 13:46:44.128274   20612 watch.go:40] Failed to load config from \"c:\\\\Users\\\\NEW USER\\\\Desktop\\\\download (2)\\\\dataconnect\": could not find dataconnect.yaml in `c:\\Users\\NEW USER\\Desktop\\download (2)\\dataconnect`\n"}}
[debug] [2026-06-08T12:46:54.128Z] E0608 13:46:54.128239   20612 watch.go:40] Failed to load config from "c:\\Users\\NEW USER\\Desktop\\download (2)\\dataconnect": could not find dataconnect.yaml in `c:\Users\NEW USER\Desktop\download (2)\dataconnect`
 {"metadata":{"emulator":{"name":"dataconnect"},"message":"E0608 13:46:54.128239   20612 watch.go:40] Failed to load config from \"c:\\\\Users\\\\NEW USER\\\\Desktop\\\\download (2)\\\\dataconnect\": could not find dataconnect.yaml in `c:\\Users\\NEW USER\\Desktop\\download (2)\\dataconnect`\n"}}
[debug] [2026-06-08T12:47:04.128Z] E0608 13:47:04.128323   20612 watch.go:116] watchAllDir unable to walk dir `c:\Users\NEW USER\Desktop\download (2)\dataconnect`: GetFileAttributesEx c:\Users\NEW USER\Desktop\download (2)\dataconnect: The system cannot find the file specified.
 {"metadata":{"emulator":{"name":"dataconnect"},"message":"E0608 13:47:04.128323   20612 watch.go:116] watchAllDir unable to walk dir `c:\\Users\\NEW USER\\Desktop\\download (2)\\dataconnect`: GetFileAttributesEx c:\\Users\\NEW USER\\Desktop\\download (2)\\dataconnect: The system cannot find the file specified.\n"}}
[debug] [2026-06-08T12:47:04.130Z] E0608 13:47:04.129651   20612 watch.go:40] Failed to load config from "c:\\Users\\NEW USER\\Desktop\\download (2)\\dataconnect": could not find dataconnect.yaml in `c:\Users\NEW USER\Desktop\download (2)\dataconnect`
 {"metadata":{"emulator":{"name":"dataconnect"},"message":"E0608 13:47:04.129651   20612 watch.go:40] Failed to load config from \"c:\\\\Users\\\\NEW USER\\\\Desktop\\\\download (2)\\\\dataconnect\": could not find dataconnect.yaml in `c:\\Users\\NEW USER\\Desktop\\download (2)\\dataconnect`\n"}}
[debug] [2026-06-08T12:47:14.129Z] E0608 13:47:14.128823   20612 watch.go:40] Failed to load config from "c:\\Users\\NEW USER\\Desktop\\download (2)\\dataconnect": could not find dataconnect.yaml in `c:\Users\NEW USER\Desktop\download (2)\dataconnect`
 {"metadata":{"emulator":{"name":"dataconnect"},"message":"E0608 13:47:14.128823   20612 watch.go:40] Failed to load config from \"c:\\\\Users\\\\NEW USER\\\\Desktop\\\\download (2)\\\\dataconnect\": could not find dataconnect.yaml in `c:\\Users\\NEW USER\\Desktop\\download (2)\\dataconnect`\n"}}
[debug] [2026-06-08T12:47:24.128Z] E0608 13:47:24.128580   20612 watch.go:40] Failed to load config from "c:\\Users\\NEW USER\\Desktop\\download (2)\\dataconnect": could not find dataconnect.yaml in `c:\Users\NEW USER\Desktop\download (2)\dataconnect`
 {"metadata":{"emulator":{"name":"dataconnect"},"message":"E0608 13:47:24.128580   20612 watch.go:40] Failed to load config from \"c:\\\\Users\\\\NEW USER\\\\Desktop\\\\download (2)\\\\dataconnect\": could not find dataconnect.yaml in `c:\\Users\\NEW USER\\Desktop\\download (2)\\dataconnect`\n"}}
[debug] [2026-06-08T12:47:34.129Z] E0608 13:47:34.129624   20612 watch.go:40] Failed to load config from "c:\\Users\\NEW USER\\Desktop\\download (2)\\dataconnect": could not find dataconnect.yaml in `c:\Users\NEW USER\Desktop\download (2)\dataconnect`
 {"metadata":{"emulator":{"name":"dataconnect"},"message":"E0608 13:47:34.129624   20612 watch.go:40] Failed to load config from \"c:\\\\Users\\\\NEW USER\\\\Desktop\\\\download (2)\\\\dataconnect\": could not find dataconnect.yaml in `c:\\Users\\NEW USER\\Desktop\\download (2)\\dataconnect`\n"}}
[debug] [2026-06-08T12:47:44.129Z] E0608 13:47:44.129530   20612 watch.go:40] Failed to load config from "c:\\Users\\NEW USER\\Desktop\\download (2)\\dataconnect": could not find dataconnect.yaml in `c:\Users\NEW USER\Desktop\download (2)\dataconnect`
 {"metadata":{"emulator":{"name":"dataconnect"},"message":"E0608 13:47:44.129530   20612 watch.go:40] Failed to load config from \"c:\\\\Users\\\\NEW USER\\\\Desktop\\\\download (2)\\\\dataconnect\": could not find dataconnect.yaml in `c:\\Users\\NEW USER\\Desktop\\download (2)\\dataconnect`\n"}}
[debug] [2026-06-08T12:47:54.128Z] E0608 13:47:54.129115   20612 watch.go:40] Failed to load config from "c:\\Users\\NEW USER\\Desktop\\download (2)\\dataconnect": could not find dataconnect.yaml in `c:\Users\NEW USER\Desktop\download (2)\dataconnect`
 {"metadata":{"emulator":{"name":"dataconnect"},"message":"E0608 13:47:54.129115   20612 watch.go:40] Failed to load config from \"c:\\\\Users\\\\NEW USER\\\\Desktop\\\\download (2)\\\\dataconnect\": could not find dataconnect.yaml in `c:\\Users\\NEW USER\\Desktop\\download (2)\\dataconnect`\n"}}
[debug] [2026-06-08T12:48:04.129Z] E0608 13:48:04.129150   20612 watch.go:116] watchAllDir unable to walk dir `c:\Users\NEW USER\Desktop\download (2)\dataconnect`: GetFileAttributesEx c:\Users\NEW USER\Desktop\download (2)\dataconnect: The system cannot find the file specified.
 {"metadata":{"emulator":{"name":"dataconnect"},"message":"E0608 13:48:04.129150   20612 watch.go:116] watchAllDir unable to walk dir `c:\\Users\\NEW USER\\Desktop\\download (2)\\dataconnect`: GetFileAttributesEx c:\\Users\\NEW USER\\Desktop\\download (2)\\dataconnect: The system cannot find the file specified.\n"}}
[debug] [2026-06-08T12:48:04.131Z] E0608 13:48:04.130251   20612 watch.go:40] Failed to load config from "c:\\Users\\NEW USER\\Desktop\\download (2)\\dataconnect": could not find dataconnect.yaml in `c:\Users\NEW USER\Desktop\download (2)\dataconnect`
 {"metadata":{"emulator":{"name":"dataconnect"},"message":"E0608 13:48:04.130251   20612 watch.go:40] Failed to load config from \"c:\\\\Users\\\\NEW USER\\\\Desktop\\\\download (2)\\\\dataconnect\": could not find dataconnect.yaml in `c:\\Users\\NEW USER\\Desktop\\download (2)\\dataconnect`\n"}}
[debug] [2026-06-08T12:48:14.129Z] E0608 13:48:14.129273   20612 watch.go:40] Failed to load config from "c:\\Users\\NEW USER\\Desktop\\download (2)\\dataconnect": could not find dataconnect.yaml in `c:\Users\NEW USER\Desktop\download (2)\dataconnect`
 {"metadata":{"emulator":{"name":"dataconnect"},"message":"E0608 13:48:14.129273   20612 watch.go:40] Failed to load config from \"c:\\\\Users\\\\NEW USER\\\\Desktop\\\\download (2)\\\\dataconnect\": could not find dataconnect.yaml in `c:\\Users\\NEW USER\\Desktop\\download (2)\\dataconnect`\n"}}
[debug] [2026-06-08T12:48:24.128Z] E0608 13:48:24.128529   20612 watch.go:40] Failed to load config from "c:\\Users\\NEW USER\\Desktop\\download (2)\\dataconnect": could not find dataconnect.yaml in `c:\Users\NEW USER\Desktop\download (2)\dataconnect`
 {"metadata":{"emulator":{"name":"dataconnect"},"message":"E0608 13:48:24.128529   20612 watch.go:40] Failed to load config from \"c:\\\\Users\\\\NEW USER\\\\Desktop\\\\download (2)\\\\dataconnect\": could not find dataconnect.yaml in `c:\\Users\\NEW USER\\Desktop\\download (2)\\dataconnect`\n"}}
[debug] [2026-06-08T12:48:34.130Z] E0608 13:48:34.130178   20612 watch.go:40] Failed to load config from "c:\\Users\\NEW USER\\Desktop\\download (2)\\dataconnect": could not find dataconnect.yaml in `c:\Users\NEW USER\Desktop\download (2)\dataconnect`
 {"metadata":{"emulator":{"name":"dataconnect"},"message":"E0608 13:48:34.130178   20612 watch.go:40] Failed to load config from \"c:\\\\Users\\\\NEW USER\\\\Desktop\\\\download (2)\\\\dataconnect\": could not find dataconnect.yaml in `c:\\Users\\NEW USER\\Desktop\\download (2)\\dataconnect`\n"}}
[debug] [2026-06-08T12:48:44.129Z] E0608 13:48:44.129425   20612 watch.go:40] Failed to load config from "c:\\Users\\NEW USER\\Desktop\\download (2)\\dataconnect": could not find dataconnect.yaml in `c:\Users\NEW USER\Desktop\download (2)\dataconnect`
 {"metadata":{"emulator":{"name":"dataconnect"},"message":"E0608 13:48:44.129425   20612 watch.go:40] Failed to load config from \"c:\\\\Users\\\\NEW USER\\\\Desktop\\\\download (2)\\\\dataconnect\": could not find dataconnect.yaml in `c:\\Users\\NEW USER\\Desktop\\download (2)\\dataconnect`\n"}}
[debug] [2026-06-08T12:48:54.129Z] E0608 13:48:54.129625   20612 watch.go:40] Failed to load config from "c:\\Users\\NEW USER\\Desktop\\download (2)\\dataconnect": could not find dataconnect.yaml in `c:\Users\NEW USER\Desktop\download (2)\dataconnect`
 {"metadata":{"emulator":{"name":"dataconnect"},"message":"E0608 13:48:54.129625   20612 watch.go:40] Failed to load config from \"c:\\\\Users\\\\NEW USER\\\\Desktop\\\\download (2)\\\\dataconnect\": could not find dataconnect.yaml in `c:\\Users\\NEW USER\\Desktop\\download (2)\\dataconnect`\n"}}
[debug] [2026-06-08T12:49:04.128Z] E0608 13:49:04.128685   20612 watch.go:116] watchAllDir unable to walk dir `c:\Users\NEW USER\Desktop\download (2)\dataconnect`: GetFileAttributesEx c:\Users\NEW USER\Desktop\download (2)\dataconnect: The system cannot find the file specified.
 {"metadata":{"emulator":{"name":"dataconnect"},"message":"E0608 13:49:04.128685   20612 watch.go:116] watchAllDir unable to walk dir `c:\\Users\\NEW USER\\Desktop\\download (2)\\dataconnect`: GetFileAttributesEx c:\\Users\\NEW USER\\Desktop\\download (2)\\dataconnect: The system cannot find the file specified.\n"}}
[debug] [2026-06-08T12:49:04.130Z] E0608 13:49:04.128685   20612 watch.go:40] Failed to load config from "c:\\Users\\NEW USER\\Desktop\\download (2)\\dataconnect": could not find dataconnect.yaml in `c:\Users\NEW USER\Desktop\download (2)\dataconnect`
 {"metadata":{"emulator":{"name":"dataconnect"},"message":"E0608 13:49:04.128685   20612 watch.go:40] Failed to load config from \"c:\\\\Users\\\\NEW USER\\\\Desktop\\\\download (2)\\\\dataconnect\": could not find dataconnect.yaml in `c:\\Users\\NEW USER\\Desktop\\download (2)\\dataconnect`\n"}}
[debug] [2026-06-08T12:49:14.130Z] E0608 13:49:14.130347   20612 watch.go:40] Failed to load config from "c:\\Users\\NEW USER\\Desktop\\download (2)\\dataconnect": could not find dataconnect.yaml in `c:\Users\NEW USER\Desktop\download (2)\dataconnect`
 {"metadata":{"emulator":{"name":"dataconnect"},"message":"E0608 13:49:14.130347   20612 watch.go:40] Failed to load config from \"c:\\\\Users\\\\NEW USER\\\\Desktop\\\\download (2)\\\\dataconnect\": could not find dataconnect.yaml in `c:\\Users\\NEW USER\\Desktop\\download (2)\\dataconnect`\n"}}
[debug] [2026-06-08T12:49:24.128Z] E0608 13:49:24.128422   20612 watch.go:40] Failed to load config from "c:\\Users\\NEW USER\\Desktop\\download (2)\\dataconnect": could not find dataconnect.yaml in `c:\Users\NEW USER\Desktop\download (2)\dataconnect`
 {"metadata":{"emulator":{"name":"dataconnect"},"message":"E0608 13:49:24.128422   20612 watch.go:40] Failed to load config from \"c:\\\\Users\\\\NEW USER\\\\Desktop\\\\download (2)\\\\dataconnect\": could not find dataconnect.yaml in `c:\\Users\\NEW USER\\Desktop\\download (2)\\dataconnect`\n"}}
[debug] [2026-06-08T12:49:34.128Z] E0608 13:49:34.128431   20612 watch.go:40] Failed to load config from "c:\\Users\\NEW USER\\Desktop\\download (2)\\dataconnect": could not find dataconnect.yaml in `c:\Users\NEW USER\Desktop\download (2)\dataconnect`
 {"metadata":{"emulator":{"name":"dataconnect"},"message":"E0608 13:49:34.128431   20612 watch.go:40] Failed to load config from \"c:\\\\Users\\\\NEW USER\\\\Desktop\\\\download (2)\\\\dataconnect\": could not find dataconnect.yaml in `c:\\Users\\NEW USER\\Desktop\\download (2)\\dataconnect`\n"}}
[debug] [2026-06-08T12:49:44.128Z] E0608 13:49:44.128392   20612 watch.go:40] Failed to load config from "c:\\Users\\NEW USER\\Desktop\\download (2)\\dataconnect": could not find dataconnect.yaml in `c:\Users\NEW USER\Desktop\download (2)\dataconnect`
 {"metadata":{"emulator":{"name":"dataconnect"},"message":"E0608 13:49:44.128392   20612 watch.go:40] Failed to load config from \"c:\\\\Users\\\\NEW USER\\\\Desktop\\\\download (2)\\\\dataconnect\": could not find dataconnect.yaml in `c:\\Users\\NEW USER\\Desktop\\download (2)\\dataconnect`\n"}}
[debug] [2026-06-08T12:49:54.128Z] E0608 13:49:54.128386   20612 watch.go:40] Failed to load config from "c:\\Users\\NEW USER\\Desktop\\download (2)\\dataconnect": could not find dataconnect.yaml in `c:\Users\NEW USER\Desktop\download (2)\dataconnect`
 {"metadata":{"emulator":{"name":"dataconnect"},"message":"E0608 13:49:54.128386   20612 watch.go:40] Failed to load config from \"c:\\\\Users\\\\NEW USER\\\\Desktop\\\\download (2)\\\\dataconnect\": could not find dataconnect.yaml in `c:\\Users\\NEW USER\\Desktop\\download (2)\\dataconnect`\n"}}
[debug] [2026-06-08T12:50:04.128Z] E0608 13:50:04.128113   20612 watch.go:116] watchAllDir unable to walk dir `c:\Users\NEW USER\Desktop\download (2)\dataconnect`: GetFileAttributesEx c:\Users\NEW USER\Desktop\download (2)\dataconnect: The system cannot find the file specified.
 {"metadata":{"emulator":{"name":"dataconnect"},"message":"E0608 13:50:04.128113   20612 watch.go:116] watchAllDir unable to walk dir `c:\\Users\\NEW USER\\Desktop\\download (2)\\dataconnect`: GetFileAttributesEx c:\\Users\\NEW USER\\Desktop\\download (2)\\dataconnect: The system cannot find the file specified.\n"}}
[debug] [2026-06-08T12:50:04.130Z] E0608 13:50:04.129005   20612 watch.go:40] Failed to load config from "c:\\Users\\NEW USER\\Desktop\\download (2)\\dataconnect": could not find dataconnect.yaml in `c:\Users\NEW USER\Desktop\download (2)\dataconnect`
 {"metadata":{"emulator":{"name":"dataconnect"},"message":"E0608 13:50:04.129005   20612 watch.go:40] Failed to load config from \"c:\\\\Users\\\\NEW USER\\\\Desktop\\\\download (2)\\\\dataconnect\": could not find dataconnect.yaml in `c:\\Users\\NEW USER\\Desktop\\download (2)\\dataconnect`\n"}}
[debug] [2026-06-08T12:50:14.129Z] E0608 13:50:14.129182   20612 watch.go:40] Failed to load config from "c:\\Users\\NEW USER\\Desktop\\download (2)\\dataconnect": could not find dataconnect.yaml in `c:\Users\NEW USER\Desktop\download (2)\dataconnect`
 {"metadata":{"emulator":{"name":"dataconnect"},"message":"E0608 13:50:14.129182   20612 watch.go:40] Failed to load config from \"c:\\\\Users\\\\NEW USER\\\\Desktop\\\\download (2)\\\\dataconnect\": could not find dataconnect.yaml in `c:\\Users\\NEW USER\\Desktop\\download (2)\\dataconnect`\n"}}
[debug] [2026-06-08T12:50:24.128Z] E0608 13:50:24.128856   20612 watch.go:40] Failed to load config from "c:\\Users\\NEW USER\\Desktop\\download (2)\\dataconnect": could not find dataconnect.yaml in `c:\Users\NEW USER\Desktop\download (2)\dataconnect`
 {"metadata":{"emulator":{"name":"dataconnect"},"message":"E0608 13:50:24.128856   20612 watch.go:40] Failed to load config from \"c:\\\\Users\\\\NEW USER\\\\Desktop\\\\download (2)\\\\dataconnect\": could not find dataconnect.yaml in `c:\\Users\\NEW USER\\Desktop\\download (2)\\dataconnect`\n"}}
[debug] [2026-06-08T12:50:34.127Z] E0608 13:50:34.128404   20612 watch.go:40] Failed to load config from "c:\\Users\\NEW USER\\Desktop\\download (2)\\dataconnect": could not find dataconnect.yaml in `c:\Users\NEW USER\Desktop\download (2)\dataconnect`
 {"metadata":{"emulator":{"name":"dataconnect"},"message":"E0608 13:50:34.128404   20612 watch.go:40] Failed to load config from \"c:\\\\Users\\\\NEW USER\\\\Desktop\\\\download (2)\\\\dataconnect\": could not find dataconnect.yaml in `c:\\Users\\NEW USER\\Desktop\\download (2)\\dataconnect`\n"}}
[debug] [2026-06-08T12:50:44.128Z] E0608 13:50:44.128829   20612 watch.go:40] Failed to load config from "c:\\Users\\NEW USER\\Desktop\\download (2)\\dataconnect": could not find dataconnect.yaml in `c:\Users\NEW USER\Desktop\download (2)\dataconnect`
 {"metadata":{"emulator":{"name":"dataconnect"},"message":"E0608 13:50:44.128829   20612 watch.go:40] Failed to load config from \"c:\\\\Users\\\\NEW USER\\\\Desktop\\\\download (2)\\\\dataconnect\": could not find dataconnect.yaml in `c:\\Users\\NEW USER\\Desktop\\download (2)\\dataconnect`\n"}}
[debug] [2026-06-08T12:50:54.129Z] E0608 13:50:54.129292   20612 watch.go:40] Failed to load config from "c:\\Users\\NEW USER\\Desktop\\download (2)\\dataconnect": could not find dataconnect.yaml in `c:\Users\NEW USER\Desktop\download (2)\dataconnect`
 {"metadata":{"emulator":{"name":"dataconnect"},"message":"E0608 13:50:54.129292   20612 watch.go:40] Failed to load config from \"c:\\\\Users\\\\NEW USER\\\\Desktop\\\\download (2)\\\\dataconnect\": could not find dataconnect.yaml in `c:\\Users\\NEW USER\\Desktop\\download (2)\\dataconnect`\n"}}
[debug] [2026-06-08T12:51:04.127Z] E0608 13:51:04.128069   20612 watch.go:116] watchAllDir unable to walk dir `c:\Users\NEW USER\Desktop\download (2)\dataconnect`: GetFileAttributesEx c:\Users\NEW USER\Desktop\download (2)\dataconnect: The system cannot find the file specified.
E0608 13:51:04.128069   20612 watch.go:40] Failed to load config from "c:\\Users\\NEW USER\\Desktop\\download (2)\\dataconnect": could not find dataconnect.yaml in `c:\Users\NEW USER\Desktop\download (2)\dataconnect`
 {"metadata":{"emulator":{"name":"dataconnect"},"message":"E0608 13:51:04.128069   20612 watch.go:116] watchAllDir unable to walk dir `c:\\Users\\NEW USER\\Desktop\\download (2)\\dataconnect`: GetFileAttributesEx c:\\Users\\NEW USER\\Desktop\\download (2)\\dataconnect: The system cannot find the file specified.\nE0608 13:51:04.128069   20612 watch.go:40] Failed to load config from \"c:\\\\Users\\\\NEW USER\\\\Desktop\\\\download (2)\\\\dataconnect\": could not find dataconnect.yaml in `c:\\Users\\NEW USER\\Desktop\\download (2)\\dataconnect`\n"}}
[debug] [2026-06-08T12:51:14.128Z] E0608 13:51:14.128195   20612 watch.go:40] Failed to load config from "c:\\Users\\NEW USER\\Desktop\\download (2)\\dataconnect": could not find dataconnect.yaml in `c:\Users\NEW USER\Desktop\download (2)\dataconnect`
 {"metadata":{"emulator":{"name":"dataconnect"},"message":"E0608 13:51:14.128195   20612 watch.go:40] Failed to load config from \"c:\\\\Users\\\\NEW USER\\\\Desktop\\\\download (2)\\\\dataconnect\": could not find dataconnect.yaml in `c:\\Users\\NEW USER\\Desktop\\download (2)\\dataconnect`\n"}}
[debug] [2026-06-08T12:51:24.129Z] E0608 13:51:24.129485   20612 watch.go:40] Failed to load config from "c:\\Users\\NEW USER\\Desktop\\download (2)\\dataconnect": could not find dataconnect.yaml in `c:\Users\NEW USER\Desktop\download (2)\dataconnect`
 {"metadata":{"emulator":{"name":"dataconnect"},"message":"E0608 13:51:24.129485   20612 watch.go:40] Failed to load config from \"c:\\\\Users\\\\NEW USER\\\\Desktop\\\\download (2)\\\\dataconnect\": could not find dataconnect.yaml in `c:\\Users\\NEW USER\\Desktop\\download (2)\\dataconnect`\n"}}
[debug] [2026-06-08T12:51:34.127Z] E0608 13:51:34.128230   20612 watch.go:40] Failed to load config from "c:\\Users\\NEW USER\\Desktop\\download (2)\\dataconnect": could not find dataconnect.yaml in `c:\Users\NEW USER\Desktop\download (2)\dataconnect`
 {"metadata":{"emulator":{"name":"dataconnect"},"message":"E0608 13:51:34.128230   20612 watch.go:40] Failed to load config from \"c:\\\\Users\\\\NEW USER\\\\Desktop\\\\download (2)\\\\dataconnect\": could not find dataconnect.yaml in `c:\\Users\\NEW USER\\Desktop\\download (2)\\dataconnect`\n"}}
[debug] [2026-06-08T12:51:44.127Z] E0608 13:51:44.128262   20612 watch.go:40] Failed to load config from "c:\\Users\\NEW USER\\Desktop\\download (2)\\dataconnect": could not find dataconnect.yaml in `c:\Users\NEW USER\Desktop\download (2)\dataconnect`
 {"metadata":{"emulator":{"name":"dataconnect"},"message":"E0608 13:51:44.128262   20612 watch.go:40] Failed to load config from \"c:\\\\Users\\\\NEW USER\\\\Desktop\\\\download (2)\\\\dataconnect\": could not find dataconnect.yaml in `c:\\Users\\NEW USER\\Desktop\\download (2)\\dataconnect`\n"}}
[debug] [2026-06-08T12:51:54.129Z] E0608 13:51:54.129380   20612 watch.go:40] Failed to load config from "c:\\Users\\NEW USER\\Desktop\\download (2)\\dataconnect": could not find dataconnect.yaml in `c:\Users\NEW USER\Desktop\download (2)\dataconnect`
 {"metadata":{"emulator":{"name":"dataconnect"},"message":"E0608 13:51:54.129380   20612 watch.go:40] Failed to load config from \"c:\\\\Users\\\\NEW USER\\\\Desktop\\\\download (2)\\\\dataconnect\": could not find dataconnect.yaml in `c:\\Users\\NEW USER\\Desktop\\download (2)\\dataconnect`\n"}}
[debug] [2026-06-08T12:52:04.128Z] E0608 13:52:04.128274   20612 watch.go:116] watchAllDir unable to walk dir `c:\Users\NEW USER\Desktop\download (2)\dataconnect`: GetFileAttributesEx c:\Users\NEW USER\Desktop\download (2)\dataconnect: The system cannot find the file specified.
 {"metadata":{"emulator":{"name":"dataconnect"},"message":"E0608 13:52:04.128274   20612 watch.go:116] watchAllDir unable to walk dir `c:\\Users\\NEW USER\\Desktop\\download (2)\\dataconnect`: GetFileAttributesEx c:\\Users\\NEW USER\\Desktop\\download (2)\\dataconnect: The system cannot find the file specified.\n"}}
[debug] [2026-06-08T12:52:04.129Z] E0608 13:52:04.128975   20612 watch.go:40] Failed to load config from "c:\\Users\\NEW USER\\Desktop\\download (2)\\dataconnect": could not find dataconnect.yaml in `c:\Users\NEW USER\Desktop\download (2)\dataconnect`
 {"metadata":{"emulator":{"name":"dataconnect"},"message":"E0608 13:52:04.128975   20612 watch.go:40] Failed to load config from \"c:\\\\Users\\\\NEW USER\\\\Desktop\\\\download (2)\\\\dataconnect\": could not find dataconnect.yaml in `c:\\Users\\NEW USER\\Desktop\\download (2)\\dataconnect`\n"}}
[debug] [2026-06-08T12:52:14.129Z] E0608 13:52:14.129105   20612 watch.go:40] Failed to load config from "c:\\Users\\NEW USER\\Desktop\\download (2)\\dataconnect": could not find dataconnect.yaml in `c:\Users\NEW USER\Desktop\download (2)\dataconnect`
 {"metadata":{"emulator":{"name":"dataconnect"},"message":"E0608 13:52:14.129105   20612 watch.go:40] Failed to load config from \"c:\\\\Users\\\\NEW USER\\\\Desktop\\\\download (2)\\\\dataconnect\": could not find dataconnect.yaml in `c:\\Users\\NEW USER\\Desktop\\download (2)\\dataconnect`\n"}}
[debug] [2026-06-08T12:52:24.128Z] E0608 13:52:24.128284   20612 watch.go:40] Failed to load config from "c:\\Users\\NEW USER\\Desktop\\download (2)\\dataconnect": could not find dataconnect.yaml in `c:\Users\NEW USER\Desktop\download (2)\dataconnect`
 {"metadata":{"emulator":{"name":"dataconnect"},"message":"E0608 13:52:24.128284   20612 watch.go:40] Failed to load config from \"c:\\\\Users\\\\NEW USER\\\\Desktop\\\\download (2)\\\\dataconnect\": could not find dataconnect.yaml in `c:\\Users\\NEW USER\\Desktop\\download (2)\\dataconnect`\n"}}
[debug] [2026-06-08T12:52:34.130Z] E0608 13:52:34.129861   20612 watch.go:40] Failed to load config from "c:\\Users\\NEW USER\\Desktop\\download (2)\\dataconnect": could not find dataconnect.yaml in `c:\Users\NEW USER\Desktop\download (2)\dataconnect`
 {"metadata":{"emulator":{"name":"dataconnect"},"message":"E0608 13:52:34.129861   20612 watch.go:40] Failed to load config from \"c:\\\\Users\\\\NEW USER\\\\Desktop\\\\download (2)\\\\dataconnect\": could not find dataconnect.yaml in `c:\\Users\\NEW USER\\Desktop\\download (2)\\dataconnect`\n"}}
[debug] [2026-06-08T12:52:44.128Z] E0608 13:52:44.128717   20612 watch.go:40] Failed to load config from "c:\\Users\\NEW USER\\Desktop\\download (2)\\dataconnect": could not find dataconnect.yaml in `c:\Users\NEW USER\Desktop\download (2)\dataconnect`
 {"metadata":{"emulator":{"name":"dataconnect"},"message":"E0608 13:52:44.128717   20612 watch.go:40] Failed to load config from \"c:\\\\Users\\\\NEW USER\\\\Desktop\\\\download (2)\\\\dataconnect\": could not find dataconnect.yaml in `c:\\Users\\NEW USER\\Desktop\\download (2)\\dataconnect`\n"}}
[debug] [2026-06-08T12:52:54.129Z] E0608 13:52:54.129238   20612 watch.go:40] Failed to load config from "c:\\Users\\NEW USER\\Desktop\\download (2)\\dataconnect": could not find dataconnect.yaml in `c:\Users\NEW USER\Desktop\download (2)\dataconnect`
 {"metadata":{"emulator":{"name":"dataconnect"},"message":"E0608 13:52:54.129238   20612 watch.go:40] Failed to load config from \"c:\\\\Users\\\\NEW USER\\\\Desktop\\\\download (2)\\\\dataconnect\": could not find dataconnect.yaml in `c:\\Users\\NEW USER\\Desktop\\download (2)\\dataconnect`\n"}}
[debug] [2026-06-08T12:53:04.128Z] E0608 13:53:04.128365   20612 watch.go:116] watchAllDir unable to walk dir `c:\Users\NEW USER\Desktop\download (2)\dataconnect`: GetFileAttributesEx c:\Users\NEW USER\Desktop\download (2)\dataconnect: The system cannot find the file specified.
E0608 13:53:04.128365   20612 watch.go:40] Failed to load config from "c:\\Users\\NEW USER\\Desktop\\download (2)\\dataconnect": could not find dataconnect.yaml in `c:\Users\NEW USER\Desktop\download (2)\dataconnect`
 {"metadata":{"emulator":{"name":"dataconnect"},"message":"E0608 13:53:04.128365   20612 watch.go:116] watchAllDir unable to walk dir `c:\\Users\\NEW USER\\Desktop\\download (2)\\dataconnect`: GetFileAttributesEx c:\\Users\\NEW USER\\Desktop\\download (2)\\dataconnect: The system cannot find the file specified.\nE0608 13:53:04.128365   20612 watch.go:40] Failed to load config from \"c:\\\\Users\\\\NEW USER\\\\Desktop\\\\download (2)\\\\dataconnect\": could not find dataconnect.yaml in `c:\\Users\\NEW USER\\Desktop\\download (2)\\dataconnect`\n"}}
[debug] [2026-06-08T12:53:14.128Z] E0608 13:53:14.128700   20612 watch.go:40] Failed to load config from "c:\\Users\\NEW USER\\Desktop\\download (2)\\dataconnect": could not find dataconnect.yaml in `c:\Users\NEW USER\Desktop\download (2)\dataconnect`
 {"metadata":{"emulator":{"name":"dataconnect"},"message":"E0608 13:53:14.128700   20612 watch.go:40] Failed to load config from \"c:\\\\Users\\\\NEW USER\\\\Desktop\\\\download (2)\\\\dataconnect\": could not find dataconnect.yaml in `c:\\Users\\NEW USER\\Desktop\\download (2)\\dataconnect`\n"}}
[debug] [2026-06-08T12:53:24.130Z] E0608 13:53:24.129889   20612 watch.go:40] Failed to load config from "c:\\Users\\NEW USER\\Desktop\\download (2)\\dataconnect": could not find dataconnect.yaml in `c:\Users\NEW USER\Desktop\download (2)\dataconnect`
 {"metadata":{"emulator":{"name":"dataconnect"},"message":"E0608 13:53:24.129889   20612 watch.go:40] Failed to load config from \"c:\\\\Users\\\\NEW USER\\\\Desktop\\\\download (2)\\\\dataconnect\": could not find dataconnect.yaml in `c:\\Users\\NEW USER\\Desktop\\download (2)\\dataconnect`\n"}}
[debug] [2026-06-08T12:53:34.130Z] E0608 13:53:34.129532   20612 watch.go:40] Failed to load config from "c:\\Users\\NEW USER\\Desktop\\download (2)\\dataconnect": could not find dataconnect.yaml in `c:\Users\NEW USER\Desktop\download (2)\dataconnect`
 {"metadata":{"emulator":{"name":"dataconnect"},"message":"E0608 13:53:34.129532   20612 watch.go:40] Failed to load config from \"c:\\\\Users\\\\NEW USER\\\\Desktop\\\\download (2)\\\\dataconnect\": could not find dataconnect.yaml in `c:\\Users\\NEW USER\\Desktop\\download (2)\\dataconnect`\n"}}
[debug] [2026-06-08T12:53:44.130Z] E0608 13:53:44.129895   20612 watch.go:40] Failed to load config from "c:\\Users\\NEW USER\\Desktop\\download (2)\\dataconnect": could not find dataconnect.yaml in `c:\Users\NEW USER\Desktop\download (2)\dataconnect`
 {"metadata":{"emulator":{"name":"dataconnect"},"message":"E0608 13:53:44.129895   20612 watch.go:40] Failed to load config from \"c:\\\\Users\\\\NEW USER\\\\Desktop\\\\download (2)\\\\dataconnect\": could not find dataconnect.yaml in `c:\\Users\\NEW USER\\Desktop\\download (2)\\dataconnect`\n"}}
[debug] [2026-06-08T12:53:54.129Z] E0608 13:53:54.128752   20612 watch.go:40] Failed to load config from "c:\\Users\\NEW USER\\Desktop\\download (2)\\dataconnect": could not find dataconnect.yaml in `c:\Users\NEW USER\Desktop\download (2)\dataconnect`
 {"metadata":{"emulator":{"name":"dataconnect"},"message":"E0608 13:53:54.128752   20612 watch.go:40] Failed to load config from \"c:\\\\Users\\\\NEW USER\\\\Desktop\\\\download (2)\\\\dataconnect\": could not find dataconnect.yaml in `c:\\Users\\NEW USER\\Desktop\\download (2)\\dataconnect`\n"}}
[debug] [2026-06-08T12:54:04.130Z] E0608 13:54:04.129414   20612 watch.go:40] Failed to load config from "c:\\Users\\NEW USER\\Desktop\\download (2)\\dataconnect": could not find dataconnect.yaml in `c:\Users\NEW USER\Desktop\download (2)\dataconnect`
 {"metadata":{"emulator":{"name":"dataconnect"},"message":"E0608 13:54:04.129414   20612 watch.go:40] Failed to load config from \"c:\\\\Users\\\\NEW USER\\\\Desktop\\\\download (2)\\\\dataconnect\": could not find dataconnect.yaml in `c:\\Users\\NEW USER\\Desktop\\download (2)\\dataconnect`\n"}}
[debug] [2026-06-08T12:54:04.133Z] E0608 13:54:04.129414   20612 watch.go:116] watchAllDir unable to walk dir `c:\Users\NEW USER\Desktop\download (2)\dataconnect`: GetFileAttributesEx c:\Users\NEW USER\Desktop\download (2)\dataconnect: The system cannot find the file specified.
 {"metadata":{"emulator":{"name":"dataconnect"},"message":"E0608 13:54:04.129414   20612 watch.go:116] watchAllDir unable to walk dir `c:\\Users\\NEW USER\\Desktop\\download (2)\\dataconnect`: GetFileAttributesEx c:\\Users\\NEW USER\\Desktop\\download (2)\\dataconnect: The system cannot find the file specified.\n"}}
[debug] [2026-06-08T12:54:14.130Z] E0608 13:54:14.129595   20612 watch.go:40] Failed to load config from "c:\\Users\\NEW USER\\Desktop\\download (2)\\dataconnect": could not find dataconnect.yaml in `c:\Users\NEW USER\Desktop\download (2)\dataconnect`
 {"metadata":{"emulator":{"name":"dataconnect"},"message":"E0608 13:54:14.129595   20612 watch.go:40] Failed to load config from \"c:\\\\Users\\\\NEW USER\\\\Desktop\\\\download (2)\\\\dataconnect\": could not find dataconnect.yaml in `c:\\Users\\NEW USER\\Desktop\\download (2)\\dataconnect`\n"}}
[debug] [2026-06-08T12:54:24.130Z] E0608 13:54:24.129679   20612 watch.go:40] Failed to load config from "c:\\Users\\NEW USER\\Desktop\\download (2)\\dataconnect": could not find dataconnect.yaml in `c:\Users\NEW USER\Desktop\download (2)\dataconnect`
 {"metadata":{"emulator":{"name":"dataconnect"},"message":"E0608 13:54:24.129679   20612 watch.go:40] Failed to load config from \"c:\\\\Users\\\\NEW USER\\\\Desktop\\\\download (2)\\\\dataconnect\": could not find dataconnect.yaml in `c:\\Users\\NEW USER\\Desktop\\download (2)\\dataconnect`\n"}}
[debug] [2026-06-08T12:54:34.129Z] E0608 13:54:34.129374   20612 watch.go:40] Failed to load config from "c:\\Users\\NEW USER\\Desktop\\download (2)\\dataconnect": could not find dataconnect.yaml in `c:\Users\NEW USER\Desktop\download (2)\dataconnect`
 {"metadata":{"emulator":{"name":"dataconnect"},"message":"E0608 13:54:34.129374   20612 watch.go:40] Failed to load config from \"c:\\\\Users\\\\NEW USER\\\\Desktop\\\\download (2)\\\\dataconnect\": could not find dataconnect.yaml in `c:\\Users\\NEW USER\\Desktop\\download (2)\\dataconnect`\n"}}
[debug] [2026-06-08T12:54:44.130Z] E0608 13:54:44.130360   20612 watch.go:40] Failed to load config from "c:\\Users\\NEW USER\\Desktop\\download (2)\\dataconnect": could not find dataconnect.yaml in `c:\Users\NEW USER\Desktop\download (2)\dataconnect`
 {"metadata":{"emulator":{"name":"dataconnect"},"message":"E0608 13:54:44.130360   20612 watch.go:40] Failed to load config from \"c:\\\\Users\\\\NEW USER\\\\Desktop\\\\download (2)\\\\dataconnect\": could not find dataconnect.yaml in `c:\\Users\\NEW USER\\Desktop\\download (2)\\dataconnect`\n"}}
[debug] [2026-06-08T12:54:54.129Z] E0608 13:54:54.128778   20612 watch.go:40] Failed to load config from "c:\\Users\\NEW USER\\Desktop\\download (2)\\dataconnect": could not find dataconnect.yaml in `c:\Users\NEW USER\Desktop\download (2)\dataconnect`
 {"metadata":{"emulator":{"name":"dataconnect"},"message":"E0608 13:54:54.128778   20612 watch.go:40] Failed to load config from \"c:\\\\Users\\\\NEW USER\\\\Desktop\\\\download (2)\\\\dataconnect\": could not find dataconnect.yaml in `c:\\Users\\NEW USER\\Desktop\\download (2)\\dataconnect`\n"}}
[debug] [2026-06-08T12:55:04.129Z] E0608 13:55:04.128768   20612 watch.go:116] watchAllDir unable to walk dir `c:\Users\NEW USER\Desktop\download (2)\dataconnect`: GetFileAttributesEx c:\Users\NEW USER\Desktop\download (2)\dataconnect: The system cannot find the file specified.
 {"metadata":{"emulator":{"name":"dataconnect"},"message":"E0608 13:55:04.128768   20612 watch.go:116] watchAllDir unable to walk dir `c:\\Users\\NEW USER\\Desktop\\download (2)\\dataconnect`: GetFileAttributesEx c:\\Users\\NEW USER\\Desktop\\download (2)\\dataconnect: The system cannot find the file specified.\n"}}
[debug] [2026-06-08T12:55:04.131Z] E0608 13:55:04.129438   20612 watch.go:40] Failed to load config from "c:\\Users\\NEW USER\\Desktop\\download (2)\\dataconnect": could not find dataconnect.yaml in `c:\Users\NEW USER\Desktop\download (2)\dataconnect`
 {"metadata":{"emulator":{"name":"dataconnect"},"message":"E0608 13:55:04.129438   20612 watch.go:40] Failed to load config from \"c:\\\\Users\\\\NEW USER\\\\Desktop\\\\download (2)\\\\dataconnect\": could not find dataconnect.yaml in `c:\\Users\\NEW USER\\Desktop\\download (2)\\dataconnect`\n"}}
[debug] [2026-06-08T12:55:14.128Z] E0608 13:55:14.128624   20612 watch.go:40] Failed to load config from "c:\\Users\\NEW USER\\Desktop\\download (2)\\dataconnect": could not find dataconnect.yaml in `c:\Users\NEW USER\Desktop\download (2)\dataconnect`
 {"metadata":{"emulator":{"name":"dataconnect"},"message":"E0608 13:55:14.128624   20612 watch.go:40] Failed to load config from \"c:\\\\Users\\\\NEW USER\\\\Desktop\\\\download (2)\\\\dataconnect\": could not find dataconnect.yaml in `c:\\Users\\NEW USER\\Desktop\\download (2)\\dataconnect`\n"}}
[debug] [2026-06-08T12:55:24.130Z] E0608 13:55:24.129301   20612 watch.go:40] Failed to load config from "c:\\Users\\NEW USER\\Desktop\\download (2)\\dataconnect": could not find dataconnect.yaml in `c:\Users\NEW USER\Desktop\download (2)\dataconnect`
 {"metadata":{"emulator":{"name":"dataconnect"},"message":"E0608 13:55:24.129301   20612 watch.go:40] Failed to load config from \"c:\\\\Users\\\\NEW USER\\\\Desktop\\\\download (2)\\\\dataconnect\": could not find dataconnect.yaml in `c:\\Users\\NEW USER\\Desktop\\download (2)\\dataconnect`\n"}}
[debug] [2026-06-08T12:55:34.128Z] E0608 13:55:34.128302   20612 watch.go:40] Failed to load config from "c:\\Users\\NEW USER\\Desktop\\download (2)\\dataconnect": could not find dataconnect.yaml in `c:\Users\NEW USER\Desktop\download (2)\dataconnect`
 {"metadata":{"emulator":{"name":"dataconnect"},"message":"E0608 13:55:34.128302   20612 watch.go:40] Failed to load config from \"c:\\\\Users\\\\NEW USER\\\\Desktop\\\\download (2)\\\\dataconnect\": could not find dataconnect.yaml in `c:\\Users\\NEW USER\\Desktop\\download (2)\\dataconnect`\n"}}
[debug] [2026-06-08T12:55:44.130Z] E0608 13:55:44.129678   20612 watch.go:40] Failed to load config from "c:\\Users\\NEW USER\\Desktop\\download (2)\\dataconnect": could not find dataconnect.yaml in `c:\Users\NEW USER\Desktop\download (2)\dataconnect`
 {"metadata":{"emulator":{"name":"dataconnect"},"message":"E0608 13:55:44.129678   20612 watch.go:40] Failed to load config from \"c:\\\\Users\\\\NEW USER\\\\Desktop\\\\download (2)\\\\dataconnect\": could not find dataconnect.yaml in `c:\\Users\\NEW USER\\Desktop\\download (2)\\dataconnect`\n"}}
[debug] [2026-06-08T12:55:54.130Z] E0608 13:55:54.129733   20612 watch.go:40] Failed to load config from "c:\\Users\\NEW USER\\Desktop\\download (2)\\dataconnect": could not find dataconnect.yaml in `c:\Users\NEW USER\Desktop\download (2)\dataconnect`
 {"metadata":{"emulator":{"name":"dataconnect"},"message":"E0608 13:55:54.129733   20612 watch.go:40] Failed to load config from \"c:\\\\Users\\\\NEW USER\\\\Desktop\\\\download (2)\\\\dataconnect\": could not find dataconnect.yaml in `c:\\Users\\NEW USER\\Desktop\\download (2)\\dataconnect`\n"}}
[debug] [2026-06-08T12:56:04.130Z] E0608 13:56:04.128924   20612 watch.go:116] watchAllDir unable to walk dir `c:\Users\NEW USER\Desktop\download (2)\dataconnect`: GetFileAttributesEx c:\Users\NEW USER\Desktop\download (2)\dataconnect: The system cannot find the file specified.
 {"metadata":{"emulator":{"name":"dataconnect"},"message":"E0608 13:56:04.128924   20612 watch.go:116] watchAllDir unable to walk dir `c:\\Users\\NEW USER\\Desktop\\download (2)\\dataconnect`: GetFileAttributesEx c:\\Users\\NEW USER\\Desktop\\download (2)\\dataconnect: The system cannot find the file specified.\n"}}
[debug] [2026-06-08T12:56:04.132Z] E0608 13:56:04.130346   20612 watch.go:40] Failed to load config from "c:\\Users\\NEW USER\\Desktop\\download (2)\\dataconnect": could not find dataconnect.yaml in `c:\Users\NEW USER\Desktop\download (2)\dataconnect`
 {"metadata":{"emulator":{"name":"dataconnect"},"message":"E0608 13:56:04.130346   20612 watch.go:40] Failed to load config from \"c:\\\\Users\\\\NEW USER\\\\Desktop\\\\download (2)\\\\dataconnect\": could not find dataconnect.yaml in `c:\\Users\\NEW USER\\Desktop\\download (2)\\dataconnect`\n"}}
[debug] [2026-06-08T12:56:14.128Z] E0608 13:56:14.128794   20612 watch.go:40] Failed to load config from "c:\\Users\\NEW USER\\Desktop\\download (2)\\dataconnect": could not find dataconnect.yaml in `c:\Users\NEW USER\Desktop\download (2)\dataconnect`
 {"metadata":{"emulator":{"name":"dataconnect"},"message":"E0608 13:56:14.128794   20612 watch.go:40] Failed to load config from \"c:\\\\Users\\\\NEW USER\\\\Desktop\\\\download (2)\\\\dataconnect\": could not find dataconnect.yaml in `c:\\Users\\NEW USER\\Desktop\\download (2)\\dataconnect`\n"}}
[debug] [2026-06-08T12:56:24.132Z] E0608 13:56:24.131591   20612 watch.go:40] Failed to load config from "c:\\Users\\NEW USER\\Desktop\\download (2)\\dataconnect": could not find dataconnect.yaml in `c:\Users\NEW USER\Desktop\download (2)\dataconnect`
 {"metadata":{"emulator":{"name":"dataconnect"},"message":"E0608 13:56:24.131591   20612 watch.go:40] Failed to load config from \"c:\\\\Users\\\\NEW USER\\\\Desktop\\\\download (2)\\\\dataconnect\": could not find dataconnect.yaml in `c:\\Users\\NEW USER\\Desktop\\download (2)\\dataconnect`\n"}}
[debug] [2026-06-08T12:56:34.129Z] E0608 13:56:34.128875   20612 watch.go:40] Failed to load config from "c:\\Users\\NEW USER\\Desktop\\download (2)\\dataconnect": could not find dataconnect.yaml in `c:\Users\NEW USER\Desktop\download (2)\dataconnect`
 {"metadata":{"emulator":{"name":"dataconnect"},"message":"E0608 13:56:34.128875   20612 watch.go:40] Failed to load config from \"c:\\\\Users\\\\NEW USER\\\\Desktop\\\\download (2)\\\\dataconnect\": could not find dataconnect.yaml in `c:\\Users\\NEW USER\\Desktop\\download (2)\\dataconnect`\n"}}
[debug] [2026-06-08T12:56:44.128Z] E0608 13:56:44.128227   20612 watch.go:40] Failed to load config from "c:\\Users\\NEW USER\\Desktop\\download (2)\\dataconnect": could not find dataconnect.yaml in `c:\Users\NEW USER\Desktop\download (2)\dataconnect`
 {"metadata":{"emulator":{"name":"dataconnect"},"message":"E0608 13:56:44.128227   20612 watch.go:40] Failed to load config from \"c:\\\\Users\\\\NEW USER\\\\Desktop\\\\download (2)\\\\dataconnect\": could not find dataconnect.yaml in `c:\\Users\\NEW USER\\Desktop\\download (2)\\dataconnect`\n"}}
[debug] [2026-06-08T12:56:54.130Z] E0608 13:56:54.130408   20612 watch.go:40] Failed to load config from "c:\\Users\\NEW USER\\Desktop\\download (2)\\dataconnect": could not find dataconnect.yaml in `c:\Users\NEW USER\Desktop\download (2)\dataconnect`
 {"metadata":{"emulator":{"name":"dataconnect"},"message":"E0608 13:56:54.130408   20612 watch.go:40] Failed to load config from \"c:\\\\Users\\\\NEW USER\\\\Desktop\\\\download (2)\\\\dataconnect\": could not find dataconnect.yaml in `c:\\Users\\NEW USER\\Desktop\\download (2)\\dataconnect`\n"}}
[debug] [2026-06-08T12:57:04.128Z] E0608 13:57:04.128623   20612 watch.go:116] watchAllDir unable to walk dir `c:\Users\NEW USER\Desktop\download (2)\dataconnect`: GetFileAttributesEx c:\Users\NEW USER\Desktop\download (2)\dataconnect: The system cannot find the file specified.
 {"metadata":{"emulator":{"name":"dataconnect"},"message":"E0608 13:57:04.128623   20612 watch.go:116] watchAllDir unable to walk dir `c:\\Users\\NEW USER\\Desktop\\download (2)\\dataconnect`: GetFileAttributesEx c:\\Users\\NEW USER\\Desktop\\download (2)\\dataconnect: The system cannot find the file specified.\n"}}
[debug] [2026-06-08T12:57:04.129Z] E0608 13:57:04.128623   20612 watch.go:40] Failed to load config from "c:\\Users\\NEW USER\\Desktop\\download (2)\\dataconnect": could not find dataconnect.yaml in `c:\Users\NEW USER\Desktop\download (2)\dataconnect`
 {"metadata":{"emulator":{"name":"dataconnect"},"message":"E0608 13:57:04.128623   20612 watch.go:40] Failed to load config from \"c:\\\\Users\\\\NEW USER\\\\Desktop\\\\download (2)\\\\dataconnect\": could not find dataconnect.yaml in `c:\\Users\\NEW USER\\Desktop\\download (2)\\dataconnect`\n"}}
[debug] [2026-06-08T12:57:14.129Z] E0608 13:57:14.129460   20612 watch.go:40] Failed to load config from "c:\\Users\\NEW USER\\Desktop\\download (2)\\dataconnect": could not find dataconnect.yaml in `c:\Users\NEW USER\Desktop\download (2)\dataconnect`
 {"metadata":{"emulator":{"name":"dataconnect"},"message":"E0608 13:57:14.129460   20612 watch.go:40] Failed to load config from \"c:\\\\Users\\\\NEW USER\\\\Desktop\\\\download (2)\\\\dataconnect\": could not find dataconnect.yaml in `c:\\Users\\NEW USER\\Desktop\\download (2)\\dataconnect`\n"}}
[debug] [2026-06-08T12:57:24.129Z] E0608 13:57:24.128965   20612 watch.go:40] Failed to load config from "c:\\Users\\NEW USER\\Desktop\\download (2)\\dataconnect": could not find dataconnect.yaml in `c:\Users\NEW USER\Desktop\download (2)\dataconnect`
 {"metadata":{"emulator":{"name":"dataconnect"},"message":"E0608 13:57:24.128965   20612 watch.go:40] Failed to load config from \"c:\\\\Users\\\\NEW USER\\\\Desktop\\\\download (2)\\\\dataconnect\": could not find dataconnect.yaml in `c:\\Users\\NEW USER\\Desktop\\download (2)\\dataconnect`\n"}}
[debug] [2026-06-08T12:57:34.128Z] E0608 13:57:34.128750   20612 watch.go:40] Failed to load config from "c:\\Users\\NEW USER\\Desktop\\download (2)\\dataconnect": could not find dataconnect.yaml in `c:\Users\NEW USER\Desktop\download (2)\dataconnect`
 {"metadata":{"emulator":{"name":"dataconnect"},"message":"E0608 13:57:34.128750   20612 watch.go:40] Failed to load config from \"c:\\\\Users\\\\NEW USER\\\\Desktop\\\\download (2)\\\\dataconnect\": could not find dataconnect.yaml in `c:\\Users\\NEW USER\\Desktop\\download (2)\\dataconnect`\n"}}
[debug] [2026-06-08T12:57:44.128Z] E0608 13:57:44.128175   20612 watch.go:40] Failed to load config from "c:\\Users\\NEW USER\\Desktop\\download (2)\\dataconnect": could not find dataconnect.yaml in `c:\Users\NEW USER\Desktop\download (2)\dataconnect`
 {"metadata":{"emulator":{"name":"dataconnect"},"message":"E0608 13:57:44.128175   20612 watch.go:40] Failed to load config from \"c:\\\\Users\\\\NEW USER\\\\Desktop\\\\download (2)\\\\dataconnect\": could not find dataconnect.yaml in `c:\\Users\\NEW USER\\Desktop\\download (2)\\dataconnect`\n"}}
[debug] [2026-06-08T12:57:54.130Z] E0608 13:57:54.129381   20612 watch.go:40] Failed to load config from "c:\\Users\\NEW USER\\Desktop\\download (2)\\dataconnect": could not find dataconnect.yaml in `c:\Users\NEW USER\Desktop\download (2)\dataconnect`
 {"metadata":{"emulator":{"name":"dataconnect"},"message":"E0608 13:57:54.129381   20612 watch.go:40] Failed to load config from \"c:\\\\Users\\\\NEW USER\\\\Desktop\\\\download (2)\\\\dataconnect\": could not find dataconnect.yaml in `c:\\Users\\NEW USER\\Desktop\\download (2)\\dataconnect`\n"}}
[debug] [2026-06-08T12:58:04.128Z] E0608 13:58:04.128298   20612 watch.go:116] watchAllDir unable to walk dir `c:\Users\NEW USER\Desktop\download (2)\dataconnect`: GetFileAttributesEx c:\Users\NEW USER\Desktop\download (2)\dataconnect: The system cannot find the file specified.
 {"metadata":{"emulator":{"name":"dataconnect"},"message":"E0608 13:58:04.128298   20612 watch.go:116] watchAllDir unable to walk dir `c:\\Users\\NEW USER\\Desktop\\download (2)\\dataconnect`: GetFileAttributesEx c:\\Users\\NEW USER\\Desktop\\download (2)\\dataconnect: The system cannot find the file specified.\n"}}
[debug] [2026-06-08T12:58:04.128Z] E0608 13:58:04.128298   20612 watch.go:40] Failed to load config from "c:\\Users\\NEW USER\\Desktop\\download (2)\\dataconnect": could not find dataconnect.yaml in `c:\Users\NEW USER\Desktop\download (2)\dataconnect`
 {"metadata":{"emulator":{"name":"dataconnect"},"message":"E0608 13:58:04.128298   20612 watch.go:40] Failed to load config from \"c:\\\\Users\\\\NEW USER\\\\Desktop\\\\download (2)\\\\dataconnect\": could not find dataconnect.yaml in `c:\\Users\\NEW USER\\Desktop\\download (2)\\dataconnect`\n"}}
[debug] [2026-06-08T12:58:14.128Z] E0608 13:58:14.128539   20612 watch.go:40] Failed to load config from "c:\\Users\\NEW USER\\Desktop\\download (2)\\dataconnect": could not find dataconnect.yaml in `c:\Users\NEW USER\Desktop\download (2)\dataconnect`
 {"metadata":{"emulator":{"name":"dataconnect"},"message":"E0608 13:58:14.128539   20612 watch.go:40] Failed to load config from \"c:\\\\Users\\\\NEW USER\\\\Desktop\\\\download (2)\\\\dataconnect\": could not find dataconnect.yaml in `c:\\Users\\NEW USER\\Desktop\\download (2)\\dataconnect`\n"}}
[debug] [2026-06-08T12:58:24.128Z] E0608 13:58:24.127980   20612 watch.go:40] Failed to load config from "c:\\Users\\NEW USER\\Desktop\\download (2)\\dataconnect": could not find dataconnect.yaml in `c:\Users\NEW USER\Desktop\download (2)\dataconnect`
 {"metadata":{"emulator":{"name":"dataconnect"},"message":"E0608 13:58:24.127980   20612 watch.go:40] Failed to load config from \"c:\\\\Users\\\\NEW USER\\\\Desktop\\\\download (2)\\\\dataconnect\": could not find dataconnect.yaml in `c:\\Users\\NEW USER\\Desktop\\download (2)\\dataconnect`\n"}}
[debug] [2026-06-08T12:58:34.128Z] E0608 13:58:34.128448   20612 watch.go:40] Failed to load config from "c:\\Users\\NEW USER\\Desktop\\download (2)\\dataconnect": could not find dataconnect.yaml in `c:\Users\NEW USER\Desktop\download (2)\dataconnect`
 {"metadata":{"emulator":{"name":"dataconnect"},"message":"E0608 13:58:34.128448   20612 watch.go:40] Failed to load config from \"c:\\\\Users\\\\NEW USER\\\\Desktop\\\\download (2)\\\\dataconnect\": could not find dataconnect.yaml in `c:\\Users\\NEW USER\\Desktop\\download (2)\\dataconnect`\n"}}
[debug] [2026-06-08T12:58:44.129Z] E0608 13:58:44.129361   20612 watch.go:40] Failed to load config from "c:\\Users\\NEW USER\\Desktop\\download (2)\\dataconnect": could not find dataconnect.yaml in `c:\Users\NEW USER\Desktop\download (2)\dataconnect`
 {"metadata":{"emulator":{"name":"dataconnect"},"message":"E0608 13:58:44.129361   20612 watch.go:40] Failed to load config from \"c:\\\\Users\\\\NEW USER\\\\Desktop\\\\download (2)\\\\dataconnect\": could not find dataconnect.yaml in `c:\\Users\\NEW USER\\Desktop\\download (2)\\dataconnect`\n"}}
[debug] [2026-06-08T12:58:54.128Z] E0608 13:58:54.128253   20612 watch.go:40] Failed to load config from "c:\\Users\\NEW USER\\Desktop\\download (2)\\dataconnect": could not find dataconnect.yaml in `c:\Users\NEW USER\Desktop\download (2)\dataconnect`
 {"metadata":{"emulator":{"name":"dataconnect"},"message":"E0608 13:58:54.128253   20612 watch.go:40] Failed to load config from \"c:\\\\Users\\\\NEW USER\\\\Desktop\\\\download (2)\\\\dataconnect\": could not find dataconnect.yaml in `c:\\Users\\NEW USER\\Desktop\\download (2)\\dataconnect`\n"}}
[debug] [2026-06-08T12:59:04.128Z] E0608 13:59:04.128489   20612 watch.go:116] watchAllDir unable to walk dir `c:\Users\NEW USER\Desktop\download (2)\dataconnect`: GetFileAttributesEx c:\Users\NEW USER\Desktop\download (2)\dataconnect: The system cannot find the file specified.
E0608 13:59:04.128489   20612 watch.go:40] Failed to load config from "c:\\Users\\NEW USER\\Desktop\\download (2)\\dataconnect": could not find dataconnect.yaml in `c:\Users\NEW USER\Desktop\download (2)\dataconnect`
 {"metadata":{"emulator":{"name":"dataconnect"},"message":"E0608 13:59:04.128489   20612 watch.go:116] watchAllDir unable to walk dir `c:\\Users\\NEW USER\\Desktop\\download (2)\\dataconnect`: GetFileAttributesEx c:\\Users\\NEW USER\\Desktop\\download (2)\\dataconnect: The system cannot find the file specified.\nE0608 13:59:04.128489   20612 watch.go:40] Failed to load config from \"c:\\\\Users\\\\NEW USER\\\\Desktop\\\\download (2)\\\\dataconnect\": could not find dataconnect.yaml in `c:\\Users\\NEW USER\\Desktop\\download (2)\\dataconnect`\n"}}
[debug] [2026-06-08T12:59:14.129Z] E0608 13:59:14.129077   20612 watch.go:40] Failed to load config from "c:\\Users\\NEW USER\\Desktop\\download (2)\\dataconnect": could not find dataconnect.yaml in `c:\Users\NEW USER\Desktop\download (2)\dataconnect`
 {"metadata":{"emulator":{"name":"dataconnect"},"message":"E0608 13:59:14.129077   20612 watch.go:40] Failed to load config from \"c:\\\\Users\\\\NEW USER\\\\Desktop\\\\download (2)\\\\dataconnect\": could not find dataconnect.yaml in `c:\\Users\\NEW USER\\Desktop\\download (2)\\dataconnect`\n"}}
[debug] [2026-06-08T12:59:24.128Z] E0608 13:59:24.128870   20612 watch.go:40] Failed to load config from "c:\\Users\\NEW USER\\Desktop\\download (2)\\dataconnect": could not find dataconnect.yaml in `c:\Users\NEW USER\Desktop\download (2)\dataconnect`
 {"metadata":{"emulator":{"name":"dataconnect"},"message":"E0608 13:59:24.128870   20612 watch.go:40] Failed to load config from \"c:\\\\Users\\\\NEW USER\\\\Desktop\\\\download (2)\\\\dataconnect\": could not find dataconnect.yaml in `c:\\Users\\NEW USER\\Desktop\\download (2)\\dataconnect`\n"}}
[debug] [2026-06-08T12:59:34.130Z] E0608 13:59:34.129437   20612 watch.go:40] Failed to load config from "c:\\Users\\NEW USER\\Desktop\\download (2)\\dataconnect": could not find dataconnect.yaml in `c:\Users\NEW USER\Desktop\download (2)\dataconnect`
 {"metadata":{"emulator":{"name":"dataconnect"},"message":"E0608 13:59:34.129437   20612 watch.go:40] Failed to load config from \"c:\\\\Users\\\\NEW USER\\\\Desktop\\\\download (2)\\\\dataconnect\": could not find dataconnect.yaml in `c:\\Users\\NEW USER\\Desktop\\download (2)\\dataconnect`\n"}}
[debug] [2026-06-08T12:59:44.130Z] E0608 13:59:44.130030   20612 watch.go:40] Failed to load config from "c:\\Users\\NEW USER\\Desktop\\download (2)\\dataconnect": could not find dataconnect.yaml in `c:\Users\NEW USER\Desktop\download (2)\dataconnect`
 {"metadata":{"emulator":{"name":"dataconnect"},"message":"E0608 13:59:44.130030   20612 watch.go:40] Failed to load config from \"c:\\\\Users\\\\NEW USER\\\\Desktop\\\\download (2)\\\\dataconnect\": could not find dataconnect.yaml in `c:\\Users\\NEW USER\\Desktop\\download (2)\\dataconnect`\n"}}
[debug] [2026-06-08T12:59:54.129Z] E0608 13:59:54.128707   20612 watch.go:40] Failed to load config from "c:\\Users\\NEW USER\\Desktop\\download (2)\\dataconnect": could not find dataconnect.yaml in `c:\Users\NEW USER\Desktop\download (2)\dataconnect`
 {"metadata":{"emulator":{"name":"dataconnect"},"message":"E0608 13:59:54.128707   20612 watch.go:40] Failed to load config from \"c:\\\\Users\\\\NEW USER\\\\Desktop\\\\download (2)\\\\dataconnect\": could not find dataconnect.yaml in `c:\\Users\\NEW USER\\Desktop\\download (2)\\dataconnect`\n"}}
[debug] [2026-06-08T13:00:04.128Z] E0608 14:00:04.128071   20612 watch.go:116] watchAllDir unable to walk dir `c:\Users\NEW USER\Desktop\download (2)\dataconnect`: GetFileAttributesEx c:\Users\NEW USER\Desktop\download (2)\dataconnect: The system cannot find the file specified.
 {"metadata":{"emulator":{"name":"dataconnect"},"message":"E0608 14:00:04.128071   20612 watch.go:116] watchAllDir unable to walk dir `c:\\Users\\NEW USER\\Desktop\\download (2)\\dataconnect`: GetFileAttributesEx c:\\Users\\NEW USER\\Desktop\\download (2)\\dataconnect: The system cannot find the file specified.\n"}}
[debug] [2026-06-08T13:00:04.128Z] E0608 14:00:04.128071   20612 watch.go:40] Failed to load config from "c:\\Users\\NEW USER\\Desktop\\download (2)\\dataconnect": could not find dataconnect.yaml in `c:\Users\NEW USER\Desktop\download (2)\dataconnect`
 {"metadata":{"emulator":{"name":"dataconnect"},"message":"E0608 14:00:04.128071   20612 watch.go:40] Failed to load config from \"c:\\\\Users\\\\NEW USER\\\\Desktop\\\\download (2)\\\\dataconnect\": could not find dataconnect.yaml in `c:\\Users\\NEW USER\\Desktop\\download (2)\\dataconnect`\n"}}
[debug] [2026-06-08T13:00:14.129Z] E0608 14:00:14.129229   20612 watch.go:40] Failed to load config from "c:\\Users\\NEW USER\\Desktop\\download (2)\\dataconnect": could not find dataconnect.yaml in `c:\Users\NEW USER\Desktop\download (2)\dataconnect`
 {"metadata":{"emulator":{"name":"dataconnect"},"message":"E0608 14:00:14.129229   20612 watch.go:40] Failed to load config from \"c:\\\\Users\\\\NEW USER\\\\Desktop\\\\download (2)\\\\dataconnect\": could not find dataconnect.yaml in `c:\\Users\\NEW USER\\Desktop\\download (2)\\dataconnect`\n"}}
[debug] [2026-06-08T13:00:24.129Z] E0608 14:00:24.128858   20612 watch.go:40] Failed to load config from "c:\\Users\\NEW USER\\Desktop\\download (2)\\dataconnect": could not find dataconnect.yaml in `c:\Users\NEW USER\Desktop\download (2)\dataconnect`
 {"metadata":{"emulator":{"name":"dataconnect"},"message":"E0608 14:00:24.128858   20612 watch.go:40] Failed to load config from \"c:\\\\Users\\\\NEW USER\\\\Desktop\\\\download (2)\\\\dataconnect\": could not find dataconnect.yaml in `c:\\Users\\NEW USER\\Desktop\\download (2)\\dataconnect`\n"}}
[debug] [2026-06-08T13:00:34.131Z] E0608 14:00:34.128949   20612 watch.go:40] Failed to load config from "c:\\Users\\NEW USER\\Desktop\\download (2)\\dataconnect": could not find dataconnect.yaml in `c:\Users\NEW USER\Desktop\download (2)\dataconnect`
 {"metadata":{"emulator":{"name":"dataconnect"},"message":"E0608 14:00:34.128949   20612 watch.go:40] Failed to load config from \"c:\\\\Users\\\\NEW USER\\\\Desktop\\\\download (2)\\\\dataconnect\": could not find dataconnect.yaml in `c:\\Users\\NEW USER\\Desktop\\download (2)\\dataconnect`\n"}}
[debug] [2026-06-08T13:00:44.130Z] E0608 14:00:44.129341   20612 watch.go:40] Failed to load config from "c:\\Users\\NEW USER\\Desktop\\download (2)\\dataconnect": could not find dataconnect.yaml in `c:\Users\NEW USER\Desktop\download (2)\dataconnect`
 {"metadata":{"emulator":{"name":"dataconnect"},"message":"E0608 14:00:44.129341   20612 watch.go:40] Failed to load config from \"c:\\\\Users\\\\NEW USER\\\\Desktop\\\\download (2)\\\\dataconnect\": could not find dataconnect.yaml in `c:\\Users\\NEW USER\\Desktop\\download (2)\\dataconnect`\n"}}
[debug] [2026-06-08T13:00:54.129Z] E0608 14:00:54.128674   20612 watch.go:40] Failed to load config from "c:\\Users\\NEW USER\\Desktop\\download (2)\\dataconnect": could not find dataconnect.yaml in `c:\Users\NEW USER\Desktop\download (2)\dataconnect`
 {"metadata":{"emulator":{"name":"dataconnect"},"message":"E0608 14:00:54.128674   20612 watch.go:40] Failed to load config from \"c:\\\\Users\\\\NEW USER\\\\Desktop\\\\download (2)\\\\dataconnect\": could not find dataconnect.yaml in `c:\\Users\\NEW USER\\Desktop\\download (2)\\dataconnect`\n"}}
[debug] [2026-06-08T13:01:04.129Z] E0608 14:01:04.128891   20612 watch.go:116] watchAllDir unable to walk dir `c:\Users\NEW USER\Desktop\download (2)\dataconnect`: GetFileAttributesEx c:\Users\NEW USER\Desktop\download (2)\dataconnect: The system cannot find the file specified.
 {"metadata":{"emulator":{"name":"dataconnect"},"message":"E0608 14:01:04.128891   20612 watch.go:116] watchAllDir unable to walk dir `c:\\Users\\NEW USER\\Desktop\\download (2)\\dataconnect`: GetFileAttributesEx c:\\Users\\NEW USER\\Desktop\\download (2)\\dataconnect: The system cannot find the file specified.\n"}}
[debug] [2026-06-08T13:01:04.131Z] E0608 14:01:04.129733   20612 watch.go:40] Failed to load config from "c:\\Users\\NEW USER\\Desktop\\download (2)\\dataconnect": could not find dataconnect.yaml in `c:\Users\NEW USER\Desktop\download (2)\dataconnect`
 {"metadata":{"emulator":{"name":"dataconnect"},"message":"E0608 14:01:04.129733   20612 watch.go:40] Failed to load config from \"c:\\\\Users\\\\NEW USER\\\\Desktop\\\\download (2)\\\\dataconnect\": could not find dataconnect.yaml in `c:\\Users\\NEW USER\\Desktop\\download (2)\\dataconnect`\n"}}
[debug] [2026-06-08T13:01:14.130Z] E0608 14:01:14.129334   20612 watch.go:40] Failed to load config from "c:\\Users\\NEW USER\\Desktop\\download (2)\\dataconnect": could not find dataconnect.yaml in `c:\Users\NEW USER\Desktop\download (2)\dataconnect`
 {"metadata":{"emulator":{"name":"dataconnect"},"message":"E0608 14:01:14.129334   20612 watch.go:40] Failed to load config from \"c:\\\\Users\\\\NEW USER\\\\Desktop\\\\download (2)\\\\dataconnect\": could not find dataconnect.yaml in `c:\\Users\\NEW USER\\Desktop\\download (2)\\dataconnect`\n"}}
[debug] [2026-06-08T13:01:24.129Z] E0608 14:01:24.129327   20612 watch.go:40] Failed to load config from "c:\\Users\\NEW USER\\Desktop\\download (2)\\dataconnect": could not find dataconnect.yaml in `c:\Users\NEW USER\Desktop\download (2)\dataconnect`
 {"metadata":{"emulator":{"name":"dataconnect"},"message":"E0608 14:01:24.129327   20612 watch.go:40] Failed to load config from \"c:\\\\Users\\\\NEW USER\\\\Desktop\\\\download (2)\\\\dataconnect\": could not find dataconnect.yaml in `c:\\Users\\NEW USER\\Desktop\\download (2)\\dataconnect`\n"}}
[debug] [2026-06-08T13:01:34.128Z] E0608 14:01:34.128515   20612 watch.go:40] Failed to load config from "c:\\Users\\NEW USER\\Desktop\\download (2)\\dataconnect": could not find dataconnect.yaml in `c:\Users\NEW USER\Desktop\download (2)\dataconnect`
 {"metadata":{"emulator":{"name":"dataconnect"},"message":"E0608 14:01:34.128515   20612 watch.go:40] Failed to load config from \"c:\\\\Users\\\\NEW USER\\\\Desktop\\\\download (2)\\\\dataconnect\": could not find dataconnect.yaml in `c:\\Users\\NEW USER\\Desktop\\download (2)\\dataconnect`\n"}}
[debug] [2026-06-08T13:01:44.128Z] E0608 14:01:44.128150   20612 watch.go:40] Failed to load config from "c:\\Users\\NEW USER\\Desktop\\download (2)\\dataconnect": could not find dataconnect.yaml in `c:\Users\NEW USER\Desktop\download (2)\dataconnect`
 {"metadata":{"emulator":{"name":"dataconnect"},"message":"E0608 14:01:44.128150   20612 watch.go:40] Failed to load config from \"c:\\\\Users\\\\NEW USER\\\\Desktop\\\\download (2)\\\\dataconnect\": could not find dataconnect.yaml in `c:\\Users\\NEW USER\\Desktop\\download (2)\\dataconnect`\n"}}
[debug] [2026-06-08T13:01:54.128Z] E0608 14:01:54.128446   20612 watch.go:40] Failed to load config from "c:\\Users\\NEW USER\\Desktop\\download (2)\\dataconnect": could not find dataconnect.yaml in `c:\Users\NEW USER\Desktop\download (2)\dataconnect`
 {"metadata":{"emulator":{"name":"dataconnect"},"message":"E0608 14:01:54.128446   20612 watch.go:40] Failed to load config from \"c:\\\\Users\\\\NEW USER\\\\Desktop\\\\download (2)\\\\dataconnect\": could not find dataconnect.yaml in `c:\\Users\\NEW USER\\Desktop\\download (2)\\dataconnect`\n"}}
[debug] [2026-06-08T13:02:04.128Z] E0608 14:02:04.128700   20612 watch.go:116] watchAllDir unable to walk dir `c:\Users\NEW USER\Desktop\download (2)\dataconnect`: GetFileAttributesEx c:\Users\NEW USER\Desktop\download (2)\dataconnect: The system cannot find the file specified.
 {"metadata":{"emulator":{"name":"dataconnect"},"message":"E0608 14:02:04.128700   20612 watch.go:116] watchAllDir unable to walk dir `c:\\Users\\NEW USER\\Desktop\\download (2)\\dataconnect`: GetFileAttributesEx c:\\Users\\NEW USER\\Desktop\\download (2)\\dataconnect: The system cannot find the file specified.\n"}}
[debug] [2026-06-08T13:02:04.129Z] E0608 14:02:04.128700   20612 watch.go:40] Failed to load config from "c:\\Users\\NEW USER\\Desktop\\download (2)\\dataconnect": could not find dataconnect.yaml in `c:\Users\NEW USER\Desktop\download (2)\dataconnect`
 {"metadata":{"emulator":{"name":"dataconnect"},"message":"E0608 14:02:04.128700   20612 watch.go:40] Failed to load config from \"c:\\\\Users\\\\NEW USER\\\\Desktop\\\\download (2)\\\\dataconnect\": could not find dataconnect.yaml in `c:\\Users\\NEW USER\\Desktop\\download (2)\\dataconnect`\n"}}
[debug] [2026-06-08T13:02:14.129Z] E0608 14:02:14.128992   20612 watch.go:40] Failed to load config from "c:\\Users\\NEW USER\\Desktop\\download (2)\\dataconnect": could not find dataconnect.yaml in `c:\Users\NEW USER\Desktop\download (2)\dataconnect`
 {"metadata":{"emulator":{"name":"dataconnect"},"message":"E0608 14:02:14.128992   20612 watch.go:40] Failed to load config from \"c:\\\\Users\\\\NEW USER\\\\Desktop\\\\download (2)\\\\dataconnect\": could not find dataconnect.yaml in `c:\\Users\\NEW USER\\Desktop\\download (2)\\dataconnect`\n"}}
[debug] [2026-06-08T13:02:24.128Z] E0608 14:02:24.128432   20612 watch.go:40] Failed to load config from "c:\\Users\\NEW USER\\Desktop\\download (2)\\dataconnect": could not find dataconnect.yaml in `c:\Users\NEW USER\Desktop\download (2)\dataconnect`
 {"metadata":{"emulator":{"name":"dataconnect"},"message":"E0608 14:02:24.128432   20612 watch.go:40] Failed to load config from \"c:\\\\Users\\\\NEW USER\\\\Desktop\\\\download (2)\\\\dataconnect\": could not find dataconnect.yaml in `c:\\Users\\NEW USER\\Desktop\\download (2)\\dataconnect`\n"}}
[debug] [2026-06-08T13:02:34.130Z] E0608 14:02:34.129989   20612 watch.go:40] Failed to load config from "c:\\Users\\NEW USER\\Desktop\\download (2)\\dataconnect": could not find dataconnect.yaml in `c:\Users\NEW USER\Desktop\download (2)\dataconnect`
 {"metadata":{"emulator":{"name":"dataconnect"},"message":"E0608 14:02:34.129989   20612 watch.go:40] Failed to load config from \"c:\\\\Users\\\\NEW USER\\\\Desktop\\\\download (2)\\\\dataconnect\": could not find dataconnect.yaml in `c:\\Users\\NEW USER\\Desktop\\download (2)\\dataconnect`\n"}}
[debug] [2026-06-08T13:02:44.128Z] E0608 14:02:44.128233   20612 watch.go:40] Failed to load config from "c:\\Users\\NEW USER\\Desktop\\download (2)\\dataconnect": could not find dataconnect.yaml in `c:\Users\NEW USER\Desktop\download (2)\dataconnect`
 {"metadata":{"emulator":{"name":"dataconnect"},"message":"E0608 14:02:44.128233   20612 watch.go:40] Failed to load config from \"c:\\\\Users\\\\NEW USER\\\\Desktop\\\\download (2)\\\\dataconnect\": could not find dataconnect.yaml in `c:\\Users\\NEW USER\\Desktop\\download (2)\\dataconnect`\n"}}
[debug] [2026-06-08T13:02:54.128Z] E0608 14:02:54.128119   20612 watch.go:40] Failed to load config from "c:\\Users\\NEW USER\\Desktop\\download (2)\\dataconnect": could not find dataconnect.yaml in `c:\Users\NEW USER\Desktop\download (2)\dataconnect`
 {"metadata":{"emulator":{"name":"dataconnect"},"message":"E0608 14:02:54.128119   20612 watch.go:40] Failed to load config from \"c:\\\\Users\\\\NEW USER\\\\Desktop\\\\download (2)\\\\dataconnect\": could not find dataconnect.yaml in `c:\\Users\\NEW USER\\Desktop\\download (2)\\dataconnect`\n"}}
[debug] [2026-06-08T13:03:04.128Z] E0608 14:03:04.128577   20612 watch.go:116] watchAllDir unable to walk dir `c:\Users\NEW USER\Desktop\download (2)\dataconnect`: GetFileAttributesEx c:\Users\NEW USER\Desktop\download (2)\dataconnect: The system cannot find the file specified.
E0608 14:03:04.129088   20612 watch.go:40] Failed to load config from "c:\\Users\\NEW USER\\Desktop\\download (2)\\dataconnect": could not find dataconnect.yaml in `c:\Users\NEW USER\Desktop\download (2)\dataconnect`
 {"metadata":{"emulator":{"name":"dataconnect"},"message":"E0608 14:03:04.128577   20612 watch.go:116] watchAllDir unable to walk dir `c:\\Users\\NEW USER\\Desktop\\download (2)\\dataconnect`: GetFileAttributesEx c:\\Users\\NEW USER\\Desktop\\download (2)\\dataconnect: The system cannot find the file specified.\nE0608 14:03:04.129088   20612 watch.go:40] Failed to load config from \"c:\\\\Users\\\\NEW USER\\\\Desktop\\\\download (2)\\\\dataconnect\": could not find dataconnect.yaml in `c:\\Users\\NEW USER\\Desktop\\download (2)\\dataconnect`\n"}}
[debug] [2026-06-08T13:03:14.128Z] E0608 14:03:14.128495   20612 watch.go:40] Failed to load config from "c:\\Users\\NEW USER\\Desktop\\download (2)\\dataconnect": could not find dataconnect.yaml in `c:\Users\NEW USER\Desktop\download (2)\dataconnect`
 {"metadata":{"emulator":{"name":"dataconnect"},"message":"E0608 14:03:14.128495   20612 watch.go:40] Failed to load config from \"c:\\\\Users\\\\NEW USER\\\\Desktop\\\\download (2)\\\\dataconnect\": could not find dataconnect.yaml in `c:\\Users\\NEW USER\\Desktop\\download (2)\\dataconnect`\n"}}
[debug] [2026-06-08T13:03:24.128Z] E0608 14:03:24.128228   20612 watch.go:40] Failed to load config from "c:\\Users\\NEW USER\\Desktop\\download (2)\\dataconnect": could not find dataconnect.yaml in `c:\Users\NEW USER\Desktop\download (2)\dataconnect`
 {"metadata":{"emulator":{"name":"dataconnect"},"message":"E0608 14:03:24.128228   20612 watch.go:40] Failed to load config from \"c:\\\\Users\\\\NEW USER\\\\Desktop\\\\download (2)\\\\dataconnect\": could not find dataconnect.yaml in `c:\\Users\\NEW USER\\Desktop\\download (2)\\dataconnect`\n"}}
[debug] [2026-06-08T13:03:34.128Z] E0608 14:03:34.128320   20612 watch.go:40] Failed to load config from "c:\\Users\\NEW USER\\Desktop\\download (2)\\dataconnect": could not find dataconnect.yaml in `c:\Users\NEW USER\Desktop\download (2)\dataconnect`
 {"metadata":{"emulator":{"name":"dataconnect"},"message":"E0608 14:03:34.128320   20612 watch.go:40] Failed to load config from \"c:\\\\Users\\\\NEW USER\\\\Desktop\\\\download (2)\\\\dataconnect\": could not find dataconnect.yaml in `c:\\Users\\NEW USER\\Desktop\\download (2)\\dataconnect`\n"}}
[debug] [2026-06-08T13:03:44.127Z] E0608 14:03:44.128081   20612 watch.go:40] Failed to load config from "c:\\Users\\NEW USER\\Desktop\\download (2)\\dataconnect": could not find dataconnect.yaml in `c:\Users\NEW USER\Desktop\download (2)\dataconnect`
 {"metadata":{"emulator":{"name":"dataconnect"},"message":"E0608 14:03:44.128081   20612 watch.go:40] Failed to load config from \"c:\\\\Users\\\\NEW USER\\\\Desktop\\\\download (2)\\\\dataconnect\": could not find dataconnect.yaml in `c:\\Users\\NEW USER\\Desktop\\download (2)\\dataconnect`\n"}}
[debug] [2026-06-08T13:03:54.129Z] E0608 14:03:54.129169   20612 watch.go:40] Failed to load config from "c:\\Users\\NEW USER\\Desktop\\download (2)\\dataconnect": could not find dataconnect.yaml in `c:\Users\NEW USER\Desktop\download (2)\dataconnect`
 {"metadata":{"emulator":{"name":"dataconnect"},"message":"E0608 14:03:54.129169   20612 watch.go:40] Failed to load config from \"c:\\\\Users\\\\NEW USER\\\\Desktop\\\\download (2)\\\\dataconnect\": could not find dataconnect.yaml in `c:\\Users\\NEW USER\\Desktop\\download (2)\\dataconnect`\n"}}
[debug] [2026-06-08T13:04:04.128Z] E0608 14:04:04.129002   20612 watch.go:116] watchAllDir unable to walk dir `c:\Users\NEW USER\Desktop\download (2)\dataconnect`: GetFileAttributesEx c:\Users\NEW USER\Desktop\download (2)\dataconnect: The system cannot find the file specified.
 {"metadata":{"emulator":{"name":"dataconnect"},"message":"E0608 14:04:04.129002   20612 watch.go:116] watchAllDir unable to walk dir `c:\\Users\\NEW USER\\Desktop\\download (2)\\dataconnect`: GetFileAttributesEx c:\\Users\\NEW USER\\Desktop\\download (2)\\dataconnect: The system cannot find the file specified.\n"}}
[debug] [2026-06-08T13:04:04.130Z] E0608 14:04:04.129002   20612 watch.go:40] Failed to load config from "c:\\Users\\NEW USER\\Desktop\\download (2)\\dataconnect": could not find dataconnect.yaml in `c:\Users\NEW USER\Desktop\download (2)\dataconnect`
 {"metadata":{"emulator":{"name":"dataconnect"},"message":"E0608 14:04:04.129002   20612 watch.go:40] Failed to load config from \"c:\\\\Users\\\\NEW USER\\\\Desktop\\\\download (2)\\\\dataconnect\": could not find dataconnect.yaml in `c:\\Users\\NEW USER\\Desktop\\download (2)\\dataconnect`\n"}}
[debug] [2026-06-08T13:04:14.130Z] E0608 14:04:14.129814   20612 watch.go:40] Failed to load config from "c:\\Users\\NEW USER\\Desktop\\download (2)\\dataconnect": could not find dataconnect.yaml in `c:\Users\NEW USER\Desktop\download (2)\dataconnect`
 {"metadata":{"emulator":{"name":"dataconnect"},"message":"E0608 14:04:14.129814   20612 watch.go:40] Failed to load config from \"c:\\\\Users\\\\NEW USER\\\\Desktop\\\\download (2)\\\\dataconnect\": could not find dataconnect.yaml in `c:\\Users\\NEW USER\\Desktop\\download (2)\\dataconnect`\n"}}
[debug] [2026-06-08T13:04:24.128Z] E0608 14:04:24.129428   20612 watch.go:40] Failed to load config from "c:\\Users\\NEW USER\\Desktop\\download (2)\\dataconnect": could not find dataconnect.yaml in `c:\Users\NEW USER\Desktop\download (2)\dataconnect`
 {"metadata":{"emulator":{"name":"dataconnect"},"message":"E0608 14:04:24.129428   20612 watch.go:40] Failed to load config from \"c:\\\\Users\\\\NEW USER\\\\Desktop\\\\download (2)\\\\dataconnect\": could not find dataconnect.yaml in `c:\\Users\\NEW USER\\Desktop\\download (2)\\dataconnect`\n"}}
[debug] [2026-06-08T13:04:34.128Z] E0608 14:04:34.128119   20612 watch.go:40] Failed to load config from "c:\\Users\\NEW USER\\Desktop\\download (2)\\dataconnect": could not find dataconnect.yaml in `c:\Users\NEW USER\Desktop\download (2)\dataconnect`
 {"metadata":{"emulator":{"name":"dataconnect"},"message":"E0608 14:04:34.128119   20612 watch.go:40] Failed to load config from \"c:\\\\Users\\\\NEW USER\\\\Desktop\\\\download (2)\\\\dataconnect\": could not find dataconnect.yaml in `c:\\Users\\NEW USER\\Desktop\\download (2)\\dataconnect`\n"}}
[debug] [2026-06-08T13:04:44.128Z] E0608 14:04:44.128287   20612 watch.go:40] Failed to load config from "c:\\Users\\NEW USER\\Desktop\\download (2)\\dataconnect": could not find dataconnect.yaml in `c:\Users\NEW USER\Desktop\download (2)\dataconnect`
 {"metadata":{"emulator":{"name":"dataconnect"},"message":"E0608 14:04:44.128287   20612 watch.go:40] Failed to load config from \"c:\\\\Users\\\\NEW USER\\\\Desktop\\\\download (2)\\\\dataconnect\": could not find dataconnect.yaml in `c:\\Users\\NEW USER\\Desktop\\download (2)\\dataconnect`\n"}}
[debug] [2026-06-08T13:04:54.130Z] E0608 14:04:54.129250   20612 watch.go:40] Failed to load config from "c:\\Users\\NEW USER\\Desktop\\download (2)\\dataconnect": could not find dataconnect.yaml in `c:\Users\NEW USER\Desktop\download (2)\dataconnect`
 {"metadata":{"emulator":{"name":"dataconnect"},"message":"E0608 14:04:54.129250   20612 watch.go:40] Failed to load config from \"c:\\\\Users\\\\NEW USER\\\\Desktop\\\\download (2)\\\\dataconnect\": could not find dataconnect.yaml in `c:\\Users\\NEW USER\\Desktop\\download (2)\\dataconnect`\n"}}
[debug] [2026-06-08T13:05:04.133Z] E0608 14:05:04.128724   20612 watch.go:116] watchAllDir unable to walk dir `c:\Users\NEW USER\Desktop\download (2)\dataconnect`: GetFileAttributesEx c:\Users\NEW USER\Desktop\download (2)\dataconnect: The system cannot find the file specified.
 {"metadata":{"emulator":{"name":"dataconnect"},"message":"E0608 14:05:04.128724   20612 watch.go:116] watchAllDir unable to walk dir `c:\\Users\\NEW USER\\Desktop\\download (2)\\dataconnect`: GetFileAttributesEx c:\\Users\\NEW USER\\Desktop\\download (2)\\dataconnect: The system cannot find the file specified.\n"}}
[debug] [2026-06-08T13:05:04.135Z] E0608 14:05:04.133434   20612 watch.go:40] Failed to load config from "c:\\Users\\NEW USER\\Desktop\\download (2)\\dataconnect": could not find dataconnect.yaml in `c:\Users\NEW USER\Desktop\download (2)\dataconnect`
 {"metadata":{"emulator":{"name":"dataconnect"},"message":"E0608 14:05:04.133434   20612 watch.go:40] Failed to load config from \"c:\\\\Users\\\\NEW USER\\\\Desktop\\\\download (2)\\\\dataconnect\": could not find dataconnect.yaml in `c:\\Users\\NEW USER\\Desktop\\download (2)\\dataconnect`\n"}}
[debug] [2026-06-08T13:05:14.129Z] E0608 14:05:14.128643   20612 watch.go:40] Failed to load config from "c:\\Users\\NEW USER\\Desktop\\download (2)\\dataconnect": could not find dataconnect.yaml in `c:\Users\NEW USER\Desktop\download (2)\dataconnect`
 {"metadata":{"emulator":{"name":"dataconnect"},"message":"E0608 14:05:14.128643   20612 watch.go:40] Failed to load config from \"c:\\\\Users\\\\NEW USER\\\\Desktop\\\\download (2)\\\\dataconnect\": could not find dataconnect.yaml in `c:\\Users\\NEW USER\\Desktop\\download (2)\\dataconnect`\n"}}
[debug] [2026-06-08T13:05:24.129Z] E0608 14:05:24.128341   20612 watch.go:40] Failed to load config from "c:\\Users\\NEW USER\\Desktop\\download (2)\\dataconnect": could not find dataconnect.yaml in `c:\Users\NEW USER\Desktop\download (2)\dataconnect`
 {"metadata":{"emulator":{"name":"dataconnect"},"message":"E0608 14:05:24.128341   20612 watch.go:40] Failed to load config from \"c:\\\\Users\\\\NEW USER\\\\Desktop\\\\download (2)\\\\dataconnect\": could not find dataconnect.yaml in `c:\\Users\\NEW USER\\Desktop\\download (2)\\dataconnect`\n"}}
[debug] [2026-06-08T13:05:34.129Z] E0608 14:05:34.129081   20612 watch.go:40] Failed to load config from "c:\\Users\\NEW USER\\Desktop\\download (2)\\dataconnect": could not find dataconnect.yaml in `c:\Users\NEW USER\Desktop\download (2)\dataconnect`
 {"metadata":{"emulator":{"name":"dataconnect"},"message":"E0608 14:05:34.129081   20612 watch.go:40] Failed to load config from \"c:\\\\Users\\\\NEW USER\\\\Desktop\\\\download (2)\\\\dataconnect\": could not find dataconnect.yaml in `c:\\Users\\NEW USER\\Desktop\\download (2)\\dataconnect`\n"}}
[debug] [2026-06-08T13:05:44.129Z] E0608 14:05:44.128880   20612 watch.go:40] Failed to load config from "c:\\Users\\NEW USER\\Desktop\\download (2)\\dataconnect": could not find dataconnect.yaml in `c:\Users\NEW USER\Desktop\download (2)\dataconnect`
 {"metadata":{"emulator":{"name":"dataconnect"},"message":"E0608 14:05:44.128880   20612 watch.go:40] Failed to load config from \"c:\\\\Users\\\\NEW USER\\\\Desktop\\\\download (2)\\\\dataconnect\": could not find dataconnect.yaml in `c:\\Users\\NEW USER\\Desktop\\download (2)\\dataconnect`\n"}}
[debug] [2026-06-08T13:05:54.128Z] E0608 14:05:54.128390   20612 watch.go:40] Failed to load config from "c:\\Users\\NEW USER\\Desktop\\download (2)\\dataconnect": could not find dataconnect.yaml in `c:\Users\NEW USER\Desktop\download (2)\dataconnect`
 {"metadata":{"emulator":{"name":"dataconnect"},"message":"E0608 14:05:54.128390   20612 watch.go:40] Failed to load config from \"c:\\\\Users\\\\NEW USER\\\\Desktop\\\\download (2)\\\\dataconnect\": could not find dataconnect.yaml in `c:\\Users\\NEW USER\\Desktop\\download (2)\\dataconnect`\n"}}
[debug] [2026-06-08T13:06:04.128Z] E0608 14:06:04.128263   20612 watch.go:116] watchAllDir unable to walk dir `c:\Users\NEW USER\Desktop\download (2)\dataconnect`: GetFileAttributesEx c:\Users\NEW USER\Desktop\download (2)\dataconnect: The system cannot find the file specified.
E0608 14:06:04.128786   20612 watch.go:40] Failed to load config from "c:\\Users\\NEW USER\\Desktop\\download (2)\\dataconnect": could not find dataconnect.yaml in `c:\Users\NEW USER\Desktop\download (2)\dataconnect`
 {"metadata":{"emulator":{"name":"dataconnect"},"message":"E0608 14:06:04.128263   20612 watch.go:116] watchAllDir unable to walk dir `c:\\Users\\NEW USER\\Desktop\\download (2)\\dataconnect`: GetFileAttributesEx c:\\Users\\NEW USER\\Desktop\\download (2)\\dataconnect: The system cannot find the file specified.\nE0608 14:06:04.128786   20612 watch.go:40] Failed to load config from \"c:\\\\Users\\\\NEW USER\\\\Desktop\\\\download (2)\\\\dataconnect\": could not find dataconnect.yaml in `c:\\Users\\NEW USER\\Desktop\\download (2)\\dataconnect`\n"}}
[debug] [2026-06-08T13:06:14.129Z] E0608 14:06:14.128634   20612 watch.go:40] Failed to load config from "c:\\Users\\NEW USER\\Desktop\\download (2)\\dataconnect": could not find dataconnect.yaml in `c:\Users\NEW USER\Desktop\download (2)\dataconnect`
 {"metadata":{"emulator":{"name":"dataconnect"},"message":"E0608 14:06:14.128634   20612 watch.go:40] Failed to load config from \"c:\\\\Users\\\\NEW USER\\\\Desktop\\\\download (2)\\\\dataconnect\": could not find dataconnect.yaml in `c:\\Users\\NEW USER\\Desktop\\download (2)\\dataconnect`\n"}}
[debug] [2026-06-08T13:06:24.128Z] E0608 14:06:24.128424   20612 watch.go:40] Failed to load config from "c:\\Users\\NEW USER\\Desktop\\download (2)\\dataconnect": could not find dataconnect.yaml in `c:\Users\NEW USER\Desktop\download (2)\dataconnect`
 {"metadata":{"emulator":{"name":"dataconnect"},"message":"E0608 14:06:24.128424   20612 watch.go:40] Failed to load config from \"c:\\\\Users\\\\NEW USER\\\\Desktop\\\\download (2)\\\\dataconnect\": could not find dataconnect.yaml in `c:\\Users\\NEW USER\\Desktop\\download (2)\\dataconnect`\n"}}
[debug] [2026-06-08T13:06:34.130Z] E0608 14:06:34.130852   20612 watch.go:40] Failed to load config from "c:\\Users\\NEW USER\\Desktop\\download (2)\\dataconnect": could not find dataconnect.yaml in `c:\Users\NEW USER\Desktop\download (2)\dataconnect`
 {"metadata":{"emulator":{"name":"dataconnect"},"message":"E0608 14:06:34.130852   20612 watch.go:40] Failed to load config from \"c:\\\\Users\\\\NEW USER\\\\Desktop\\\\download (2)\\\\dataconnect\": could not find dataconnect.yaml in `c:\\Users\\NEW USER\\Desktop\\download (2)\\dataconnect`\n"}}
[debug] [2026-06-08T13:06:44.128Z] E0608 14:06:44.128302   20612 watch.go:40] Failed to load config from "c:\\Users\\NEW USER\\Desktop\\download (2)\\dataconnect": could not find dataconnect.yaml in `c:\Users\NEW USER\Desktop\download (2)\dataconnect`
 {"metadata":{"emulator":{"name":"dataconnect"},"message":"E0608 14:06:44.128302   20612 watch.go:40] Failed to load config from \"c:\\\\Users\\\\NEW USER\\\\Desktop\\\\download (2)\\\\dataconnect\": could not find dataconnect.yaml in `c:\\Users\\NEW USER\\Desktop\\download (2)\\dataconnect`\n"}}
[debug] [2026-06-08T13:06:54.128Z] E0608 14:06:54.128316   20612 watch.go:40] Failed to load config from "c:\\Users\\NEW USER\\Desktop\\download (2)\\dataconnect": could not find dataconnect.yaml in `c:\Users\NEW USER\Desktop\download (2)\dataconnect`
 {"metadata":{"emulator":{"name":"dataconnect"},"message":"E0608 14:06:54.128316   20612 watch.go:40] Failed to load config from \"c:\\\\Users\\\\NEW USER\\\\Desktop\\\\download (2)\\\\dataconnect\": could not find dataconnect.yaml in `c:\\Users\\NEW USER\\Desktop\\download (2)\\dataconnect`\n"}}
[debug] [2026-06-08T13:07:04.129Z] E0608 14:07:04.129357   20612 watch.go:116] watchAllDir unable to walk dir `c:\Users\NEW USER\Desktop\download (2)\dataconnect`: GetFileAttributesEx c:\Users\NEW USER\Desktop\download (2)\dataconnect: The system cannot find the file specified.
 {"metadata":{"emulator":{"name":"dataconnect"},"message":"E0608 14:07:04.129357   20612 watch.go:116] watchAllDir unable to walk dir `c:\\Users\\NEW USER\\Desktop\\download (2)\\dataconnect`: GetFileAttributesEx c:\\Users\\NEW USER\\Desktop\\download (2)\\dataconnect: The system cannot find the file specified.\n"}}
[debug] [2026-06-08T13:07:04.131Z] E0608 14:07:04.129357   20612 watch.go:40] Failed to load config from "c:\\Users\\NEW USER\\Desktop\\download (2)\\dataconnect": could not find dataconnect.yaml in `c:\Users\NEW USER\Desktop\download (2)\dataconnect`
 {"metadata":{"emulator":{"name":"dataconnect"},"message":"E0608 14:07:04.129357   20612 watch.go:40] Failed to load config from \"c:\\\\Users\\\\NEW USER\\\\Desktop\\\\download (2)\\\\dataconnect\": could not find dataconnect.yaml in `c:\\Users\\NEW USER\\Desktop\\download (2)\\dataconnect`\n"}}
[debug] [2026-06-08T13:07:14.129Z] E0608 14:07:14.129194   20612 watch.go:40] Failed to load config from "c:\\Users\\NEW USER\\Desktop\\download (2)\\dataconnect": could not find dataconnect.yaml in `c:\Users\NEW USER\Desktop\download (2)\dataconnect`
 {"metadata":{"emulator":{"name":"dataconnect"},"message":"E0608 14:07:14.129194   20612 watch.go:40] Failed to load config from \"c:\\\\Users\\\\NEW USER\\\\Desktop\\\\download (2)\\\\dataconnect\": could not find dataconnect.yaml in `c:\\Users\\NEW USER\\Desktop\\download (2)\\dataconnect`\n"}}
[debug] [2026-06-08T13:07:24.129Z] E0608 14:07:24.129702   20612 watch.go:40] Failed to load config from "c:\\Users\\NEW USER\\Desktop\\download (2)\\dataconnect": could not find dataconnect.yaml in `c:\Users\NEW USER\Desktop\download (2)\dataconnect`
 {"metadata":{"emulator":{"name":"dataconnect"},"message":"E0608 14:07:24.129702   20612 watch.go:40] Failed to load config from \"c:\\\\Users\\\\NEW USER\\\\Desktop\\\\download (2)\\\\dataconnect\": could not find dataconnect.yaml in `c:\\Users\\NEW USER\\Desktop\\download (2)\\dataconnect`\n"}}
[debug] [2026-06-08T13:07:34.129Z] E0608 14:07:34.128698   20612 watch.go:40] Failed to load config from "c:\\Users\\NEW USER\\Desktop\\download (2)\\dataconnect": could not find dataconnect.yaml in `c:\Users\NEW USER\Desktop\download (2)\dataconnect`
 {"metadata":{"emulator":{"name":"dataconnect"},"message":"E0608 14:07:34.128698   20612 watch.go:40] Failed to load config from \"c:\\\\Users\\\\NEW USER\\\\Desktop\\\\download (2)\\\\dataconnect\": could not find dataconnect.yaml in `c:\\Users\\NEW USER\\Desktop\\download (2)\\dataconnect`\n"}}
[debug] [2026-06-08T13:07:44.130Z] E0608 14:07:44.129615   20612 watch.go:40] Failed to load config from "c:\\Users\\NEW USER\\Desktop\\download (2)\\dataconnect": could not find dataconnect.yaml in `c:\Users\NEW USER\Desktop\download (2)\dataconnect`
 {"metadata":{"emulator":{"name":"dataconnect"},"message":"E0608 14:07:44.129615   20612 watch.go:40] Failed to load config from \"c:\\\\Users\\\\NEW USER\\\\Desktop\\\\download (2)\\\\dataconnect\": could not find dataconnect.yaml in `c:\\Users\\NEW USER\\Desktop\\download (2)\\dataconnect`\n"}}
[debug] [2026-06-08T13:07:54.130Z] E0608 14:07:54.129358   20612 watch.go:40] Failed to load config from "c:\\Users\\NEW USER\\Desktop\\download (2)\\dataconnect": could not find dataconnect.yaml in `c:\Users\NEW USER\Desktop\download (2)\dataconnect`
 {"metadata":{"emulator":{"name":"dataconnect"},"message":"E0608 14:07:54.129358   20612 watch.go:40] Failed to load config from \"c:\\\\Users\\\\NEW USER\\\\Desktop\\\\download (2)\\\\dataconnect\": could not find dataconnect.yaml in `c:\\Users\\NEW USER\\Desktop\\download (2)\\dataconnect`\n"}}
[debug] [2026-06-08T13:08:04.129Z] E0608 14:08:04.128899   20612 watch.go:116] watchAllDir unable to walk dir `c:\Users\NEW USER\Desktop\download (2)\dataconnect`: GetFileAttributesEx c:\Users\NEW USER\Desktop\download (2)\dataconnect: The system cannot find the file specified.
 {"metadata":{"emulator":{"name":"dataconnect"},"message":"E0608 14:08:04.128899   20612 watch.go:116] watchAllDir unable to walk dir `c:\\Users\\NEW USER\\Desktop\\download (2)\\dataconnect`: GetFileAttributesEx c:\\Users\\NEW USER\\Desktop\\download (2)\\dataconnect: The system cannot find the file specified.\n"}}
[debug] [2026-06-08T13:08:04.130Z] E0608 14:08:04.128899   20612 watch.go:40] Failed to load config from "c:\\Users\\NEW USER\\Desktop\\download (2)\\dataconnect": could not find dataconnect.yaml in `c:\Users\NEW USER\Desktop\download (2)\dataconnect`
 {"metadata":{"emulator":{"name":"dataconnect"},"message":"E0608 14:08:04.128899   20612 watch.go:40] Failed to load config from \"c:\\\\Users\\\\NEW USER\\\\Desktop\\\\download (2)\\\\dataconnect\": could not find dataconnect.yaml in `c:\\Users\\NEW USER\\Desktop\\download (2)\\dataconnect`\n"}}
[debug] [2026-06-08T13:08:14.128Z] E0608 14:08:14.128635   20612 watch.go:40] Failed to load config from "c:\\Users\\NEW USER\\Desktop\\download (2)\\dataconnect": could not find dataconnect.yaml in `c:\Users\NEW USER\Desktop\download (2)\dataconnect`
 {"metadata":{"emulator":{"name":"dataconnect"},"message":"E0608 14:08:14.128635   20612 watch.go:40] Failed to load config from \"c:\\\\Users\\\\NEW USER\\\\Desktop\\\\download (2)\\\\dataconnect\": could not find dataconnect.yaml in `c:\\Users\\NEW USER\\Desktop\\download (2)\\dataconnect`\n"}}
[debug] [2026-06-08T13:08:24.129Z] E0608 14:08:24.128888   20612 watch.go:40] Failed to load config from "c:\\Users\\NEW USER\\Desktop\\download (2)\\dataconnect": could not find dataconnect.yaml in `c:\Users\NEW USER\Desktop\download (2)\dataconnect`
 {"metadata":{"emulator":{"name":"dataconnect"},"message":"E0608 14:08:24.128888   20612 watch.go:40] Failed to load config from \"c:\\\\Users\\\\NEW USER\\\\Desktop\\\\download (2)\\\\dataconnect\": could not find dataconnect.yaml in `c:\\Users\\NEW USER\\Desktop\\download (2)\\dataconnect`\n"}}
[debug] [2026-06-08T13:08:34.128Z] E0608 14:08:34.128346   20612 watch.go:40] Failed to load config from "c:\\Users\\NEW USER\\Desktop\\download (2)\\dataconnect": could not find dataconnect.yaml in `c:\Users\NEW USER\Desktop\download (2)\dataconnect`
 {"metadata":{"emulator":{"name":"dataconnect"},"message":"E0608 14:08:34.128346   20612 watch.go:40] Failed to load config from \"c:\\\\Users\\\\NEW USER\\\\Desktop\\\\download (2)\\\\dataconnect\": could not find dataconnect.yaml in `c:\\Users\\NEW USER\\Desktop\\download (2)\\dataconnect`\n"}}
[debug] [2026-06-08T13:08:44.129Z] E0608 14:08:44.128849   20612 watch.go:40] Failed to load config from "c:\\Users\\NEW USER\\Desktop\\download (2)\\dataconnect": could not find dataconnect.yaml in `c:\Users\NEW USER\Desktop\download (2)\dataconnect`
 {"metadata":{"emulator":{"name":"dataconnect"},"message":"E0608 14:08:44.128849   20612 watch.go:40] Failed to load config from \"c:\\\\Users\\\\NEW USER\\\\Desktop\\\\download (2)\\\\dataconnect\": could not find dataconnect.yaml in `c:\\Users\\NEW USER\\Desktop\\download (2)\\dataconnect`\n"}}
[debug] [2026-06-08T13:08:54.130Z] E0608 14:08:54.128778   20612 watch.go:40] Failed to load config from "c:\\Users\\NEW USER\\Desktop\\download (2)\\dataconnect": could not find dataconnect.yaml in `c:\Users\NEW USER\Desktop\download (2)\dataconnect`
 {"metadata":{"emulator":{"name":"dataconnect"},"message":"E0608 14:08:54.128778   20612 watch.go:40] Failed to load config from \"c:\\\\Users\\\\NEW USER\\\\Desktop\\\\download (2)\\\\dataconnect\": could not find dataconnect.yaml in `c:\\Users\\NEW USER\\Desktop\\download (2)\\dataconnect`\n"}}
[debug] [2026-06-08T13:09:04.128Z] E0608 14:09:04.127922   20612 watch.go:116] watchAllDir unable to walk dir `c:\Users\NEW USER\Desktop\download (2)\dataconnect`: GetFileAttributesEx c:\Users\NEW USER\Desktop\download (2)\dataconnect: The system cannot find the file specified.
 {"metadata":{"emulator":{"name":"dataconnect"},"message":"E0608 14:09:04.127922   20612 watch.go:116] watchAllDir unable to walk dir `c:\\Users\\NEW USER\\Desktop\\download (2)\\dataconnect`: GetFileAttributesEx c:\\Users\\NEW USER\\Desktop\\download (2)\\dataconnect: The system cannot find the file specified.\n"}}
[debug] [2026-06-08T13:09:04.129Z] E0608 14:09:04.128445   20612 watch.go:40] Failed to load config from "c:\\Users\\NEW USER\\Desktop\\download (2)\\dataconnect": could not find dataconnect.yaml in `c:\Users\NEW USER\Desktop\download (2)\dataconnect`
 {"metadata":{"emulator":{"name":"dataconnect"},"message":"E0608 14:09:04.128445   20612 watch.go:40] Failed to load config from \"c:\\\\Users\\\\NEW USER\\\\Desktop\\\\download (2)\\\\dataconnect\": could not find dataconnect.yaml in `c:\\Users\\NEW USER\\Desktop\\download (2)\\dataconnect`\n"}}
[debug] [2026-06-08T13:09:14.128Z] E0608 14:09:14.128678   20612 watch.go:40] Failed to load config from "c:\\Users\\NEW USER\\Desktop\\download (2)\\dataconnect": could not find dataconnect.yaml in `c:\Users\NEW USER\Desktop\download (2)\dataconnect`
 {"metadata":{"emulator":{"name":"dataconnect"},"message":"E0608 14:09:14.128678   20612 watch.go:40] Failed to load config from \"c:\\\\Users\\\\NEW USER\\\\Desktop\\\\download (2)\\\\dataconnect\": could not find dataconnect.yaml in `c:\\Users\\NEW USER\\Desktop\\download (2)\\dataconnect`\n"}}
[debug] [2026-06-08T13:09:24.132Z] E0608 14:09:24.132363   20612 watch.go:40] Failed to load config from "c:\\Users\\NEW USER\\Desktop\\download (2)\\dataconnect": could not find dataconnect.yaml in `c:\Users\NEW USER\Desktop\download (2)\dataconnect`
 {"metadata":{"emulator":{"name":"dataconnect"},"message":"E0608 14:09:24.132363   20612 watch.go:40] Failed to load config from \"c:\\\\Users\\\\NEW USER\\\\Desktop\\\\download (2)\\\\dataconnect\": could not find dataconnect.yaml in `c:\\Users\\NEW USER\\Desktop\\download (2)\\dataconnect`\n"}}
[debug] [2026-06-08T13:09:34.129Z] E0608 14:09:34.129157   20612 watch.go:40] Failed to load config from "c:\\Users\\NEW USER\\Desktop\\download (2)\\dataconnect": could not find dataconnect.yaml in `c:\Users\NEW USER\Desktop\download (2)\dataconnect`
 {"metadata":{"emulator":{"name":"dataconnect"},"message":"E0608 14:09:34.129157   20612 watch.go:40] Failed to load config from \"c:\\\\Users\\\\NEW USER\\\\Desktop\\\\download (2)\\\\dataconnect\": could not find dataconnect.yaml in `c:\\Users\\NEW USER\\Desktop\\download (2)\\dataconnect`\n"}}
[debug] [2026-06-08T13:09:44.129Z] E0608 14:09:44.128763   20612 watch.go:40] Failed to load config from "c:\\Users\\NEW USER\\Desktop\\download (2)\\dataconnect": could not find dataconnect.yaml in `c:\Users\NEW USER\Desktop\download (2)\dataconnect`
 {"metadata":{"emulator":{"name":"dataconnect"},"message":"E0608 14:09:44.128763   20612 watch.go:40] Failed to load config from \"c:\\\\Users\\\\NEW USER\\\\Desktop\\\\download (2)\\\\dataconnect\": could not find dataconnect.yaml in `c:\\Users\\NEW USER\\Desktop\\download (2)\\dataconnect`\n"}}
[debug] [2026-06-08T13:09:54.129Z] E0608 14:09:54.128945   20612 watch.go:40] Failed to load config from "c:\\Users\\NEW USER\\Desktop\\download (2)\\dataconnect": could not find dataconnect.yaml in `c:\Users\NEW USER\Desktop\download (2)\dataconnect`
 {"metadata":{"emulator":{"name":"dataconnect"},"message":"E0608 14:09:54.128945   20612 watch.go:40] Failed to load config from \"c:\\\\Users\\\\NEW USER\\\\Desktop\\\\download (2)\\\\dataconnect\": could not find dataconnect.yaml in `c:\\Users\\NEW USER\\Desktop\\download (2)\\dataconnect`\n"}}
[debug] [2026-06-08T13:10:04.129Z] E0608 14:10:04.128949   20612 watch.go:116] watchAllDir unable to walk dir `c:\Users\NEW USER\Desktop\download (2)\dataconnect`: GetFileAttributesEx c:\Users\NEW USER\Desktop\download (2)\dataconnect: The system cannot find the file specified.
 {"metadata":{"emulator":{"name":"dataconnect"},"message":"E0608 14:10:04.128949   20612 watch.go:116] watchAllDir unable to walk dir `c:\\Users\\NEW USER\\Desktop\\download (2)\\dataconnect`: GetFileAttributesEx c:\\Users\\NEW USER\\Desktop\\download (2)\\dataconnect: The system cannot find the file specified.\n"}}
[debug] [2026-06-08T13:10:04.131Z] E0608 14:10:04.129538   20612 watch.go:40] Failed to load config from "c:\\Users\\NEW USER\\Desktop\\download (2)\\dataconnect": could not find dataconnect.yaml in `c:\Users\NEW USER\Desktop\download (2)\dataconnect`
 {"metadata":{"emulator":{"name":"dataconnect"},"message":"E0608 14:10:04.129538   20612 watch.go:40] Failed to load config from \"c:\\\\Users\\\\NEW USER\\\\Desktop\\\\download (2)\\\\dataconnect\": could not find dataconnect.yaml in `c:\\Users\\NEW USER\\Desktop\\download (2)\\dataconnect`\n"}}
[debug] [2026-06-08T13:10:14.128Z] E0608 14:10:14.128556   20612 watch.go:40] Failed to load config from "c:\\Users\\NEW USER\\Desktop\\download (2)\\dataconnect": could not find dataconnect.yaml in `c:\Users\NEW USER\Desktop\download (2)\dataconnect`
 {"metadata":{"emulator":{"name":"dataconnect"},"message":"E0608 14:10:14.128556   20612 watch.go:40] Failed to load config from \"c:\\\\Users\\\\NEW USER\\\\Desktop\\\\download (2)\\\\dataconnect\": could not find dataconnect.yaml in `c:\\Users\\NEW USER\\Desktop\\download (2)\\dataconnect`\n"}}
[debug] [2026-06-08T13:10:24.131Z] E0608 14:10:24.130594   20612 watch.go:40] Failed to load config from "c:\\Users\\NEW USER\\Desktop\\download (2)\\dataconnect": could not find dataconnect.yaml in `c:\Users\NEW USER\Desktop\download (2)\dataconnect`
 {"metadata":{"emulator":{"name":"dataconnect"},"message":"E0608 14:10:24.130594   20612 watch.go:40] Failed to load config from \"c:\\\\Users\\\\NEW USER\\\\Desktop\\\\download (2)\\\\dataconnect\": could not find dataconnect.yaml in `c:\\Users\\NEW USER\\Desktop\\download (2)\\dataconnect`\n"}}
[debug] [2026-06-08T13:10:34.128Z] E0608 14:10:34.128338   20612 watch.go:40] Failed to load config from "c:\\Users\\NEW USER\\Desktop\\download (2)\\dataconnect": could not find dataconnect.yaml in `c:\Users\NEW USER\Desktop\download (2)\dataconnect`
 {"metadata":{"emulator":{"name":"dataconnect"},"message":"E0608 14:10:34.128338   20612 watch.go:40] Failed to load config from \"c:\\\\Users\\\\NEW USER\\\\Desktop\\\\download (2)\\\\dataconnect\": could not find dataconnect.yaml in `c:\\Users\\NEW USER\\Desktop\\download (2)\\dataconnect`\n"}}
[debug] [2026-06-08T13:10:44.130Z] E0608 14:10:44.129334   20612 watch.go:40] Failed to load config from "c:\\Users\\NEW USER\\Desktop\\download (2)\\dataconnect": could not find dataconnect.yaml in `c:\Users\NEW USER\Desktop\download (2)\dataconnect`
 {"metadata":{"emulator":{"name":"dataconnect"},"message":"E0608 14:10:44.129334   20612 watch.go:40] Failed to load config from \"c:\\\\Users\\\\NEW USER\\\\Desktop\\\\download (2)\\\\dataconnect\": could not find dataconnect.yaml in `c:\\Users\\NEW USER\\Desktop\\download (2)\\dataconnect`\n"}}
[debug] [2026-06-08T13:10:54.129Z] E0608 14:10:54.128799   20612 watch.go:40] Failed to load config from "c:\\Users\\NEW USER\\Desktop\\download (2)\\dataconnect": could not find dataconnect.yaml in `c:\Users\NEW USER\Desktop\download (2)\dataconnect`
 {"metadata":{"emulator":{"name":"dataconnect"},"message":"E0608 14:10:54.128799   20612 watch.go:40] Failed to load config from \"c:\\\\Users\\\\NEW USER\\\\Desktop\\\\download (2)\\\\dataconnect\": could not find dataconnect.yaml in `c:\\Users\\NEW USER\\Desktop\\download (2)\\dataconnect`\n"}}
[debug] [2026-06-08T13:11:04.128Z] E0608 14:11:04.128084   20612 watch.go:116] watchAllDir unable to walk dir `c:\Users\NEW USER\Desktop\download (2)\dataconnect`: GetFileAttributesEx c:\Users\NEW USER\Desktop\download (2)\dataconnect: The system cannot find the file specified.
 {"metadata":{"emulator":{"name":"dataconnect"},"message":"E0608 14:11:04.128084   20612 watch.go:116] watchAllDir unable to walk dir `c:\\Users\\NEW USER\\Desktop\\download (2)\\dataconnect`: GetFileAttributesEx c:\\Users\\NEW USER\\Desktop\\download (2)\\dataconnect: The system cannot find the file specified.\n"}}
[debug] [2026-06-08T13:11:04.129Z] E0608 14:11:04.128084   20612 watch.go:40] Failed to load config from "c:\\Users\\NEW USER\\Desktop\\download (2)\\dataconnect": could not find dataconnect.yaml in `c:\Users\NEW USER\Desktop\download (2)\dataconnect`
 {"metadata":{"emulator":{"name":"dataconnect"},"message":"E0608 14:11:04.128084   20612 watch.go:40] Failed to load config from \"c:\\\\Users\\\\NEW USER\\\\Desktop\\\\download (2)\\\\dataconnect\": could not find dataconnect.yaml in `c:\\Users\\NEW USER\\Desktop\\download (2)\\dataconnect`\n"}}
[debug] [2026-06-08T13:11:14.129Z] E0608 14:11:14.129000   20612 watch.go:40] Failed to load config from "c:\\Users\\NEW USER\\Desktop\\download (2)\\dataconnect": could not find dataconnect.yaml in `c:\Users\NEW USER\Desktop\download (2)\dataconnect`
 {"metadata":{"emulator":{"name":"dataconnect"},"message":"E0608 14:11:14.129000   20612 watch.go:40] Failed to load config from \"c:\\\\Users\\\\NEW USER\\\\Desktop\\\\download (2)\\\\dataconnect\": could not find dataconnect.yaml in `c:\\Users\\NEW USER\\Desktop\\download (2)\\dataconnect`\n"}}
[debug] [2026-06-08T13:11:24.129Z] E0608 14:11:24.128779   20612 watch.go:40] Failed to load config from "c:\\Users\\NEW USER\\Desktop\\download (2)\\dataconnect": could not find dataconnect.yaml in `c:\Users\NEW USER\Desktop\download (2)\dataconnect`
 {"metadata":{"emulator":{"name":"dataconnect"},"message":"E0608 14:11:24.128779   20612 watch.go:40] Failed to load config from \"c:\\\\Users\\\\NEW USER\\\\Desktop\\\\download (2)\\\\dataconnect\": could not find dataconnect.yaml in `c:\\Users\\NEW USER\\Desktop\\download (2)\\dataconnect`\n"}}
[debug] [2026-06-08T13:11:34.129Z] E0608 14:11:34.129369   20612 watch.go:40] Failed to load config from "c:\\Users\\NEW USER\\Desktop\\download (2)\\dataconnect": could not find dataconnect.yaml in `c:\Users\NEW USER\Desktop\download (2)\dataconnect`
 {"metadata":{"emulator":{"name":"dataconnect"},"message":"E0608 14:11:34.129369   20612 watch.go:40] Failed to load config from \"c:\\\\Users\\\\NEW USER\\\\Desktop\\\\download (2)\\\\dataconnect\": could not find dataconnect.yaml in `c:\\Users\\NEW USER\\Desktop\\download (2)\\dataconnect`\n"}}
[debug] [2026-06-08T13:11:44.129Z] E0608 14:11:44.129281   20612 watch.go:40] Failed to load config from "c:\\Users\\NEW USER\\Desktop\\download (2)\\dataconnect": could not find dataconnect.yaml in `c:\Users\NEW USER\Desktop\download (2)\dataconnect`
 {"metadata":{"emulator":{"name":"dataconnect"},"message":"E0608 14:11:44.129281   20612 watch.go:40] Failed to load config from \"c:\\\\Users\\\\NEW USER\\\\Desktop\\\\download (2)\\\\dataconnect\": could not find dataconnect.yaml in `c:\\Users\\NEW USER\\Desktop\\download (2)\\dataconnect`\n"}}
[debug] [2026-06-08T13:11:54.128Z] E0608 14:11:54.128577   20612 watch.go:40] Failed to load config from "c:\\Users\\NEW USER\\Desktop\\download (2)\\dataconnect": could not find dataconnect.yaml in `c:\Users\NEW USER\Desktop\download (2)\dataconnect`
 {"metadata":{"emulator":{"name":"dataconnect"},"message":"E0608 14:11:54.128577   20612 watch.go:40] Failed to load config from \"c:\\\\Users\\\\NEW USER\\\\Desktop\\\\download (2)\\\\dataconnect\": could not find dataconnect.yaml in `c:\\Users\\NEW USER\\Desktop\\download (2)\\dataconnect`\n"}}
[debug] [2026-06-08T13:12:04.128Z] E0608 14:12:04.128103   20612 watch.go:116] watchAllDir unable to walk dir `c:\Users\NEW USER\Desktop\download (2)\dataconnect`: GetFileAttributesEx c:\Users\NEW USER\Desktop\download (2)\dataconnect: The system cannot find the file specified.
E0608 14:12:04.128103   20612 watch.go:40] Failed to load config from "c:\\Users\\NEW USER\\Desktop\\download (2)\\dataconnect": could not find dataconnect.yaml in `c:\Users\NEW USER\Desktop\download (2)\dataconnect`
 {"metadata":{"emulator":{"name":"dataconnect"},"message":"E0608 14:12:04.128103   20612 watch.go:116] watchAllDir unable to walk dir `c:\\Users\\NEW USER\\Desktop\\download (2)\\dataconnect`: GetFileAttributesEx c:\\Users\\NEW USER\\Desktop\\download (2)\\dataconnect: The system cannot find the file specified.\nE0608 14:12:04.128103   20612 watch.go:40] Failed to load config from \"c:\\\\Users\\\\NEW USER\\\\Desktop\\\\download (2)\\\\dataconnect\": could not find dataconnect.yaml in `c:\\Users\\NEW USER\\Desktop\\download (2)\\dataconnect`\n"}}
[debug] [2026-06-08T13:12:14.129Z] E0608 14:12:14.129687   20612 watch.go:40] Failed to load config from "c:\\Users\\NEW USER\\Desktop\\download (2)\\dataconnect": could not find dataconnect.yaml in `c:\Users\NEW USER\Desktop\download (2)\dataconnect`
 {"metadata":{"emulator":{"name":"dataconnect"},"message":"E0608 14:12:14.129687   20612 watch.go:40] Failed to load config from \"c:\\\\Users\\\\NEW USER\\\\Desktop\\\\download (2)\\\\dataconnect\": could not find dataconnect.yaml in `c:\\Users\\NEW USER\\Desktop\\download (2)\\dataconnect`\n"}}
[debug] [2026-06-08T13:12:24.129Z] E0608 14:12:24.128832   20612 watch.go:40] Failed to load config from "c:\\Users\\NEW USER\\Desktop\\download (2)\\dataconnect": could not find dataconnect.yaml in `c:\Users\NEW USER\Desktop\download (2)\dataconnect`
 {"metadata":{"emulator":{"name":"dataconnect"},"message":"E0608 14:12:24.128832   20612 watch.go:40] Failed to load config from \"c:\\\\Users\\\\NEW USER\\\\Desktop\\\\download (2)\\\\dataconnect\": could not find dataconnect.yaml in `c:\\Users\\NEW USER\\Desktop\\download (2)\\dataconnect`\n"}}
[debug] [2026-06-08T13:12:34.130Z] E0608 14:12:34.129080   20612 watch.go:40] Failed to load config from "c:\\Users\\NEW USER\\Desktop\\download (2)\\dataconnect": could not find dataconnect.yaml in `c:\Users\NEW USER\Desktop\download (2)\dataconnect`
 {"metadata":{"emulator":{"name":"dataconnect"},"message":"E0608 14:12:34.129080   20612 watch.go:40] Failed to load config from \"c:\\\\Users\\\\NEW USER\\\\Desktop\\\\download (2)\\\\dataconnect\": could not find dataconnect.yaml in `c:\\Users\\NEW USER\\Desktop\\download (2)\\dataconnect`\n"}}
[debug] [2026-06-08T13:12:44.129Z] E0608 14:12:44.128476   20612 watch.go:40] Failed to load config from "c:\\Users\\NEW USER\\Desktop\\download (2)\\dataconnect": could not find dataconnect.yaml in `c:\Users\NEW USER\Desktop\download (2)\dataconnect`
 {"metadata":{"emulator":{"name":"dataconnect"},"message":"E0608 14:12:44.128476   20612 watch.go:40] Failed to load config from \"c:\\\\Users\\\\NEW USER\\\\Desktop\\\\download (2)\\\\dataconnect\": could not find dataconnect.yaml in `c:\\Users\\NEW USER\\Desktop\\download (2)\\dataconnect`\n"}}
[debug] [2026-06-08T13:12:54.129Z] E0608 14:12:54.128713   20612 watch.go:40] Failed to load config from "c:\\Users\\NEW USER\\Desktop\\download (2)\\dataconnect": could not find dataconnect.yaml in `c:\Users\NEW USER\Desktop\download (2)\dataconnect`
 {"metadata":{"emulator":{"name":"dataconnect"},"message":"E0608 14:12:54.128713   20612 watch.go:40] Failed to load config from \"c:\\\\Users\\\\NEW USER\\\\Desktop\\\\download (2)\\\\dataconnect\": could not find dataconnect.yaml in `c:\\Users\\NEW USER\\Desktop\\download (2)\\dataconnect`\n"}}
[debug] [2026-06-08T13:13:04.128Z] E0608 14:13:04.128484   20612 watch.go:116] watchAllDir unable to walk dir `c:\Users\NEW USER\Desktop\download (2)\dataconnect`: GetFileAttributesEx c:\Users\NEW USER\Desktop\download (2)\dataconnect: The system cannot find the file specified.
 {"metadata":{"emulator":{"name":"dataconnect"},"message":"E0608 14:13:04.128484   20612 watch.go:116] watchAllDir unable to walk dir `c:\\Users\\NEW USER\\Desktop\\download (2)\\dataconnect`: GetFileAttributesEx c:\\Users\\NEW USER\\Desktop\\download (2)\\dataconnect: The system cannot find the file specified.\n"}}
[debug] [2026-06-08T13:13:04.129Z] E0608 14:13:04.128484   20612 watch.go:40] Failed to load config from "c:\\Users\\NEW USER\\Desktop\\download (2)\\dataconnect": could not find dataconnect.yaml in `c:\Users\NEW USER\Desktop\download (2)\dataconnect`
 {"metadata":{"emulator":{"name":"dataconnect"},"message":"E0608 14:13:04.128484   20612 watch.go:40] Failed to load config from \"c:\\\\Users\\\\NEW USER\\\\Desktop\\\\download (2)\\\\dataconnect\": could not find dataconnect.yaml in `c:\\Users\\NEW USER\\Desktop\\download (2)\\dataconnect`\n"}}
[debug] [2026-06-08T13:13:14.129Z] E0608 14:13:14.128516   20612 watch.go:40] Failed to load config from "c:\\Users\\NEW USER\\Desktop\\download (2)\\dataconnect": could not find dataconnect.yaml in `c:\Users\NEW USER\Desktop\download (2)\dataconnect`
 {"metadata":{"emulator":{"name":"dataconnect"},"message":"E0608 14:13:14.128516   20612 watch.go:40] Failed to load config from \"c:\\\\Users\\\\NEW USER\\\\Desktop\\\\download (2)\\\\dataconnect\": could not find dataconnect.yaml in `c:\\Users\\NEW USER\\Desktop\\download (2)\\dataconnect`\n"}}
[debug] [2026-06-08T13:13:24.130Z] E0608 14:13:24.129815   20612 watch.go:40] Failed to load config from "c:\\Users\\NEW USER\\Desktop\\download (2)\\dataconnect": could not find dataconnect.yaml in `c:\Users\NEW USER\Desktop\download (2)\dataconnect`
 {"metadata":{"emulator":{"name":"dataconnect"},"message":"E0608 14:13:24.129815   20612 watch.go:40] Failed to load config from \"c:\\\\Users\\\\NEW USER\\\\Desktop\\\\download (2)\\\\dataconnect\": could not find dataconnect.yaml in `c:\\Users\\NEW USER\\Desktop\\download (2)\\dataconnect`\n"}}
[debug] [2026-06-08T13:13:34.130Z] E0608 14:13:34.129284   20612 watch.go:40] Failed to load config from "c:\\Users\\NEW USER\\Desktop\\download (2)\\dataconnect": could not find dataconnect.yaml in `c:\Users\NEW USER\Desktop\download (2)\dataconnect`
 {"metadata":{"emulator":{"name":"dataconnect"},"message":"E0608 14:13:34.129284   20612 watch.go:40] Failed to load config from \"c:\\\\Users\\\\NEW USER\\\\Desktop\\\\download (2)\\\\dataconnect\": could not find dataconnect.yaml in `c:\\Users\\NEW USER\\Desktop\\download (2)\\dataconnect`\n"}}
[debug] [2026-06-08T13:13:44.130Z] E0608 14:13:44.129406   20612 watch.go:40] Failed to load config from "c:\\Users\\NEW USER\\Desktop\\download (2)\\dataconnect": could not find dataconnect.yaml in `c:\Users\NEW USER\Desktop\download (2)\dataconnect`
 {"metadata":{"emulator":{"name":"dataconnect"},"message":"E0608 14:13:44.129406   20612 watch.go:40] Failed to load config from \"c:\\\\Users\\\\NEW USER\\\\Desktop\\\\download (2)\\\\dataconnect\": could not find dataconnect.yaml in `c:\\Users\\NEW USER\\Desktop\\download (2)\\dataconnect`\n"}}
[debug] [2026-06-08T13:13:54.130Z] E0608 14:13:54.128903   20612 watch.go:40] Failed to load config from "c:\\Users\\NEW USER\\Desktop\\download (2)\\dataconnect": could not find dataconnect.yaml in `c:\Users\NEW USER\Desktop\download (2)\dataconnect`
 {"metadata":{"emulator":{"name":"dataconnect"},"message":"E0608 14:13:54.128903   20612 watch.go:40] Failed to load config from \"c:\\\\Users\\\\NEW USER\\\\Desktop\\\\download (2)\\\\dataconnect\": could not find dataconnect.yaml in `c:\\Users\\NEW USER\\Desktop\\download (2)\\dataconnect`\n"}}
[debug] [2026-06-08T13:14:04.128Z] E0608 14:14:04.128315   20612 watch.go:116] watchAllDir unable to walk dir `c:\Users\NEW USER\Desktop\download (2)\dataconnect`: GetFileAttributesEx c:\Users\NEW USER\Desktop\download (2)\dataconnect: The system cannot find the file specified.
 {"metadata":{"emulator":{"name":"dataconnect"},"message":"E0608 14:14:04.128315   20612 watch.go:116] watchAllDir unable to walk dir `c:\\Users\\NEW USER\\Desktop\\download (2)\\dataconnect`: GetFileAttributesEx c:\\Users\\NEW USER\\Desktop\\download (2)\\dataconnect: The system cannot find the file specified.\n"}}
[debug] [2026-06-08T13:14:04.129Z] E0608 14:14:04.128315   20612 watch.go:40] Failed to load config from "c:\\Users\\NEW USER\\Desktop\\download (2)\\dataconnect": could not find dataconnect.yaml in `c:\Users\NEW USER\Desktop\download (2)\dataconnect`
 {"metadata":{"emulator":{"name":"dataconnect"},"message":"E0608 14:14:04.128315   20612 watch.go:40] Failed to load config from \"c:\\\\Users\\\\NEW USER\\\\Desktop\\\\download (2)\\\\dataconnect\": could not find dataconnect.yaml in `c:\\Users\\NEW USER\\Desktop\\download (2)\\dataconnect`\n"}}
[debug] [2026-06-08T13:14:14.129Z] E0608 14:14:14.128972   20612 watch.go:40] Failed to load config from "c:\\Users\\NEW USER\\Desktop\\download (2)\\dataconnect": could not find dataconnect.yaml in `c:\Users\NEW USER\Desktop\download (2)\dataconnect`
 {"metadata":{"emulator":{"name":"dataconnect"},"message":"E0608 14:14:14.128972   20612 watch.go:40] Failed to load config from \"c:\\\\Users\\\\NEW USER\\\\Desktop\\\\download (2)\\\\dataconnect\": could not find dataconnect.yaml in `c:\\Users\\NEW USER\\Desktop\\download (2)\\dataconnect`\n"}}
[debug] [2026-06-08T13:14:24.130Z] E0608 14:14:24.129256   20612 watch.go:40] Failed to load config from "c:\\Users\\NEW USER\\Desktop\\download (2)\\dataconnect": could not find dataconnect.yaml in `c:\Users\NEW USER\Desktop\download (2)\dataconnect`
 {"metadata":{"emulator":{"name":"dataconnect"},"message":"E0608 14:14:24.129256   20612 watch.go:40] Failed to load config from \"c:\\\\Users\\\\NEW USER\\\\Desktop\\\\download (2)\\\\dataconnect\": could not find dataconnect.yaml in `c:\\Users\\NEW USER\\Desktop\\download (2)\\dataconnect`\n"}}
[debug] [2026-06-08T13:14:34.130Z] E0608 14:14:34.129038   20612 watch.go:40] Failed to load config from "c:\\Users\\NEW USER\\Desktop\\download (2)\\dataconnect": could not find dataconnect.yaml in `c:\Users\NEW USER\Desktop\download (2)\dataconnect`
 {"metadata":{"emulator":{"name":"dataconnect"},"message":"E0608 14:14:34.129038   20612 watch.go:40] Failed to load config from \"c:\\\\Users\\\\NEW USER\\\\Desktop\\\\download (2)\\\\dataconnect\": could not find dataconnect.yaml in `c:\\Users\\NEW USER\\Desktop\\download (2)\\dataconnect`\n"}}
[debug] [2026-06-08T13:14:44.129Z] E0608 14:14:44.128952   20612 watch.go:40] Failed to load config from "c:\\Users\\NEW USER\\Desktop\\download (2)\\dataconnect": could not find dataconnect.yaml in `c:\Users\NEW USER\Desktop\download (2)\dataconnect`
 {"metadata":{"emulator":{"name":"dataconnect"},"message":"E0608 14:14:44.128952   20612 watch.go:40] Failed to load config from \"c:\\\\Users\\\\NEW USER\\\\Desktop\\\\download (2)\\\\dataconnect\": could not find dataconnect.yaml in `c:\\Users\\NEW USER\\Desktop\\download (2)\\dataconnect`\n"}}
[debug] [2026-06-08T13:14:54.129Z] E0608 14:14:54.128562   20612 watch.go:40] Failed to load config from "c:\\Users\\NEW USER\\Desktop\\download (2)\\dataconnect": could not find dataconnect.yaml in `c:\Users\NEW USER\Desktop\download (2)\dataconnect`
 {"metadata":{"emulator":{"name":"dataconnect"},"message":"E0608 14:14:54.128562   20612 watch.go:40] Failed to load config from \"c:\\\\Users\\\\NEW USER\\\\Desktop\\\\download (2)\\\\dataconnect\": could not find dataconnect.yaml in `c:\\Users\\NEW USER\\Desktop\\download (2)\\dataconnect`\n"}}
[debug] [2026-06-08T13:15:04.128Z] E0608 14:15:04.128436   20612 watch.go:116] watchAllDir unable to walk dir `c:\Users\NEW USER\Desktop\download (2)\dataconnect`: GetFileAttributesEx c:\Users\NEW USER\Desktop\download (2)\dataconnect: The system cannot find the file specified.
 {"metadata":{"emulator":{"name":"dataconnect"},"message":"E0608 14:15:04.128436   20612 watch.go:116] watchAllDir unable to walk dir `c:\\Users\\NEW USER\\Desktop\\download (2)\\dataconnect`: GetFileAttributesEx c:\\Users\\NEW USER\\Desktop\\download (2)\\dataconnect: The system cannot find the file specified.\n"}}
[debug] [2026-06-08T13:15:04.129Z] E0608 14:15:04.128436   20612 watch.go:40] Failed to load config from "c:\\Users\\NEW USER\\Desktop\\download (2)\\dataconnect": could not find dataconnect.yaml in `c:\Users\NEW USER\Desktop\download (2)\dataconnect`
 {"metadata":{"emulator":{"name":"dataconnect"},"message":"E0608 14:15:04.128436   20612 watch.go:40] Failed to load config from \"c:\\\\Users\\\\NEW USER\\\\Desktop\\\\download (2)\\\\dataconnect\": could not find dataconnect.yaml in `c:\\Users\\NEW USER\\Desktop\\download (2)\\dataconnect`\n"}}
[debug] [2026-06-08T13:15:14.129Z] E0608 14:15:14.128622   20612 watch.go:40] Failed to load config from "c:\\Users\\NEW USER\\Desktop\\download (2)\\dataconnect": could not find dataconnect.yaml in `c:\Users\NEW USER\Desktop\download (2)\dataconnect`
 {"metadata":{"emulator":{"name":"dataconnect"},"message":"E0608 14:15:14.128622   20612 watch.go:40] Failed to load config from \"c:\\\\Users\\\\NEW USER\\\\Desktop\\\\download (2)\\\\dataconnect\": could not find dataconnect.yaml in `c:\\Users\\NEW USER\\Desktop\\download (2)\\dataconnect`\n"}}
[debug] [2026-06-08T13:15:24.129Z] E0608 14:15:24.128632   20612 watch.go:40] Failed to load config from "c:\\Users\\NEW USER\\Desktop\\download (2)\\dataconnect": could not find dataconnect.yaml in `c:\Users\NEW USER\Desktop\download (2)\dataconnect`
 {"metadata":{"emulator":{"name":"dataconnect"},"message":"E0608 14:15:24.128632   20612 watch.go:40] Failed to load config from \"c:\\\\Users\\\\NEW USER\\\\Desktop\\\\download (2)\\\\dataconnect\": could not find dataconnect.yaml in `c:\\Users\\NEW USER\\Desktop\\download (2)\\dataconnect`\n"}}
[debug] [2026-06-08T13:15:34.128Z] E0608 14:15:34.128361   20612 watch.go:40] Failed to load config from "c:\\Users\\NEW USER\\Desktop\\download (2)\\dataconnect": could not find dataconnect.yaml in `c:\Users\NEW USER\Desktop\download (2)\dataconnect`
 {"metadata":{"emulator":{"name":"dataconnect"},"message":"E0608 14:15:34.128361   20612 watch.go:40] Failed to load config from \"c:\\\\Users\\\\NEW USER\\\\Desktop\\\\download (2)\\\\dataconnect\": could not find dataconnect.yaml in `c:\\Users\\NEW USER\\Desktop\\download (2)\\dataconnect`\n"}}
[debug] [2026-06-08T13:15:44.129Z] E0608 14:15:44.129514   20612 watch.go:40] Failed to load config from "c:\\Users\\NEW USER\\Desktop\\download (2)\\dataconnect": could not find dataconnect.yaml in `c:\Users\NEW USER\Desktop\download (2)\dataconnect`
 {"metadata":{"emulator":{"name":"dataconnect"},"message":"E0608 14:15:44.129514   20612 watch.go:40] Failed to load config from \"c:\\\\Users\\\\NEW USER\\\\Desktop\\\\download (2)\\\\dataconnect\": could not find dataconnect.yaml in `c:\\Users\\NEW USER\\Desktop\\download (2)\\dataconnect`\n"}}
[debug] [2026-06-08T13:15:54.129Z] E0608 14:15:54.129566   20612 watch.go:40] Failed to load config from "c:\\Users\\NEW USER\\Desktop\\download (2)\\dataconnect": could not find dataconnect.yaml in `c:\Users\NEW USER\Desktop\download (2)\dataconnect`
 {"metadata":{"emulator":{"name":"dataconnect"},"message":"E0608 14:15:54.129566   20612 watch.go:40] Failed to load config from \"c:\\\\Users\\\\NEW USER\\\\Desktop\\\\download (2)\\\\dataconnect\": could not find dataconnect.yaml in `c:\\Users\\NEW USER\\Desktop\\download (2)\\dataconnect`\n"}}
[debug] [2026-06-08T13:16:04.129Z] E0608 14:16:04.128884   20612 watch.go:116] watchAllDir unable to walk dir `c:\Users\NEW USER\Desktop\download (2)\dataconnect`: GetFileAttributesEx c:\Users\NEW USER\Desktop\download (2)\dataconnect: The system cannot find the file specified.
 {"metadata":{"emulator":{"name":"dataconnect"},"message":"E0608 14:16:04.128884   20612 watch.go:116] watchAllDir unable to walk dir `c:\\Users\\NEW USER\\Desktop\\download (2)\\dataconnect`: GetFileAttributesEx c:\\Users\\NEW USER\\Desktop\\download (2)\\dataconnect: The system cannot find the file specified.\n"}}
[debug] [2026-06-08T13:16:04.130Z] E0608 14:16:04.128884   20612 watch.go:40] Failed to load config from "c:\\Users\\NEW USER\\Desktop\\download (2)\\dataconnect": could not find dataconnect.yaml in `c:\Users\NEW USER\Desktop\download (2)\dataconnect`
 {"metadata":{"emulator":{"name":"dataconnect"},"message":"E0608 14:16:04.128884   20612 watch.go:40] Failed to load config from \"c:\\\\Users\\\\NEW USER\\\\Desktop\\\\download (2)\\\\dataconnect\": could not find dataconnect.yaml in `c:\\Users\\NEW USER\\Desktop\\download (2)\\dataconnect`\n"}}
[debug] [2026-06-08T13:16:14.130Z] E0608 14:16:14.129691   20612 watch.go:40] Failed to load config from "c:\\Users\\NEW USER\\Desktop\\download (2)\\dataconnect": could not find dataconnect.yaml in `c:\Users\NEW USER\Desktop\download (2)\dataconnect`
 {"metadata":{"emulator":{"name":"dataconnect"},"message":"E0608 14:16:14.129691   20612 watch.go:40] Failed to load config from \"c:\\\\Users\\\\NEW USER\\\\Desktop\\\\download (2)\\\\dataconnect\": could not find dataconnect.yaml in `c:\\Users\\NEW USER\\Desktop\\download (2)\\dataconnect`\n"}}
[debug] [2026-06-08T13:16:24.130Z] E0608 14:16:24.129438   20612 watch.go:40] Failed to load config from "c:\\Users\\NEW USER\\Desktop\\download (2)\\dataconnect": could not find dataconnect.yaml in `c:\Users\NEW USER\Desktop\download (2)\dataconnect`
 {"metadata":{"emulator":{"name":"dataconnect"},"message":"E0608 14:16:24.129438   20612 watch.go:40] Failed to load config from \"c:\\\\Users\\\\NEW USER\\\\Desktop\\\\download (2)\\\\dataconnect\": could not find dataconnect.yaml in `c:\\Users\\NEW USER\\Desktop\\download (2)\\dataconnect`\n"}}
[debug] [2026-06-08T13:16:34.130Z] E0608 14:16:34.129469   20612 watch.go:40] Failed to load config from "c:\\Users\\NEW USER\\Desktop\\download (2)\\dataconnect": could not find dataconnect.yaml in `c:\Users\NEW USER\Desktop\download (2)\dataconnect`
 {"metadata":{"emulator":{"name":"dataconnect"},"message":"E0608 14:16:34.129469   20612 watch.go:40] Failed to load config from \"c:\\\\Users\\\\NEW USER\\\\Desktop\\\\download (2)\\\\dataconnect\": could not find dataconnect.yaml in `c:\\Users\\NEW USER\\Desktop\\download (2)\\dataconnect`\n"}}
[debug] [2026-06-08T13:16:44.129Z] E0608 14:16:44.128367   20612 watch.go:40] Failed to load config from "c:\\Users\\NEW USER\\Desktop\\download (2)\\dataconnect": could not find dataconnect.yaml in `c:\Users\NEW USER\Desktop\download (2)\dataconnect`
 {"metadata":{"emulator":{"name":"dataconnect"},"message":"E0608 14:16:44.128367   20612 watch.go:40] Failed to load config from \"c:\\\\Users\\\\NEW USER\\\\Desktop\\\\download (2)\\\\dataconnect\": could not find dataconnect.yaml in `c:\\Users\\NEW USER\\Desktop\\download (2)\\dataconnect`\n"}}
[debug] [2026-06-08T13:16:54.129Z] E0608 14:16:54.128721   20612 watch.go:40] Failed to load config from "c:\\Users\\NEW USER\\Desktop\\download (2)\\dataconnect": could not find dataconnect.yaml in `c:\Users\NEW USER\Desktop\download (2)\dataconnect`
 {"metadata":{"emulator":{"name":"dataconnect"},"message":"E0608 14:16:54.128721   20612 watch.go:40] Failed to load config from \"c:\\\\Users\\\\NEW USER\\\\Desktop\\\\download (2)\\\\dataconnect\": could not find dataconnect.yaml in `c:\\Users\\NEW USER\\Desktop\\download (2)\\dataconnect`\n"}}
[debug] [2026-06-08T13:17:04.129Z] E0608 14:17:04.128782   20612 watch.go:116] watchAllDir unable to walk dir `c:\Users\NEW USER\Desktop\download (2)\dataconnect`: GetFileAttributesEx c:\Users\NEW USER\Desktop\download (2)\dataconnect: The system cannot find the file specified.
 {"metadata":{"emulator":{"name":"dataconnect"},"message":"E0608 14:17:04.128782   20612 watch.go:116] watchAllDir unable to walk dir `c:\\Users\\NEW USER\\Desktop\\download (2)\\dataconnect`: GetFileAttributesEx c:\\Users\\NEW USER\\Desktop\\download (2)\\dataconnect: The system cannot find the file specified.\n"}}
[debug] [2026-06-08T13:17:04.131Z] E0608 14:17:04.131124   20612 watch.go:40] Failed to load config from "c:\\Users\\NEW USER\\Desktop\\download (2)\\dataconnect": could not find dataconnect.yaml in `c:\Users\NEW USER\Desktop\download (2)\dataconnect`
 {"metadata":{"emulator":{"name":"dataconnect"},"message":"E0608 14:17:04.131124   20612 watch.go:40] Failed to load config from \"c:\\\\Users\\\\NEW USER\\\\Desktop\\\\download (2)\\\\dataconnect\": could not find dataconnect.yaml in `c:\\Users\\NEW USER\\Desktop\\download (2)\\dataconnect`\n"}}
[debug] [2026-06-08T13:17:14.128Z] E0608 14:17:14.128514   20612 watch.go:40] Failed to load config from "c:\\Users\\NEW USER\\Desktop\\download (2)\\dataconnect": could not find dataconnect.yaml in `c:\Users\NEW USER\Desktop\download (2)\dataconnect`
 {"metadata":{"emulator":{"name":"dataconnect"},"message":"E0608 14:17:14.128514   20612 watch.go:40] Failed to load config from \"c:\\\\Users\\\\NEW USER\\\\Desktop\\\\download (2)\\\\dataconnect\": could not find dataconnect.yaml in `c:\\Users\\NEW USER\\Desktop\\download (2)\\dataconnect`\n"}}
[debug] [2026-06-08T13:17:24.129Z] E0608 14:17:24.128476   20612 watch.go:40] Failed to load config from "c:\\Users\\NEW USER\\Desktop\\download (2)\\dataconnect": could not find dataconnect.yaml in `c:\Users\NEW USER\Desktop\download (2)\dataconnect`
 {"metadata":{"emulator":{"name":"dataconnect"},"message":"E0608 14:17:24.128476   20612 watch.go:40] Failed to load config from \"c:\\\\Users\\\\NEW USER\\\\Desktop\\\\download (2)\\\\dataconnect\": could not find dataconnect.yaml in `c:\\Users\\NEW USER\\Desktop\\download (2)\\dataconnect`\n"}}
[debug] [2026-06-08T13:17:34.128Z] E0608 14:17:34.128392   20612 watch.go:40] Failed to load config from "c:\\Users\\NEW USER\\Desktop\\download (2)\\dataconnect": could not find dataconnect.yaml in `c:\Users\NEW USER\Desktop\download (2)\dataconnect`
 {"metadata":{"emulator":{"name":"dataconnect"},"message":"E0608 14:17:34.128392   20612 watch.go:40] Failed to load config from \"c:\\\\Users\\\\NEW USER\\\\Desktop\\\\download (2)\\\\dataconnect\": could not find dataconnect.yaml in `c:\\Users\\NEW USER\\Desktop\\download (2)\\dataconnect`\n"}}
[debug] [2026-06-08T13:17:44.129Z] E0608 14:17:44.129088   20612 watch.go:40] Failed to load config from "c:\\Users\\NEW USER\\Desktop\\download (2)\\dataconnect": could not find dataconnect.yaml in `c:\Users\NEW USER\Desktop\download (2)\dataconnect`
 {"metadata":{"emulator":{"name":"dataconnect"},"message":"E0608 14:17:44.129088   20612 watch.go:40] Failed to load config from \"c:\\\\Users\\\\NEW USER\\\\Desktop\\\\download (2)\\\\dataconnect\": could not find dataconnect.yaml in `c:\\Users\\NEW USER\\Desktop\\download (2)\\dataconnect`\n"}}
[debug] [2026-06-08T13:17:54.128Z] E0608 14:17:54.128924   20612 watch.go:40] Failed to load config from "c:\\Users\\NEW USER\\Desktop\\download (2)\\dataconnect": could not find dataconnect.yaml in `c:\Users\NEW USER\Desktop\download (2)\dataconnect`
 {"metadata":{"emulator":{"name":"dataconnect"},"message":"E0608 14:17:54.128924   20612 watch.go:40] Failed to load config from \"c:\\\\Users\\\\NEW USER\\\\Desktop\\\\download (2)\\\\dataconnect\": could not find dataconnect.yaml in `c:\\Users\\NEW USER\\Desktop\\download (2)\\dataconnect`\n"}}
[debug] [2026-06-08T13:18:04.128Z] E0608 14:18:04.128604   20612 watch.go:116] watchAllDir unable to walk dir `c:\Users\NEW USER\Desktop\download (2)\dataconnect`: GetFileAttributesEx c:\Users\NEW USER\Desktop\download (2)\dataconnect: The system cannot find the file specified.
 {"metadata":{"emulator":{"name":"dataconnect"},"message":"E0608 14:18:04.128604   20612 watch.go:116] watchAllDir unable to walk dir `c:\\Users\\NEW USER\\Desktop\\download (2)\\dataconnect`: GetFileAttributesEx c:\\Users\\NEW USER\\Desktop\\download (2)\\dataconnect: The system cannot find the file specified.\n"}}
[debug] [2026-06-08T13:18:04.130Z] E0608 14:18:04.129289   20612 watch.go:40] Failed to load config from "c:\\Users\\NEW USER\\Desktop\\download (2)\\dataconnect": could not find dataconnect.yaml in `c:\Users\NEW USER\Desktop\download (2)\dataconnect`
 {"metadata":{"emulator":{"name":"dataconnect"},"message":"E0608 14:18:04.129289   20612 watch.go:40] Failed to load config from \"c:\\\\Users\\\\NEW USER\\\\Desktop\\\\download (2)\\\\dataconnect\": could not find dataconnect.yaml in `c:\\Users\\NEW USER\\Desktop\\download (2)\\dataconnect`\n"}}
[debug] [2026-06-08T13:18:14.128Z] E0608 14:18:14.128177   20612 watch.go:40] Failed to load config from "c:\\Users\\NEW USER\\Desktop\\download (2)\\dataconnect": could not find dataconnect.yaml in `c:\Users\NEW USER\Desktop\download (2)\dataconnect`
 {"metadata":{"emulator":{"name":"dataconnect"},"message":"E0608 14:18:14.128177   20612 watch.go:40] Failed to load config from \"c:\\\\Users\\\\NEW USER\\\\Desktop\\\\download (2)\\\\dataconnect\": could not find dataconnect.yaml in `c:\\Users\\NEW USER\\Desktop\\download (2)\\dataconnect`\n"}}
[debug] [2026-06-08T13:18:24.129Z] E0608 14:18:24.128802   20612 watch.go:40] Failed to load config from "c:\\Users\\NEW USER\\Desktop\\download (2)\\dataconnect": could not find dataconnect.yaml in `c:\Users\NEW USER\Desktop\download (2)\dataconnect`
 {"metadata":{"emulator":{"name":"dataconnect"},"message":"E0608 14:18:24.128802   20612 watch.go:40] Failed to load config from \"c:\\\\Users\\\\NEW USER\\\\Desktop\\\\download (2)\\\\dataconnect\": could not find dataconnect.yaml in `c:\\Users\\NEW USER\\Desktop\\download (2)\\dataconnect`\n"}}
[debug] [2026-06-08T13:18:34.130Z] E0608 14:18:34.129274   20612 watch.go:40] Failed to load config from "c:\\Users\\NEW USER\\Desktop\\download (2)\\dataconnect": could not find dataconnect.yaml in `c:\Users\NEW USER\Desktop\download (2)\dataconnect`
 {"metadata":{"emulator":{"name":"dataconnect"},"message":"E0608 14:18:34.129274   20612 watch.go:40] Failed to load config from \"c:\\\\Users\\\\NEW USER\\\\Desktop\\\\download (2)\\\\dataconnect\": could not find dataconnect.yaml in `c:\\Users\\NEW USER\\Desktop\\download (2)\\dataconnect`\n"}}
[debug] [2026-06-08T13:18:44.128Z] E0608 14:18:44.128374   20612 watch.go:40] Failed to load config from "c:\\Users\\NEW USER\\Desktop\\download (2)\\dataconnect": could not find dataconnect.yaml in `c:\Users\NEW USER\Desktop\download (2)\dataconnect`
 {"metadata":{"emulator":{"name":"dataconnect"},"message":"E0608 14:18:44.128374   20612 watch.go:40] Failed to load config from \"c:\\\\Users\\\\NEW USER\\\\Desktop\\\\download (2)\\\\dataconnect\": could not find dataconnect.yaml in `c:\\Users\\NEW USER\\Desktop\\download (2)\\dataconnect`\n"}}
[debug] [2026-06-08T13:18:54.131Z] E0608 14:18:54.130288   20612 watch.go:40] Failed to load config from "c:\\Users\\NEW USER\\Desktop\\download (2)\\dataconnect": could not find dataconnect.yaml in `c:\Users\NEW USER\Desktop\download (2)\dataconnect`
 {"metadata":{"emulator":{"name":"dataconnect"},"message":"E0608 14:18:54.130288   20612 watch.go:40] Failed to load config from \"c:\\\\Users\\\\NEW USER\\\\Desktop\\\\download (2)\\\\dataconnect\": could not find dataconnect.yaml in `c:\\Users\\NEW USER\\Desktop\\download (2)\\dataconnect`\n"}}
[debug] [2026-06-08T13:19:04.128Z] E0608 14:19:04.128091   20612 watch.go:116] watchAllDir unable to walk dir `c:\Users\NEW USER\Desktop\download (2)\dataconnect`: GetFileAttributesEx c:\Users\NEW USER\Desktop\download (2)\dataconnect: The system cannot find the file specified.
 {"metadata":{"emulator":{"name":"dataconnect"},"message":"E0608 14:19:04.128091   20612 watch.go:116] watchAllDir unable to walk dir `c:\\Users\\NEW USER\\Desktop\\download (2)\\dataconnect`: GetFileAttributesEx c:\\Users\\NEW USER\\Desktop\\download (2)\\dataconnect: The system cannot find the file specified.\n"}}
[debug] [2026-06-08T13:19:04.129Z] E0608 14:19:04.128883   20612 watch.go:40] Failed to load config from "c:\\Users\\NEW USER\\Desktop\\download (2)\\dataconnect": could not find dataconnect.yaml in `c:\Users\NEW USER\Desktop\download (2)\dataconnect`
 {"metadata":{"emulator":{"name":"dataconnect"},"message":"E0608 14:19:04.128883   20612 watch.go:40] Failed to load config from \"c:\\\\Users\\\\NEW USER\\\\Desktop\\\\download (2)\\\\dataconnect\": could not find dataconnect.yaml in `c:\\Users\\NEW USER\\Desktop\\download (2)\\dataconnect`\n"}}
[debug] [2026-06-08T13:19:14.128Z] E0608 14:19:14.127896   20612 watch.go:40] Failed to load config from "c:\\Users\\NEW USER\\Desktop\\download (2)\\dataconnect": could not find dataconnect.yaml in `c:\Users\NEW USER\Desktop\download (2)\dataconnect`
 {"metadata":{"emulator":{"name":"dataconnect"},"message":"E0608 14:19:14.127896   20612 watch.go:40] Failed to load config from \"c:\\\\Users\\\\NEW USER\\\\Desktop\\\\download (2)\\\\dataconnect\": could not find dataconnect.yaml in `c:\\Users\\NEW USER\\Desktop\\download (2)\\dataconnect`\n"}}
[debug] [2026-06-08T13:19:24.129Z] E0608 14:19:24.128661   20612 watch.go:40] Failed to load config from "c:\\Users\\NEW USER\\Desktop\\download (2)\\dataconnect": could not find dataconnect.yaml in `c:\Users\NEW USER\Desktop\download (2)\dataconnect`
 {"metadata":{"emulator":{"name":"dataconnect"},"message":"E0608 14:19:24.128661   20612 watch.go:40] Failed to load config from \"c:\\\\Users\\\\NEW USER\\\\Desktop\\\\download (2)\\\\dataconnect\": could not find dataconnect.yaml in `c:\\Users\\NEW USER\\Desktop\\download (2)\\dataconnect`\n"}}
[debug] [2026-06-08T13:19:34.128Z] E0608 14:19:34.128780   20612 watch.go:40] Failed to load config from "c:\\Users\\NEW USER\\Desktop\\download (2)\\dataconnect": could not find dataconnect.yaml in `c:\Users\NEW USER\Desktop\download (2)\dataconnect`
 {"metadata":{"emulator":{"name":"dataconnect"},"message":"E0608 14:19:34.128780   20612 watch.go:40] Failed to load config from \"c:\\\\Users\\\\NEW USER\\\\Desktop\\\\download (2)\\\\dataconnect\": could not find dataconnect.yaml in `c:\\Users\\NEW USER\\Desktop\\download (2)\\dataconnect`\n"}}
[debug] [2026-06-08T13:19:44.130Z] E0608 14:19:44.129251   20612 watch.go:40] Failed to load config from "c:\\Users\\NEW USER\\Desktop\\download (2)\\dataconnect": could not find dataconnect.yaml in `c:\Users\NEW USER\Desktop\download (2)\dataconnect`
 {"metadata":{"emulator":{"name":"dataconnect"},"message":"E0608 14:19:44.129251   20612 watch.go:40] Failed to load config from \"c:\\\\Users\\\\NEW USER\\\\Desktop\\\\download (2)\\\\dataconnect\": could not find dataconnect.yaml in `c:\\Users\\NEW USER\\Desktop\\download (2)\\dataconnect`\n"}}
[debug] [2026-06-08T13:19:54.129Z] E0608 14:19:54.129124   20612 watch.go:40] Failed to load config from "c:\\Users\\NEW USER\\Desktop\\download (2)\\dataconnect": could not find dataconnect.yaml in `c:\Users\NEW USER\Desktop\download (2)\dataconnect`
 {"metadata":{"emulator":{"name":"dataconnect"},"message":"E0608 14:19:54.129124   20612 watch.go:40] Failed to load config from \"c:\\\\Users\\\\NEW USER\\\\Desktop\\\\download (2)\\\\dataconnect\": could not find dataconnect.yaml in `c:\\Users\\NEW USER\\Desktop\\download (2)\\dataconnect`\n"}}
[debug] [2026-06-08T13:20:04.129Z] E0608 14:20:04.128577   20612 watch.go:116] watchAllDir unable to walk dir `c:\Users\NEW USER\Desktop\download (2)\dataconnect`: GetFileAttributesEx c:\Users\NEW USER\Desktop\download (2)\dataconnect: The system cannot find the file specified.
 {"metadata":{"emulator":{"name":"dataconnect"},"message":"E0608 14:20:04.128577   20612 watch.go:116] watchAllDir unable to walk dir `c:\\Users\\NEW USER\\Desktop\\download (2)\\dataconnect`: GetFileAttributesEx c:\\Users\\NEW USER\\Desktop\\download (2)\\dataconnect: The system cannot find the file specified.\n"}}
[debug] [2026-06-08T13:20:04.132Z] E0608 14:20:04.129171   20612 watch.go:40] Failed to load config from "c:\\Users\\NEW USER\\Desktop\\download (2)\\dataconnect": could not find dataconnect.yaml in `c:\Users\NEW USER\Desktop\download (2)\dataconnect`
 {"metadata":{"emulator":{"name":"dataconnect"},"message":"E0608 14:20:04.129171   20612 watch.go:40] Failed to load config from \"c:\\\\Users\\\\NEW USER\\\\Desktop\\\\download (2)\\\\dataconnect\": could not find dataconnect.yaml in `c:\\Users\\NEW USER\\Desktop\\download (2)\\dataconnect`\n"}}
[debug] [2026-06-08T13:20:14.129Z] E0608 14:20:14.129112   20612 watch.go:40] Failed to load config from "c:\\Users\\NEW USER\\Desktop\\download (2)\\dataconnect": could not find dataconnect.yaml in `c:\Users\NEW USER\Desktop\download (2)\dataconnect`
 {"metadata":{"emulator":{"name":"dataconnect"},"message":"E0608 14:20:14.129112   20612 watch.go:40] Failed to load config from \"c:\\\\Users\\\\NEW USER\\\\Desktop\\\\download (2)\\\\dataconnect\": could not find dataconnect.yaml in `c:\\Users\\NEW USER\\Desktop\\download (2)\\dataconnect`\n"}}
[debug] [2026-06-08T13:20:24.128Z] E0608 14:20:24.128056   20612 watch.go:40] Failed to load config from "c:\\Users\\NEW USER\\Desktop\\download (2)\\dataconnect": could not find dataconnect.yaml in `c:\Users\NEW USER\Desktop\download (2)\dataconnect`
 {"metadata":{"emulator":{"name":"dataconnect"},"message":"E0608 14:20:24.128056   20612 watch.go:40] Failed to load config from \"c:\\\\Users\\\\NEW USER\\\\Desktop\\\\download (2)\\\\dataconnect\": could not find dataconnect.yaml in `c:\\Users\\NEW USER\\Desktop\\download (2)\\dataconnect`\n"}}
[debug] [2026-06-08T13:20:34.130Z] E0608 14:20:34.129177   20612 watch.go:40] Failed to load config from "c:\\Users\\NEW USER\\Desktop\\download (2)\\dataconnect": could not find dataconnect.yaml in `c:\Users\NEW USER\Desktop\download (2)\dataconnect`
 {"metadata":{"emulator":{"name":"dataconnect"},"message":"E0608 14:20:34.129177   20612 watch.go:40] Failed to load config from \"c:\\\\Users\\\\NEW USER\\\\Desktop\\\\download (2)\\\\dataconnect\": could not find dataconnect.yaml in `c:\\Users\\NEW USER\\Desktop\\download (2)\\dataconnect`\n"}}
[debug] [2026-06-08T13:20:44.129Z] E0608 14:20:44.128597   20612 watch.go:40] Failed to load config from "c:\\Users\\NEW USER\\Desktop\\download (2)\\dataconnect": could not find dataconnect.yaml in `c:\Users\NEW USER\Desktop\download (2)\dataconnect`
 {"metadata":{"emulator":{"name":"dataconnect"},"message":"E0608 14:20:44.128597   20612 watch.go:40] Failed to load config from \"c:\\\\Users\\\\NEW USER\\\\Desktop\\\\download (2)\\\\dataconnect\": could not find dataconnect.yaml in `c:\\Users\\NEW USER\\Desktop\\download (2)\\dataconnect`\n"}}
[debug] [2026-06-08T13:20:54.129Z] E0608 14:20:54.128675   20612 watch.go:40] Failed to load config from "c:\\Users\\NEW USER\\Desktop\\download (2)\\dataconnect": could not find dataconnect.yaml in `c:\Users\NEW USER\Desktop\download (2)\dataconnect`
 {"metadata":{"emulator":{"name":"dataconnect"},"message":"E0608 14:20:54.128675   20612 watch.go:40] Failed to load config from \"c:\\\\Users\\\\NEW USER\\\\Desktop\\\\download (2)\\\\dataconnect\": could not find dataconnect.yaml in `c:\\Users\\NEW USER\\Desktop\\download (2)\\dataconnect`\n"}}
[debug] [2026-06-08T13:21:04.128Z] E0608 14:21:04.128138   20612 watch.go:116] watchAllDir unable to walk dir `c:\Users\NEW USER\Desktop\download (2)\dataconnect`: GetFileAttributesEx c:\Users\NEW USER\Desktop\download (2)\dataconnect: The system cannot find the file specified.
 {"metadata":{"emulator":{"name":"dataconnect"},"message":"E0608 14:21:04.128138   20612 watch.go:116] watchAllDir unable to walk dir `c:\\Users\\NEW USER\\Desktop\\download (2)\\dataconnect`: GetFileAttributesEx c:\\Users\\NEW USER\\Desktop\\download (2)\\dataconnect: The system cannot find the file specified.\n"}}
[debug] [2026-06-08T13:21:04.129Z] E0608 14:21:04.128138   20612 watch.go:40] Failed to load config from "c:\\Users\\NEW USER\\Desktop\\download (2)\\dataconnect": could not find dataconnect.yaml in `c:\Users\NEW USER\Desktop\download (2)\dataconnect`
 {"metadata":{"emulator":{"name":"dataconnect"},"message":"E0608 14:21:04.128138   20612 watch.go:40] Failed to load config from \"c:\\\\Users\\\\NEW USER\\\\Desktop\\\\download (2)\\\\dataconnect\": could not find dataconnect.yaml in `c:\\Users\\NEW USER\\Desktop\\download (2)\\dataconnect`\n"}}
[debug] [2026-06-08T13:21:14.131Z] E0608 14:21:14.130030   20612 watch.go:40] Failed to load config from "c:\\Users\\NEW USER\\Desktop\\download (2)\\dataconnect": could not find dataconnect.yaml in `c:\Users\NEW USER\Desktop\download (2)\dataconnect`
 {"metadata":{"emulator":{"name":"dataconnect"},"message":"E0608 14:21:14.130030   20612 watch.go:40] Failed to load config from \"c:\\\\Users\\\\NEW USER\\\\Desktop\\\\download (2)\\\\dataconnect\": could not find dataconnect.yaml in `c:\\Users\\NEW USER\\Desktop\\download (2)\\dataconnect`\n"}}
[debug] [2026-06-08T13:21:24.130Z] E0608 14:21:24.129517   20612 watch.go:40] Failed to load config from "c:\\Users\\NEW USER\\Desktop\\download (2)\\dataconnect": could not find dataconnect.yaml in `c:\Users\NEW USER\Desktop\download (2)\dataconnect`
 {"metadata":{"emulator":{"name":"dataconnect"},"message":"E0608 14:21:24.129517   20612 watch.go:40] Failed to load config from \"c:\\\\Users\\\\NEW USER\\\\Desktop\\\\download (2)\\\\dataconnect\": could not find dataconnect.yaml in `c:\\Users\\NEW USER\\Desktop\\download (2)\\dataconnect`\n"}}
[debug] [2026-06-08T13:21:34.130Z] E0608 14:21:34.129962   20612 watch.go:40] Failed to load config from "c:\\Users\\NEW USER\\Desktop\\download (2)\\dataconnect": could not find dataconnect.yaml in `c:\Users\NEW USER\Desktop\download (2)\dataconnect`
 {"metadata":{"emulator":{"name":"dataconnect"},"message":"E0608 14:21:34.129962   20612 watch.go:40] Failed to load config from \"c:\\\\Users\\\\NEW USER\\\\Desktop\\\\download (2)\\\\dataconnect\": could not find dataconnect.yaml in `c:\\Users\\NEW USER\\Desktop\\download (2)\\dataconnect`\n"}}
[debug] [2026-06-08T13:21:44.129Z] E0608 14:21:44.129139   20612 watch.go:40] Failed to load config from "c:\\Users\\NEW USER\\Desktop\\download (2)\\dataconnect": could not find dataconnect.yaml in `c:\Users\NEW USER\Desktop\download (2)\dataconnect`
 {"metadata":{"emulator":{"name":"dataconnect"},"message":"E0608 14:21:44.129139   20612 watch.go:40] Failed to load config from \"c:\\\\Users\\\\NEW USER\\\\Desktop\\\\download (2)\\\\dataconnect\": could not find dataconnect.yaml in `c:\\Users\\NEW USER\\Desktop\\download (2)\\dataconnect`\n"}}
[debug] [2026-06-08T13:21:54.130Z] E0608 14:21:54.130039   20612 watch.go:40] Failed to load config from "c:\\Users\\NEW USER\\Desktop\\download (2)\\dataconnect": could not find dataconnect.yaml in `c:\Users\NEW USER\Desktop\download (2)\dataconnect`
 {"metadata":{"emulator":{"name":"dataconnect"},"message":"E0608 14:21:54.130039   20612 watch.go:40] Failed to load config from \"c:\\\\Users\\\\NEW USER\\\\Desktop\\\\download (2)\\\\dataconnect\": could not find dataconnect.yaml in `c:\\Users\\NEW USER\\Desktop\\download (2)\\dataconnect`\n"}}
[debug] [2026-06-08T13:22:04.129Z] E0608 14:22:04.129227   20612 watch.go:116] watchAllDir unable to walk dir `c:\Users\NEW USER\Desktop\download (2)\dataconnect`: GetFileAttributesEx c:\Users\NEW USER\Desktop\download (2)\dataconnect: The system cannot find the file specified.
E0608 14:22:04.130064   20612 watch.go:40] Failed to load config from "c:\\Users\\NEW USER\\Desktop\\download (2)\\dataconnect": could not find dataconnect.yaml in `c:\Users\NEW USER\Desktop\download (2)\dataconnect`
 {"metadata":{"emulator":{"name":"dataconnect"},"message":"E0608 14:22:04.129227   20612 watch.go:116] watchAllDir unable to walk dir `c:\\Users\\NEW USER\\Desktop\\download (2)\\dataconnect`: GetFileAttributesEx c:\\Users\\NEW USER\\Desktop\\download (2)\\dataconnect: The system cannot find the file specified.\nE0608 14:22:04.130064   20612 watch.go:40] Failed to load config from \"c:\\\\Users\\\\NEW USER\\\\Desktop\\\\download (2)\\\\dataconnect\": could not find dataconnect.yaml in `c:\\Users\\NEW USER\\Desktop\\download (2)\\dataconnect`\n"}}
[debug] [2026-06-08T13:22:14.130Z] E0608 14:22:14.129835   20612 watch.go:40] Failed to load config from "c:\\Users\\NEW USER\\Desktop\\download (2)\\dataconnect": could not find dataconnect.yaml in `c:\Users\NEW USER\Desktop\download (2)\dataconnect`
 {"metadata":{"emulator":{"name":"dataconnect"},"message":"E0608 14:22:14.129835   20612 watch.go:40] Failed to load config from \"c:\\\\Users\\\\NEW USER\\\\Desktop\\\\download (2)\\\\dataconnect\": could not find dataconnect.yaml in `c:\\Users\\NEW USER\\Desktop\\download (2)\\dataconnect`\n"}}
[debug] [2026-06-08T13:22:24.129Z] E0608 14:22:24.129773   20612 watch.go:40] Failed to load config from "c:\\Users\\NEW USER\\Desktop\\download (2)\\dataconnect": could not find dataconnect.yaml in `c:\Users\NEW USER\Desktop\download (2)\dataconnect`
 {"metadata":{"emulator":{"name":"dataconnect"},"message":"E0608 14:22:24.129773   20612 watch.go:40] Failed to load config from \"c:\\\\Users\\\\NEW USER\\\\Desktop\\\\download (2)\\\\dataconnect\": could not find dataconnect.yaml in `c:\\Users\\NEW USER\\Desktop\\download (2)\\dataconnect`\n"}}
[debug] [2026-06-08T13:22:34.130Z] E0608 14:22:34.129460   20612 watch.go:40] Failed to load config from "c:\\Users\\NEW USER\\Desktop\\download (2)\\dataconnect": could not find dataconnect.yaml in `c:\Users\NEW USER\Desktop\download (2)\dataconnect`
 {"metadata":{"emulator":{"name":"dataconnect"},"message":"E0608 14:22:34.129460   20612 watch.go:40] Failed to load config from \"c:\\\\Users\\\\NEW USER\\\\Desktop\\\\download (2)\\\\dataconnect\": could not find dataconnect.yaml in `c:\\Users\\NEW USER\\Desktop\\download (2)\\dataconnect`\n"}}
[debug] [2026-06-08T13:22:44.129Z] E0608 14:22:44.128758   20612 watch.go:40] Failed to load config from "c:\\Users\\NEW USER\\Desktop\\download (2)\\dataconnect": could not find dataconnect.yaml in `c:\Users\NEW USER\Desktop\download (2)\dataconnect`
 {"metadata":{"emulator":{"name":"dataconnect"},"message":"E0608 14:22:44.128758   20612 watch.go:40] Failed to load config from \"c:\\\\Users\\\\NEW USER\\\\Desktop\\\\download (2)\\\\dataconnect\": could not find dataconnect.yaml in `c:\\Users\\NEW USER\\Desktop\\download (2)\\dataconnect`\n"}}
[debug] [2026-06-08T13:22:54.130Z] E0608 14:22:54.128892   20612 watch.go:40] Failed to load config from "c:\\Users\\NEW USER\\Desktop\\download (2)\\dataconnect": could not find dataconnect.yaml in `c:\Users\NEW USER\Desktop\download (2)\dataconnect`
 {"metadata":{"emulator":{"name":"dataconnect"},"message":"E0608 14:22:54.128892   20612 watch.go:40] Failed to load config from \"c:\\\\Users\\\\NEW USER\\\\Desktop\\\\download (2)\\\\dataconnect\": could not find dataconnect.yaml in `c:\\Users\\NEW USER\\Desktop\\download (2)\\dataconnect`\n"}}
[debug] [2026-06-08T13:23:04.130Z] E0608 14:23:04.129105   20612 watch.go:116] watchAllDir unable to walk dir `c:\Users\NEW USER\Desktop\download (2)\dataconnect`: GetFileAttributesEx c:\Users\NEW USER\Desktop\download (2)\dataconnect: The system cannot find the file specified.
 {"metadata":{"emulator":{"name":"dataconnect"},"message":"E0608 14:23:04.129105   20612 watch.go:116] watchAllDir unable to walk dir `c:\\Users\\NEW USER\\Desktop\\download (2)\\dataconnect`: GetFileAttributesEx c:\\Users\\NEW USER\\Desktop\\download (2)\\dataconnect: The system cannot find the file specified.\n"}}
[debug] [2026-06-08T13:23:04.132Z] E0608 14:23:04.129737   20612 watch.go:40] Failed to load config from "c:\\Users\\NEW USER\\Desktop\\download (2)\\dataconnect": could not find dataconnect.yaml in `c:\Users\NEW USER\Desktop\download (2)\dataconnect`
 {"metadata":{"emulator":{"name":"dataconnect"},"message":"E0608 14:23:04.129737   20612 watch.go:40] Failed to load config from \"c:\\\\Users\\\\NEW USER\\\\Desktop\\\\download (2)\\\\dataconnect\": could not find dataconnect.yaml in `c:\\Users\\NEW USER\\Desktop\\download (2)\\dataconnect`\n"}}
[debug] [2026-06-08T13:23:14.129Z] E0608 14:23:14.128608   20612 watch.go:40] Failed to load config from "c:\\Users\\NEW USER\\Desktop\\download (2)\\dataconnect": could not find dataconnect.yaml in `c:\Users\NEW USER\Desktop\download (2)\dataconnect`
 {"metadata":{"emulator":{"name":"dataconnect"},"message":"E0608 14:23:14.128608   20612 watch.go:40] Failed to load config from \"c:\\\\Users\\\\NEW USER\\\\Desktop\\\\download (2)\\\\dataconnect\": could not find dataconnect.yaml in `c:\\Users\\NEW USER\\Desktop\\download (2)\\dataconnect`\n"}}
[debug] [2026-06-08T13:23:24.128Z] E0608 14:23:24.127982   20612 watch.go:40] Failed to load config from "c:\\Users\\NEW USER\\Desktop\\download (2)\\dataconnect": could not find dataconnect.yaml in `c:\Users\NEW USER\Desktop\download (2)\dataconnect`
 {"metadata":{"emulator":{"name":"dataconnect"},"message":"E0608 14:23:24.127982   20612 watch.go:40] Failed to load config from \"c:\\\\Users\\\\NEW USER\\\\Desktop\\\\download (2)\\\\dataconnect\": could not find dataconnect.yaml in `c:\\Users\\NEW USER\\Desktop\\download (2)\\dataconnect`\n"}}
[debug] [2026-06-08T13:23:34.130Z] E0608 14:23:34.129140   20612 watch.go:40] Failed to load config from "c:\\Users\\NEW USER\\Desktop\\download (2)\\dataconnect": could not find dataconnect.yaml in `c:\Users\NEW USER\Desktop\download (2)\dataconnect`
 {"metadata":{"emulator":{"name":"dataconnect"},"message":"E0608 14:23:34.129140   20612 watch.go:40] Failed to load config from \"c:\\\\Users\\\\NEW USER\\\\Desktop\\\\download (2)\\\\dataconnect\": could not find dataconnect.yaml in `c:\\Users\\NEW USER\\Desktop\\download (2)\\dataconnect`\n"}}
[debug] [2026-06-08T13:23:44.128Z] E0608 14:23:44.128481   20612 watch.go:40] Failed to load config from "c:\\Users\\NEW USER\\Desktop\\download (2)\\dataconnect": could not find dataconnect.yaml in `c:\Users\NEW USER\Desktop\download (2)\dataconnect`
 {"metadata":{"emulator":{"name":"dataconnect"},"message":"E0608 14:23:44.128481   20612 watch.go:40] Failed to load config from \"c:\\\\Users\\\\NEW USER\\\\Desktop\\\\download (2)\\\\dataconnect\": could not find dataconnect.yaml in `c:\\Users\\NEW USER\\Desktop\\download (2)\\dataconnect`\n"}}
[debug] [2026-06-08T13:23:54.129Z] E0608 14:23:54.129035   20612 watch.go:40] Failed to load config from "c:\\Users\\NEW USER\\Desktop\\download (2)\\dataconnect": could not find dataconnect.yaml in `c:\Users\NEW USER\Desktop\download (2)\dataconnect`
 {"metadata":{"emulator":{"name":"dataconnect"},"message":"E0608 14:23:54.129035   20612 watch.go:40] Failed to load config from \"c:\\\\Users\\\\NEW USER\\\\Desktop\\\\download (2)\\\\dataconnect\": could not find dataconnect.yaml in `c:\\Users\\NEW USER\\Desktop\\download (2)\\dataconnect`\n"}}
[debug] [2026-06-08T13:24:04.129Z] E0608 14:24:04.129326   20612 watch.go:116] watchAllDir unable to walk dir `c:\Users\NEW USER\Desktop\download (2)\dataconnect`: GetFileAttributesEx c:\Users\NEW USER\Desktop\download (2)\dataconnect: The system cannot find the file specified.
E0608 14:24:04.129949   20612 watch.go:40] Failed to load config from "c:\\Users\\NEW USER\\Desktop\\download (2)\\dataconnect": could not find dataconnect.yaml in `c:\Users\NEW USER\Desktop\download (2)\dataconnect`
 {"metadata":{"emulator":{"name":"dataconnect"},"message":"E0608 14:24:04.129326   20612 watch.go:116] watchAllDir unable to walk dir `c:\\Users\\NEW USER\\Desktop\\download (2)\\dataconnect`: GetFileAttributesEx c:\\Users\\NEW USER\\Desktop\\download (2)\\dataconnect: The system cannot find the file specified.\nE0608 14:24:04.129949   20612 watch.go:40] Failed to load config from \"c:\\\\Users\\\\NEW USER\\\\Desktop\\\\download (2)\\\\dataconnect\": could not find dataconnect.yaml in `c:\\Users\\NEW USER\\Desktop\\download (2)\\dataconnect`\n"}}
[debug] [2026-06-08T13:24:14.127Z] E0608 14:24:14.128481   20612 watch.go:40] Failed to load config from "c:\\Users\\NEW USER\\Desktop\\download (2)\\dataconnect": could not find dataconnect.yaml in `c:\Users\NEW USER\Desktop\download (2)\dataconnect`
 {"metadata":{"emulator":{"name":"dataconnect"},"message":"E0608 14:24:14.128481   20612 watch.go:40] Failed to load config from \"c:\\\\Users\\\\NEW USER\\\\Desktop\\\\download (2)\\\\dataconnect\": could not find dataconnect.yaml in `c:\\Users\\NEW USER\\Desktop\\download (2)\\dataconnect`\n"}}
[debug] [2026-06-08T13:24:24.128Z] E0608 14:24:24.128262   20612 watch.go:40] Failed to load config from "c:\\Users\\NEW USER\\Desktop\\download (2)\\dataconnect": could not find dataconnect.yaml in `c:\Users\NEW USER\Desktop\download (2)\dataconnect`
 {"metadata":{"emulator":{"name":"dataconnect"},"message":"E0608 14:24:24.128262   20612 watch.go:40] Failed to load config from \"c:\\\\Users\\\\NEW USER\\\\Desktop\\\\download (2)\\\\dataconnect\": could not find dataconnect.yaml in `c:\\Users\\NEW USER\\Desktop\\download (2)\\dataconnect`\n"}}
[debug] [2026-06-08T13:24:34.129Z] E0608 14:24:34.129784   20612 watch.go:40] Failed to load config from "c:\\Users\\NEW USER\\Desktop\\download (2)\\dataconnect": could not find dataconnect.yaml in `c:\Users\NEW USER\Desktop\download (2)\dataconnect`
 {"metadata":{"emulator":{"name":"dataconnect"},"message":"E0608 14:24:34.129784   20612 watch.go:40] Failed to load config from \"c:\\\\Users\\\\NEW USER\\\\Desktop\\\\download (2)\\\\dataconnect\": could not find dataconnect.yaml in `c:\\Users\\NEW USER\\Desktop\\download (2)\\dataconnect`\n"}}
[debug] [2026-06-08T13:24:44.129Z] E0608 14:24:44.129050   20612 watch.go:40] Failed to load config from "c:\\Users\\NEW USER\\Desktop\\download (2)\\dataconnect": could not find dataconnect.yaml in `c:\Users\NEW USER\Desktop\download (2)\dataconnect`
 {"metadata":{"emulator":{"name":"dataconnect"},"message":"E0608 14:24:44.129050   20612 watch.go:40] Failed to load config from \"c:\\\\Users\\\\NEW USER\\\\Desktop\\\\download (2)\\\\dataconnect\": could not find dataconnect.yaml in `c:\\Users\\NEW USER\\Desktop\\download (2)\\dataconnect`\n"}}
[debug] [2026-06-08T13:24:54.129Z] E0608 14:24:54.129400   20612 watch.go:40] Failed to load config from "c:\\Users\\NEW USER\\Desktop\\download (2)\\dataconnect": could not find dataconnect.yaml in `c:\Users\NEW USER\Desktop\download (2)\dataconnect`
 {"metadata":{"emulator":{"name":"dataconnect"},"message":"E0608 14:24:54.129400   20612 watch.go:40] Failed to load config from \"c:\\\\Users\\\\NEW USER\\\\Desktop\\\\download (2)\\\\dataconnect\": could not find dataconnect.yaml in `c:\\Users\\NEW USER\\Desktop\\download (2)\\dataconnect`\n"}}
[debug] [2026-06-08T13:25:04.129Z] E0608 14:25:04.129346   20612 watch.go:116] watchAllDir unable to walk dir `c:\Users\NEW USER\Desktop\download (2)\dataconnect`: GetFileAttributesEx c:\Users\NEW USER\Desktop\download (2)\dataconnect: The system cannot find the file specified.
 {"metadata":{"emulator":{"name":"dataconnect"},"message":"E0608 14:25:04.129346   20612 watch.go:116] watchAllDir unable to walk dir `c:\\Users\\NEW USER\\Desktop\\download (2)\\dataconnect`: GetFileAttributesEx c:\\Users\\NEW USER\\Desktop\\download (2)\\dataconnect: The system cannot find the file specified.\n"}}
[debug] [2026-06-08T13:25:04.130Z] E0608 14:25:04.129346   20612 watch.go:40] Failed to load config from "c:\\Users\\NEW USER\\Desktop\\download (2)\\dataconnect": could not find dataconnect.yaml in `c:\Users\NEW USER\Desktop\download (2)\dataconnect`
 {"metadata":{"emulator":{"name":"dataconnect"},"message":"E0608 14:25:04.129346   20612 watch.go:40] Failed to load config from \"c:\\\\Users\\\\NEW USER\\\\Desktop\\\\download (2)\\\\dataconnect\": could not find dataconnect.yaml in `c:\\Users\\NEW USER\\Desktop\\download (2)\\dataconnect`\n"}}
[debug] [2026-06-08T13:25:14.129Z] E0608 14:25:14.129048   20612 watch.go:40] Failed to load config from "c:\\Users\\NEW USER\\Desktop\\download (2)\\dataconnect": could not find dataconnect.yaml in `c:\Users\NEW USER\Desktop\download (2)\dataconnect`
 {"metadata":{"emulator":{"name":"dataconnect"},"message":"E0608 14:25:14.129048   20612 watch.go:40] Failed to load config from \"c:\\\\Users\\\\NEW USER\\\\Desktop\\\\download (2)\\\\dataconnect\": could not find dataconnect.yaml in `c:\\Users\\NEW USER\\Desktop\\download (2)\\dataconnect`\n"}}
[debug] [2026-06-08T13:25:24.128Z] E0608 14:25:24.128117   20612 watch.go:40] Failed to load config from "c:\\Users\\NEW USER\\Desktop\\download (2)\\dataconnect": could not find dataconnect.yaml in `c:\Users\NEW USER\Desktop\download (2)\dataconnect`
 {"metadata":{"emulator":{"name":"dataconnect"},"message":"E0608 14:25:24.128117   20612 watch.go:40] Failed to load config from \"c:\\\\Users\\\\NEW USER\\\\Desktop\\\\download (2)\\\\dataconnect\": could not find dataconnect.yaml in `c:\\Users\\NEW USER\\Desktop\\download (2)\\dataconnect`\n"}}
[debug] [2026-06-08T13:25:34.128Z] E0608 14:25:34.128301   20612 watch.go:40] Failed to load config from "c:\\Users\\NEW USER\\Desktop\\download (2)\\dataconnect": could not find dataconnect.yaml in `c:\Users\NEW USER\Desktop\download (2)\dataconnect`
 {"metadata":{"emulator":{"name":"dataconnect"},"message":"E0608 14:25:34.128301   20612 watch.go:40] Failed to load config from \"c:\\\\Users\\\\NEW USER\\\\Desktop\\\\download (2)\\\\dataconnect\": could not find dataconnect.yaml in `c:\\Users\\NEW USER\\Desktop\\download (2)\\dataconnect`\n"}}
[debug] [2026-06-08T13:25:44.128Z] E0608 14:25:44.128278   20612 watch.go:40] Failed to load config from "c:\\Users\\NEW USER\\Desktop\\download (2)\\dataconnect": could not find dataconnect.yaml in `c:\Users\NEW USER\Desktop\download (2)\dataconnect`
 {"metadata":{"emulator":{"name":"dataconnect"},"message":"E0608 14:25:44.128278   20612 watch.go:40] Failed to load config from \"c:\\\\Users\\\\NEW USER\\\\Desktop\\\\download (2)\\\\dataconnect\": could not find dataconnect.yaml in `c:\\Users\\NEW USER\\Desktop\\download (2)\\dataconnect`\n"}}
[debug] [2026-06-08T13:25:54.129Z] E0608 14:25:54.129048   20612 watch.go:40] Failed to load config from "c:\\Users\\NEW USER\\Desktop\\download (2)\\dataconnect": could not find dataconnect.yaml in `c:\Users\NEW USER\Desktop\download (2)\dataconnect`
 {"metadata":{"emulator":{"name":"dataconnect"},"message":"E0608 14:25:54.129048   20612 watch.go:40] Failed to load config from \"c:\\\\Users\\\\NEW USER\\\\Desktop\\\\download (2)\\\\dataconnect\": could not find dataconnect.yaml in `c:\\Users\\NEW USER\\Desktop\\download (2)\\dataconnect`\n"}}
[debug] [2026-06-08T13:26:04.128Z] E0608 14:26:04.128142   20612 watch.go:116] watchAllDir unable to walk dir `c:\Users\NEW USER\Desktop\download (2)\dataconnect`: GetFileAttributesEx c:\Users\NEW USER\Desktop\download (2)\dataconnect: The system cannot find the file specified.
 {"metadata":{"emulator":{"name":"dataconnect"},"message":"E0608 14:26:04.128142   20612 watch.go:116] watchAllDir unable to walk dir `c:\\Users\\NEW USER\\Desktop\\download (2)\\dataconnect`: GetFileAttributesEx c:\\Users\\NEW USER\\Desktop\\download (2)\\dataconnect: The system cannot find the file specified.\n"}}
[debug] [2026-06-08T13:26:04.129Z] E0608 14:26:04.128653   20612 watch.go:40] Failed to load config from "c:\\Users\\NEW USER\\Desktop\\download (2)\\dataconnect": could not find dataconnect.yaml in `c:\Users\NEW USER\Desktop\download (2)\dataconnect`
 {"metadata":{"emulator":{"name":"dataconnect"},"message":"E0608 14:26:04.128653   20612 watch.go:40] Failed to load config from \"c:\\\\Users\\\\NEW USER\\\\Desktop\\\\download (2)\\\\dataconnect\": could not find dataconnect.yaml in `c:\\Users\\NEW USER\\Desktop\\download (2)\\dataconnect`\n"}}
[debug] [2026-06-08T13:26:14.128Z] E0608 14:26:14.128651   20612 watch.go:40] Failed to load config from "c:\\Users\\NEW USER\\Desktop\\download (2)\\dataconnect": could not find dataconnect.yaml in `c:\Users\NEW USER\Desktop\download (2)\dataconnect`
 {"metadata":{"emulator":{"name":"dataconnect"},"message":"E0608 14:26:14.128651   20612 watch.go:40] Failed to load config from \"c:\\\\Users\\\\NEW USER\\\\Desktop\\\\download (2)\\\\dataconnect\": could not find dataconnect.yaml in `c:\\Users\\NEW USER\\Desktop\\download (2)\\dataconnect`\n"}}
[debug] [2026-06-08T13:26:24.129Z] E0608 14:26:24.128547   20612 watch.go:40] Failed to load config from "c:\\Users\\NEW USER\\Desktop\\download (2)\\dataconnect": could not find dataconnect.yaml in `c:\Users\NEW USER\Desktop\download (2)\dataconnect`
 {"metadata":{"emulator":{"name":"dataconnect"},"message":"E0608 14:26:24.128547   20612 watch.go:40] Failed to load config from \"c:\\\\Users\\\\NEW USER\\\\Desktop\\\\download (2)\\\\dataconnect\": could not find dataconnect.yaml in `c:\\Users\\NEW USER\\Desktop\\download (2)\\dataconnect`\n"}}
[debug] [2026-06-08T13:26:34.128Z] E0608 14:26:34.128246   20612 watch.go:40] Failed to load config from "c:\\Users\\NEW USER\\Desktop\\download (2)\\dataconnect": could not find dataconnect.yaml in `c:\Users\NEW USER\Desktop\download (2)\dataconnect`
 {"metadata":{"emulator":{"name":"dataconnect"},"message":"E0608 14:26:34.128246   20612 watch.go:40] Failed to load config from \"c:\\\\Users\\\\NEW USER\\\\Desktop\\\\download (2)\\\\dataconnect\": could not find dataconnect.yaml in `c:\\Users\\NEW USER\\Desktop\\download (2)\\dataconnect`\n"}}
[debug] [2026-06-08T13:26:44.128Z] E0608 14:26:44.128460   20612 watch.go:40] Failed to load config from "c:\\Users\\NEW USER\\Desktop\\download (2)\\dataconnect": could not find dataconnect.yaml in `c:\Users\NEW USER\Desktop\download (2)\dataconnect`
 {"metadata":{"emulator":{"name":"dataconnect"},"message":"E0608 14:26:44.128460   20612 watch.go:40] Failed to load config from \"c:\\\\Users\\\\NEW USER\\\\Desktop\\\\download (2)\\\\dataconnect\": could not find dataconnect.yaml in `c:\\Users\\NEW USER\\Desktop\\download (2)\\dataconnect`\n"}}
[debug] [2026-06-08T13:26:54.127Z] E0608 14:26:54.128230   20612 watch.go:40] Failed to load config from "c:\\Users\\NEW USER\\Desktop\\download (2)\\dataconnect": could not find dataconnect.yaml in `c:\Users\NEW USER\Desktop\download (2)\dataconnect`
 {"metadata":{"emulator":{"name":"dataconnect"},"message":"E0608 14:26:54.128230   20612 watch.go:40] Failed to load config from \"c:\\\\Users\\\\NEW USER\\\\Desktop\\\\download (2)\\\\dataconnect\": could not find dataconnect.yaml in `c:\\Users\\NEW USER\\Desktop\\download (2)\\dataconnect`\n"}}
[debug] [2026-06-08T13:27:04.128Z] E0608 14:27:04.128433   20612 watch.go:116] watchAllDir unable to walk dir `c:\Users\NEW USER\Desktop\download (2)\dataconnect`: GetFileAttributesEx c:\Users\NEW USER\Desktop\download (2)\dataconnect: The system cannot find the file specified.
 {"metadata":{"emulator":{"name":"dataconnect"},"message":"E0608 14:27:04.128433   20612 watch.go:116] watchAllDir unable to walk dir `c:\\Users\\NEW USER\\Desktop\\download (2)\\dataconnect`: GetFileAttributesEx c:\\Users\\NEW USER\\Desktop\\download (2)\\dataconnect: The system cannot find the file specified.\n"}}
[debug] [2026-06-08T13:27:04.129Z] E0608 14:27:04.129349   20612 watch.go:40] Failed to load config from "c:\\Users\\NEW USER\\Desktop\\download (2)\\dataconnect": could not find dataconnect.yaml in `c:\Users\NEW USER\Desktop\download (2)\dataconnect`
 {"metadata":{"emulator":{"name":"dataconnect"},"message":"E0608 14:27:04.129349   20612 watch.go:40] Failed to load config from \"c:\\\\Users\\\\NEW USER\\\\Desktop\\\\download (2)\\\\dataconnect\": could not find dataconnect.yaml in `c:\\Users\\NEW USER\\Desktop\\download (2)\\dataconnect`\n"}}
[debug] [2026-06-08T13:27:14.128Z] E0608 14:27:14.128905   20612 watch.go:40] Failed to load config from "c:\\Users\\NEW USER\\Desktop\\download (2)\\dataconnect": could not find dataconnect.yaml in `c:\Users\NEW USER\Desktop\download (2)\dataconnect`
 {"metadata":{"emulator":{"name":"dataconnect"},"message":"E0608 14:27:14.128905   20612 watch.go:40] Failed to load config from \"c:\\\\Users\\\\NEW USER\\\\Desktop\\\\download (2)\\\\dataconnect\": could not find dataconnect.yaml in `c:\\Users\\NEW USER\\Desktop\\download (2)\\dataconnect`\n"}}
[debug] [2026-06-08T13:27:24.127Z] E0608 14:27:24.128735   20612 watch.go:40] Failed to load config from "c:\\Users\\NEW USER\\Desktop\\download (2)\\dataconnect": could not find dataconnect.yaml in `c:\Users\NEW USER\Desktop\download (2)\dataconnect`
 {"metadata":{"emulator":{"name":"dataconnect"},"message":"E0608 14:27:24.128735   20612 watch.go:40] Failed to load config from \"c:\\\\Users\\\\NEW USER\\\\Desktop\\\\download (2)\\\\dataconnect\": could not find dataconnect.yaml in `c:\\Users\\NEW USER\\Desktop\\download (2)\\dataconnect`\n"}}
[debug] [2026-06-08T13:27:34.127Z] E0608 14:27:34.128357   20612 watch.go:40] Failed to load config from "c:\\Users\\NEW USER\\Desktop\\download (2)\\dataconnect": could not find dataconnect.yaml in `c:\Users\NEW USER\Desktop\download (2)\dataconnect`
 {"metadata":{"emulator":{"name":"dataconnect"},"message":"E0608 14:27:34.128357   20612 watch.go:40] Failed to load config from \"c:\\\\Users\\\\NEW USER\\\\Desktop\\\\download (2)\\\\dataconnect\": could not find dataconnect.yaml in `c:\\Users\\NEW USER\\Desktop\\download (2)\\dataconnect`\n"}}
[debug] [2026-06-08T13:27:44.128Z] E0608 14:27:44.129157   20612 watch.go:40] Failed to load config from "c:\\Users\\NEW USER\\Desktop\\download (2)\\dataconnect": could not find dataconnect.yaml in `c:\Users\NEW USER\Desktop\download (2)\dataconnect`
 {"metadata":{"emulator":{"name":"dataconnect"},"message":"E0608 14:27:44.129157   20612 watch.go:40] Failed to load config from \"c:\\\\Users\\\\NEW USER\\\\Desktop\\\\download (2)\\\\dataconnect\": could not find dataconnect.yaml in `c:\\Users\\NEW USER\\Desktop\\download (2)\\dataconnect`\n"}}
[debug] [2026-06-08T13:27:54.128Z] E0608 14:27:54.128479   20612 watch.go:40] Failed to load config from "c:\\Users\\NEW USER\\Desktop\\download (2)\\dataconnect": could not find dataconnect.yaml in `c:\Users\NEW USER\Desktop\download (2)\dataconnect`
 {"metadata":{"emulator":{"name":"dataconnect"},"message":"E0608 14:27:54.128479   20612 watch.go:40] Failed to load config from \"c:\\\\Users\\\\NEW USER\\\\Desktop\\\\download (2)\\\\dataconnect\": could not find dataconnect.yaml in `c:\\Users\\NEW USER\\Desktop\\download (2)\\dataconnect`\n"}}
[debug] [2026-06-08T13:28:04.128Z] E0608 14:28:04.128434   20612 watch.go:116] watchAllDir unable to walk dir `c:\Users\NEW USER\Desktop\download (2)\dataconnect`: GetFileAttributesEx c:\Users\NEW USER\Desktop\download (2)\dataconnect: The system cannot find the file specified.
E0608 14:28:04.128990   20612 watch.go:40] Failed to load config from "c:\\Users\\NEW USER\\Desktop\\download (2)\\dataconnect": could not find dataconnect.yaml in `c:\Users\NEW USER\Desktop\download (2)\dataconnect`
 {"metadata":{"emulator":{"name":"dataconnect"},"message":"E0608 14:28:04.128434   20612 watch.go:116] watchAllDir unable to walk dir `c:\\Users\\NEW USER\\Desktop\\download (2)\\dataconnect`: GetFileAttributesEx c:\\Users\\NEW USER\\Desktop\\download (2)\\dataconnect: The system cannot find the file specified.\nE0608 14:28:04.128990   20612 watch.go:40] Failed to load config from \"c:\\\\Users\\\\NEW USER\\\\Desktop\\\\download (2)\\\\dataconnect\": could not find dataconnect.yaml in `c:\\Users\\NEW USER\\Desktop\\download (2)\\dataconnect`\n"}}
[debug] [2026-06-08T13:28:14.129Z] E0608 14:28:14.129309   20612 watch.go:40] Failed to load config from "c:\\Users\\NEW USER\\Desktop\\download (2)\\dataconnect": could not find dataconnect.yaml in `c:\Users\NEW USER\Desktop\download (2)\dataconnect`
 {"metadata":{"emulator":{"name":"dataconnect"},"message":"E0608 14:28:14.129309   20612 watch.go:40] Failed to load config from \"c:\\\\Users\\\\NEW USER\\\\Desktop\\\\download (2)\\\\dataconnect\": could not find dataconnect.yaml in `c:\\Users\\NEW USER\\Desktop\\download (2)\\dataconnect`\n"}}
[debug] [2026-06-08T13:28:24.128Z] E0608 14:28:24.128740   20612 watch.go:40] Failed to load config from "c:\\Users\\NEW USER\\Desktop\\download (2)\\dataconnect": could not find dataconnect.yaml in `c:\Users\NEW USER\Desktop\download (2)\dataconnect`
 {"metadata":{"emulator":{"name":"dataconnect"},"message":"E0608 14:28:24.128740   20612 watch.go:40] Failed to load config from \"c:\\\\Users\\\\NEW USER\\\\Desktop\\\\download (2)\\\\dataconnect\": could not find dataconnect.yaml in `c:\\Users\\NEW USER\\Desktop\\download (2)\\dataconnect`\n"}}
[debug] [2026-06-08T13:28:34.129Z] E0608 14:28:34.129349   20612 watch.go:40] Failed to load config from "c:\\Users\\NEW USER\\Desktop\\download (2)\\dataconnect": could not find dataconnect.yaml in `c:\Users\NEW USER\Desktop\download (2)\dataconnect`
 {"metadata":{"emulator":{"name":"dataconnect"},"message":"E0608 14:28:34.129349   20612 watch.go:40] Failed to load config from \"c:\\\\Users\\\\NEW USER\\\\Desktop\\\\download (2)\\\\dataconnect\": could not find dataconnect.yaml in `c:\\Users\\NEW USER\\Desktop\\download (2)\\dataconnect`\n"}}
[debug] [2026-06-08T13:28:44.129Z] E0608 14:28:44.129135   20612 watch.go:40] Failed to load config from "c:\\Users\\NEW USER\\Desktop\\download (2)\\dataconnect": could not find dataconnect.yaml in `c:\Users\NEW USER\Desktop\download (2)\dataconnect`
 {"metadata":{"emulator":{"name":"dataconnect"},"message":"E0608 14:28:44.129135   20612 watch.go:40] Failed to load config from \"c:\\\\Users\\\\NEW USER\\\\Desktop\\\\download (2)\\\\dataconnect\": could not find dataconnect.yaml in `c:\\Users\\NEW USER\\Desktop\\download (2)\\dataconnect`\n"}}
[debug] [2026-06-08T13:28:54.128Z] E0608 14:28:54.128254   20612 watch.go:40] Failed to load config from "c:\\Users\\NEW USER\\Desktop\\download (2)\\dataconnect": could not find dataconnect.yaml in `c:\Users\NEW USER\Desktop\download (2)\dataconnect`
 {"metadata":{"emulator":{"name":"dataconnect"},"message":"E0608 14:28:54.128254   20612 watch.go:40] Failed to load config from \"c:\\\\Users\\\\NEW USER\\\\Desktop\\\\download (2)\\\\dataconnect\": could not find dataconnect.yaml in `c:\\Users\\NEW USER\\Desktop\\download (2)\\dataconnect`\n"}}
[debug] [2026-06-08T13:29:04.129Z] E0608 14:29:04.128732   20612 watch.go:116] watchAllDir unable to walk dir `c:\Users\NEW USER\Desktop\download (2)\dataconnect`: GetFileAttributesEx c:\Users\NEW USER\Desktop\download (2)\dataconnect: The system cannot find the file specified.
 {"metadata":{"emulator":{"name":"dataconnect"},"message":"E0608 14:29:04.128732   20612 watch.go:116] watchAllDir unable to walk dir `c:\\Users\\NEW USER\\Desktop\\download (2)\\dataconnect`: GetFileAttributesEx c:\\Users\\NEW USER\\Desktop\\download (2)\\dataconnect: The system cannot find the file specified.\n"}}
[debug] [2026-06-08T13:29:04.130Z] E0608 14:29:04.129931   20612 watch.go:40] Failed to load config from "c:\\Users\\NEW USER\\Desktop\\download (2)\\dataconnect": could not find dataconnect.yaml in `c:\Users\NEW USER\Desktop\download (2)\dataconnect`
 {"metadata":{"emulator":{"name":"dataconnect"},"message":"E0608 14:29:04.129931   20612 watch.go:40] Failed to load config from \"c:\\\\Users\\\\NEW USER\\\\Desktop\\\\download (2)\\\\dataconnect\": could not find dataconnect.yaml in `c:\\Users\\NEW USER\\Desktop\\download (2)\\dataconnect`\n"}}
[debug] [2026-06-08T13:29:14.129Z] E0608 14:29:14.128951   20612 watch.go:40] Failed to load config from "c:\\Users\\NEW USER\\Desktop\\download (2)\\dataconnect": could not find dataconnect.yaml in `c:\Users\NEW USER\Desktop\download (2)\dataconnect`
 {"metadata":{"emulator":{"name":"dataconnect"},"message":"E0608 14:29:14.128951   20612 watch.go:40] Failed to load config from \"c:\\\\Users\\\\NEW USER\\\\Desktop\\\\download (2)\\\\dataconnect\": could not find dataconnect.yaml in `c:\\Users\\NEW USER\\Desktop\\download (2)\\dataconnect`\n"}}
[debug] [2026-06-08T13:29:24.127Z] E0608 14:29:24.128251   20612 watch.go:40] Failed to load config from "c:\\Users\\NEW USER\\Desktop\\download (2)\\dataconnect": could not find dataconnect.yaml in `c:\Users\NEW USER\Desktop\download (2)\dataconnect`
 {"metadata":{"emulator":{"name":"dataconnect"},"message":"E0608 14:29:24.128251   20612 watch.go:40] Failed to load config from \"c:\\\\Users\\\\NEW USER\\\\Desktop\\\\download (2)\\\\dataconnect\": could not find dataconnect.yaml in `c:\\Users\\NEW USER\\Desktop\\download (2)\\dataconnect`\n"}}
[debug] [2026-06-08T13:29:34.129Z] E0608 14:29:34.129013   20612 watch.go:40] Failed to load config from "c:\\Users\\NEW USER\\Desktop\\download (2)\\dataconnect": could not find dataconnect.yaml in `c:\Users\NEW USER\Desktop\download (2)\dataconnect`
 {"metadata":{"emulator":{"name":"dataconnect"},"message":"E0608 14:29:34.129013   20612 watch.go:40] Failed to load config from \"c:\\\\Users\\\\NEW USER\\\\Desktop\\\\download (2)\\\\dataconnect\": could not find dataconnect.yaml in `c:\\Users\\NEW USER\\Desktop\\download (2)\\dataconnect`\n"}}
[debug] [2026-06-08T13:29:44.128Z] E0608 14:29:44.128277   20612 watch.go:40] Failed to load config from "c:\\Users\\NEW USER\\Desktop\\download (2)\\dataconnect": could not find dataconnect.yaml in `c:\Users\NEW USER\Desktop\download (2)\dataconnect`
 {"metadata":{"emulator":{"name":"dataconnect"},"message":"E0608 14:29:44.128277   20612 watch.go:40] Failed to load config from \"c:\\\\Users\\\\NEW USER\\\\Desktop\\\\download (2)\\\\dataconnect\": could not find dataconnect.yaml in `c:\\Users\\NEW USER\\Desktop\\download (2)\\dataconnect`\n"}}
[debug] [2026-06-08T13:29:54.129Z] E0608 14:29:54.128878   20612 watch.go:40] Failed to load config from "c:\\Users\\NEW USER\\Desktop\\download (2)\\dataconnect": could not find dataconnect.yaml in `c:\Users\NEW USER\Desktop\download (2)\dataconnect`
 {"metadata":{"emulator":{"name":"dataconnect"},"message":"E0608 14:29:54.128878   20612 watch.go:40] Failed to load config from \"c:\\\\Users\\\\NEW USER\\\\Desktop\\\\download (2)\\\\dataconnect\": could not find dataconnect.yaml in `c:\\Users\\NEW USER\\Desktop\\download (2)\\dataconnect`\n"}}
[debug] [2026-06-08T13:30:04.129Z] E0608 14:30:04.128462   20612 watch.go:116] watchAllDir unable to walk dir `c:\Users\NEW USER\Desktop\download (2)\dataconnect`: GetFileAttributesEx c:\Users\NEW USER\Desktop\download (2)\dataconnect: The system cannot find the file specified.
 {"metadata":{"emulator":{"name":"dataconnect"},"message":"E0608 14:30:04.128462   20612 watch.go:116] watchAllDir unable to walk dir `c:\\Users\\NEW USER\\Desktop\\download (2)\\dataconnect`: GetFileAttributesEx c:\\Users\\NEW USER\\Desktop\\download (2)\\dataconnect: The system cannot find the file specified.\n"}}
[debug] [2026-06-08T13:30:04.132Z] E0608 14:30:04.129581   20612 watch.go:40] Failed to load config from "c:\\Users\\NEW USER\\Desktop\\download (2)\\dataconnect": could not find dataconnect.yaml in `c:\Users\NEW USER\Desktop\download (2)\dataconnect`
 {"metadata":{"emulator":{"name":"dataconnect"},"message":"E0608 14:30:04.129581   20612 watch.go:40] Failed to load config from \"c:\\\\Users\\\\NEW USER\\\\Desktop\\\\download (2)\\\\dataconnect\": could not find dataconnect.yaml in `c:\\Users\\NEW USER\\Desktop\\download (2)\\dataconnect`\n"}}
[debug] [2026-06-08T13:30:14.129Z] E0608 14:30:14.128711   20612 watch.go:40] Failed to load config from "c:\\Users\\NEW USER\\Desktop\\download (2)\\dataconnect": could not find dataconnect.yaml in `c:\Users\NEW USER\Desktop\download (2)\dataconnect`
 {"metadata":{"emulator":{"name":"dataconnect"},"message":"E0608 14:30:14.128711   20612 watch.go:40] Failed to load config from \"c:\\\\Users\\\\NEW USER\\\\Desktop\\\\download (2)\\\\dataconnect\": could not find dataconnect.yaml in `c:\\Users\\NEW USER\\Desktop\\download (2)\\dataconnect`\n"}}
[debug] [2026-06-08T13:30:24.130Z] E0608 14:30:24.128868   20612 watch.go:40] Failed to load config from "c:\\Users\\NEW USER\\Desktop\\download (2)\\dataconnect": could not find dataconnect.yaml in `c:\Users\NEW USER\Desktop\download (2)\dataconnect`
 {"metadata":{"emulator":{"name":"dataconnect"},"message":"E0608 14:30:24.128868   20612 watch.go:40] Failed to load config from \"c:\\\\Users\\\\NEW USER\\\\Desktop\\\\download (2)\\\\dataconnect\": could not find dataconnect.yaml in `c:\\Users\\NEW USER\\Desktop\\download (2)\\dataconnect`\n"}}
[debug] [2026-06-08T13:30:34.129Z] E0608 14:30:34.128925   20612 watch.go:40] Failed to load config from "c:\\Users\\NEW USER\\Desktop\\download (2)\\dataconnect": could not find dataconnect.yaml in `c:\Users\NEW USER\Desktop\download (2)\dataconnect`
 {"metadata":{"emulator":{"name":"dataconnect"},"message":"E0608 14:30:34.128925   20612 watch.go:40] Failed to load config from \"c:\\\\Users\\\\NEW USER\\\\Desktop\\\\download (2)\\\\dataconnect\": could not find dataconnect.yaml in `c:\\Users\\NEW USER\\Desktop\\download (2)\\dataconnect`\n"}}
[debug] [2026-06-08T13:30:44.129Z] E0608 14:30:44.128433   20612 watch.go:40] Failed to load config from "c:\\Users\\NEW USER\\Desktop\\download (2)\\dataconnect": could not find dataconnect.yaml in `c:\Users\NEW USER\Desktop\download (2)\dataconnect`
 {"metadata":{"emulator":{"name":"dataconnect"},"message":"E0608 14:30:44.128433   20612 watch.go:40] Failed to load config from \"c:\\\\Users\\\\NEW USER\\\\Desktop\\\\download (2)\\\\dataconnect\": could not find dataconnect.yaml in `c:\\Users\\NEW USER\\Desktop\\download (2)\\dataconnect`\n"}}
[debug] [2026-06-08T13:30:54.128Z] E0608 14:30:54.128764   20612 watch.go:40] Failed to load config from "c:\\Users\\NEW USER\\Desktop\\download (2)\\dataconnect": could not find dataconnect.yaml in `c:\Users\NEW USER\Desktop\download (2)\dataconnect`
 {"metadata":{"emulator":{"name":"dataconnect"},"message":"E0608 14:30:54.128764   20612 watch.go:40] Failed to load config from \"c:\\\\Users\\\\NEW USER\\\\Desktop\\\\download (2)\\\\dataconnect\": could not find dataconnect.yaml in `c:\\Users\\NEW USER\\Desktop\\download (2)\\dataconnect`\n"}}
[debug] [2026-06-08T13:31:04.128Z] E0608 14:31:04.128509   20612 watch.go:116] watchAllDir unable to walk dir `c:\Users\NEW USER\Desktop\download (2)\dataconnect`: GetFileAttributesEx c:\Users\NEW USER\Desktop\download (2)\dataconnect: The system cannot find the file specified.
 {"metadata":{"emulator":{"name":"dataconnect"},"message":"E0608 14:31:04.128509   20612 watch.go:116] watchAllDir unable to walk dir `c:\\Users\\NEW USER\\Desktop\\download (2)\\dataconnect`: GetFileAttributesEx c:\\Users\\NEW USER\\Desktop\\download (2)\\dataconnect: The system cannot find the file specified.\n"}}
[debug] [2026-06-08T13:31:04.129Z] E0608 14:31:04.128509   20612 watch.go:40] Failed to load config from "c:\\Users\\NEW USER\\Desktop\\download (2)\\dataconnect": could not find dataconnect.yaml in `c:\Users\NEW USER\Desktop\download (2)\dataconnect`
 {"metadata":{"emulator":{"name":"dataconnect"},"message":"E0608 14:31:04.128509   20612 watch.go:40] Failed to load config from \"c:\\\\Users\\\\NEW USER\\\\Desktop\\\\download (2)\\\\dataconnect\": could not find dataconnect.yaml in `c:\\Users\\NEW USER\\Desktop\\download (2)\\dataconnect`\n"}}
[debug] [2026-06-08T13:31:14.128Z] E0608 14:31:14.128219   20612 watch.go:40] Failed to load config from "c:\\Users\\NEW USER\\Desktop\\download (2)\\dataconnect": could not find dataconnect.yaml in `c:\Users\NEW USER\Desktop\download (2)\dataconnect`
 {"metadata":{"emulator":{"name":"dataconnect"},"message":"E0608 14:31:14.128219   20612 watch.go:40] Failed to load config from \"c:\\\\Users\\\\NEW USER\\\\Desktop\\\\download (2)\\\\dataconnect\": could not find dataconnect.yaml in `c:\\Users\\NEW USER\\Desktop\\download (2)\\dataconnect`\n"}}
[debug] [2026-06-08T13:31:24.128Z] E0608 14:31:24.128171   20612 watch.go:40] Failed to load config from "c:\\Users\\NEW USER\\Desktop\\download (2)\\dataconnect": could not find dataconnect.yaml in `c:\Users\NEW USER\Desktop\download (2)\dataconnect`
 {"metadata":{"emulator":{"name":"dataconnect"},"message":"E0608 14:31:24.128171   20612 watch.go:40] Failed to load config from \"c:\\\\Users\\\\NEW USER\\\\Desktop\\\\download (2)\\\\dataconnect\": could not find dataconnect.yaml in `c:\\Users\\NEW USER\\Desktop\\download (2)\\dataconnect`\n"}}
[debug] [2026-06-08T13:31:34.130Z] E0608 14:31:34.129807   20612 watch.go:40] Failed to load config from "c:\\Users\\NEW USER\\Desktop\\download (2)\\dataconnect": could not find dataconnect.yaml in `c:\Users\NEW USER\Desktop\download (2)\dataconnect`
 {"metadata":{"emulator":{"name":"dataconnect"},"message":"E0608 14:31:34.129807   20612 watch.go:40] Failed to load config from \"c:\\\\Users\\\\NEW USER\\\\Desktop\\\\download (2)\\\\dataconnect\": could not find dataconnect.yaml in `c:\\Users\\NEW USER\\Desktop\\download (2)\\dataconnect`\n"}}
[debug] [2026-06-08T13:31:44.128Z] E0608 14:31:44.128311   20612 watch.go:40] Failed to load config from "c:\\Users\\NEW USER\\Desktop\\download (2)\\dataconnect": could not find dataconnect.yaml in `c:\Users\NEW USER\Desktop\download (2)\dataconnect`
 {"metadata":{"emulator":{"name":"dataconnect"},"message":"E0608 14:31:44.128311   20612 watch.go:40] Failed to load config from \"c:\\\\Users\\\\NEW USER\\\\Desktop\\\\download (2)\\\\dataconnect\": could not find dataconnect.yaml in `c:\\Users\\NEW USER\\Desktop\\download (2)\\dataconnect`\n"}}
[debug] [2026-06-08T13:31:54.130Z] E0608 14:31:54.129480   20612 watch.go:40] Failed to load config from "c:\\Users\\NEW USER\\Desktop\\download (2)\\dataconnect": could not find dataconnect.yaml in `c:\Users\NEW USER\Desktop\download (2)\dataconnect`
 {"metadata":{"emulator":{"name":"dataconnect"},"message":"E0608 14:31:54.129480   20612 watch.go:40] Failed to load config from \"c:\\\\Users\\\\NEW USER\\\\Desktop\\\\download (2)\\\\dataconnect\": could not find dataconnect.yaml in `c:\\Users\\NEW USER\\Desktop\\download (2)\\dataconnect`\n"}}
[debug] [2026-06-08T13:32:04.129Z] E0608 14:32:04.129197   20612 watch.go:116] watchAllDir unable to walk dir `c:\Users\NEW USER\Desktop\download (2)\dataconnect`: GetFileAttributesEx c:\Users\NEW USER\Desktop\download (2)\dataconnect: The system cannot find the file specified.
 {"metadata":{"emulator":{"name":"dataconnect"},"message":"E0608 14:32:04.129197   20612 watch.go:116] watchAllDir unable to walk dir `c:\\Users\\NEW USER\\Desktop\\download (2)\\dataconnect`: GetFileAttributesEx c:\\Users\\NEW USER\\Desktop\\download (2)\\dataconnect: The system cannot find the file specified.\n"}}
[debug] [2026-06-08T13:32:04.131Z] E0608 14:32:04.129851   20612 watch.go:40] Failed to load config from "c:\\Users\\NEW USER\\Desktop\\download (2)\\dataconnect": could not find dataconnect.yaml in `c:\Users\NEW USER\Desktop\download (2)\dataconnect`
 {"metadata":{"emulator":{"name":"dataconnect"},"message":"E0608 14:32:04.129851   20612 watch.go:40] Failed to load config from \"c:\\\\Users\\\\NEW USER\\\\Desktop\\\\download (2)\\\\dataconnect\": could not find dataconnect.yaml in `c:\\Users\\NEW USER\\Desktop\\download (2)\\dataconnect`\n"}}
[debug] [2026-06-08T13:32:14.128Z] E0608 14:32:14.128355   20612 watch.go:40] Failed to load config from "c:\\Users\\NEW USER\\Desktop\\download (2)\\dataconnect": could not find dataconnect.yaml in `c:\Users\NEW USER\Desktop\download (2)\dataconnect`
 {"metadata":{"emulator":{"name":"dataconnect"},"message":"E0608 14:32:14.128355   20612 watch.go:40] Failed to load config from \"c:\\\\Users\\\\NEW USER\\\\Desktop\\\\download (2)\\\\dataconnect\": could not find dataconnect.yaml in `c:\\Users\\NEW USER\\Desktop\\download (2)\\dataconnect`\n"}}
[debug] [2026-06-08T13:32:24.129Z] E0608 14:32:24.129310   20612 watch.go:40] Failed to load config from "c:\\Users\\NEW USER\\Desktop\\download (2)\\dataconnect": could not find dataconnect.yaml in `c:\Users\NEW USER\Desktop\download (2)\dataconnect`
 {"metadata":{"emulator":{"name":"dataconnect"},"message":"E0608 14:32:24.129310   20612 watch.go:40] Failed to load config from \"c:\\\\Users\\\\NEW USER\\\\Desktop\\\\download (2)\\\\dataconnect\": could not find dataconnect.yaml in `c:\\Users\\NEW USER\\Desktop\\download (2)\\dataconnect`\n"}}
[debug] [2026-06-08T13:32:34.128Z] E0608 14:32:34.128526   20612 watch.go:40] Failed to load config from "c:\\Users\\NEW USER\\Desktop\\download (2)\\dataconnect": could not find dataconnect.yaml in `c:\Users\NEW USER\Desktop\download (2)\dataconnect`
 {"metadata":{"emulator":{"name":"dataconnect"},"message":"E0608 14:32:34.128526   20612 watch.go:40] Failed to load config from \"c:\\\\Users\\\\NEW USER\\\\Desktop\\\\download (2)\\\\dataconnect\": could not find dataconnect.yaml in `c:\\Users\\NEW USER\\Desktop\\download (2)\\dataconnect`\n"}}
[debug] [2026-06-08T13:32:44.130Z] E0608 14:32:44.129480   20612 watch.go:40] Failed to load config from "c:\\Users\\NEW USER\\Desktop\\download (2)\\dataconnect": could not find dataconnect.yaml in `c:\Users\NEW USER\Desktop\download (2)\dataconnect`
 {"metadata":{"emulator":{"name":"dataconnect"},"message":"E0608 14:32:44.129480   20612 watch.go:40] Failed to load config from \"c:\\\\Users\\\\NEW USER\\\\Desktop\\\\download (2)\\\\dataconnect\": could not find dataconnect.yaml in `c:\\Users\\NEW USER\\Desktop\\download (2)\\dataconnect`\n"}}
[debug] [2026-06-08T13:32:54.130Z] E0608 14:32:54.129503   20612 watch.go:40] Failed to load config from "c:\\Users\\NEW USER\\Desktop\\download (2)\\dataconnect": could not find dataconnect.yaml in `c:\Users\NEW USER\Desktop\download (2)\dataconnect`
 {"metadata":{"emulator":{"name":"dataconnect"},"message":"E0608 14:32:54.129503   20612 watch.go:40] Failed to load config from \"c:\\\\Users\\\\NEW USER\\\\Desktop\\\\download (2)\\\\dataconnect\": could not find dataconnect.yaml in `c:\\Users\\NEW USER\\Desktop\\download (2)\\dataconnect`\n"}}
[debug] [2026-06-08T13:33:04.128Z] E0608 14:33:04.128387   20612 watch.go:116] watchAllDir unable to walk dir `c:\Users\NEW USER\Desktop\download (2)\dataconnect`: GetFileAttributesEx c:\Users\NEW USER\Desktop\download (2)\dataconnect: The system cannot find the file specified.
E0608 14:33:04.128387   20612 watch.go:40] Failed to load config from "c:\\Users\\NEW USER\\Desktop\\download (2)\\dataconnect": could not find dataconnect.yaml in `c:\Users\NEW USER\Desktop\download (2)\dataconnect`
 {"metadata":{"emulator":{"name":"dataconnect"},"message":"E0608 14:33:04.128387   20612 watch.go:116] watchAllDir unable to walk dir `c:\\Users\\NEW USER\\Desktop\\download (2)\\dataconnect`: GetFileAttributesEx c:\\Users\\NEW USER\\Desktop\\download (2)\\dataconnect: The system cannot find the file specified.\nE0608 14:33:04.128387   20612 watch.go:40] Failed to load config from \"c:\\\\Users\\\\NEW USER\\\\Desktop\\\\download (2)\\\\dataconnect\": could not find dataconnect.yaml in `c:\\Users\\NEW USER\\Desktop\\download (2)\\dataconnect`\n"}}
[debug] [2026-06-08T13:33:14.129Z] E0608 14:33:14.128545   20612 watch.go:40] Failed to load config from "c:\\Users\\NEW USER\\Desktop\\download (2)\\dataconnect": could not find dataconnect.yaml in `c:\Users\NEW USER\Desktop\download (2)\dataconnect`
 {"metadata":{"emulator":{"name":"dataconnect"},"message":"E0608 14:33:14.128545   20612 watch.go:40] Failed to load config from \"c:\\\\Users\\\\NEW USER\\\\Desktop\\\\download (2)\\\\dataconnect\": could not find dataconnect.yaml in `c:\\Users\\NEW USER\\Desktop\\download (2)\\dataconnect`\n"}}
[debug] [2026-06-08T13:33:24.129Z] E0608 14:33:24.128688   20612 watch.go:40] Failed to load config from "c:\\Users\\NEW USER\\Desktop\\download (2)\\dataconnect": could not find dataconnect.yaml in `c:\Users\NEW USER\Desktop\download (2)\dataconnect`
 {"metadata":{"emulator":{"name":"dataconnect"},"message":"E0608 14:33:24.128688   20612 watch.go:40] Failed to load config from \"c:\\\\Users\\\\NEW USER\\\\Desktop\\\\download (2)\\\\dataconnect\": could not find dataconnect.yaml in `c:\\Users\\NEW USER\\Desktop\\download (2)\\dataconnect`\n"}}
[debug] [2026-06-08T13:33:34.130Z] E0608 14:33:34.129347   20612 watch.go:40] Failed to load config from "c:\\Users\\NEW USER\\Desktop\\download (2)\\dataconnect": could not find dataconnect.yaml in `c:\Users\NEW USER\Desktop\download (2)\dataconnect`
 {"metadata":{"emulator":{"name":"dataconnect"},"message":"E0608 14:33:34.129347   20612 watch.go:40] Failed to load config from \"c:\\\\Users\\\\NEW USER\\\\Desktop\\\\download (2)\\\\dataconnect\": could not find dataconnect.yaml in `c:\\Users\\NEW USER\\Desktop\\download (2)\\dataconnect`\n"}}
[debug] [2026-06-08T13:33:44.130Z] E0608 14:33:44.129492   20612 watch.go:40] Failed to load config from "c:\\Users\\NEW USER\\Desktop\\download (2)\\dataconnect": could not find dataconnect.yaml in `c:\Users\NEW USER\Desktop\download (2)\dataconnect`
 {"metadata":{"emulator":{"name":"dataconnect"},"message":"E0608 14:33:44.129492   20612 watch.go:40] Failed to load config from \"c:\\\\Users\\\\NEW USER\\\\Desktop\\\\download (2)\\\\dataconnect\": could not find dataconnect.yaml in `c:\\Users\\NEW USER\\Desktop\\download (2)\\dataconnect`\n"}}
[debug] [2026-06-08T13:33:54.128Z] E0608 14:33:54.128572   20612 watch.go:40] Failed to load config from "c:\\Users\\NEW USER\\Desktop\\download (2)\\dataconnect": could not find dataconnect.yaml in `c:\Users\NEW USER\Desktop\download (2)\dataconnect`
 {"metadata":{"emulator":{"name":"dataconnect"},"message":"E0608 14:33:54.128572   20612 watch.go:40] Failed to load config from \"c:\\\\Users\\\\NEW USER\\\\Desktop\\\\download (2)\\\\dataconnect\": could not find dataconnect.yaml in `c:\\Users\\NEW USER\\Desktop\\download (2)\\dataconnect`\n"}}
[debug] [2026-06-08T13:34:04.128Z] E0608 14:34:04.128657   20612 watch.go:116] watchAllDir unable to walk dir `c:\Users\NEW USER\Desktop\download (2)\dataconnect`: GetFileAttributesEx c:\Users\NEW USER\Desktop\download (2)\dataconnect: The system cannot find the file specified.
 {"metadata":{"emulator":{"name":"dataconnect"},"message":"E0608 14:34:04.128657   20612 watch.go:116] watchAllDir unable to walk dir `c:\\Users\\NEW USER\\Desktop\\download (2)\\dataconnect`: GetFileAttributesEx c:\\Users\\NEW USER\\Desktop\\download (2)\\dataconnect: The system cannot find the file specified.\n"}}
[debug] [2026-06-08T13:34:04.129Z] E0608 14:34:04.128657   20612 watch.go:40] Failed to load config from "c:\\Users\\NEW USER\\Desktop\\download (2)\\dataconnect": could not find dataconnect.yaml in `c:\Users\NEW USER\Desktop\download (2)\dataconnect`
 {"metadata":{"emulator":{"name":"dataconnect"},"message":"E0608 14:34:04.128657   20612 watch.go:40] Failed to load config from \"c:\\\\Users\\\\NEW USER\\\\Desktop\\\\download (2)\\\\dataconnect\": could not find dataconnect.yaml in `c:\\Users\\NEW USER\\Desktop\\download (2)\\dataconnect`\n"}}
[debug] [2026-06-08T13:34:14.130Z] E0608 14:34:14.129465   20612 watch.go:40] Failed to load config from "c:\\Users\\NEW USER\\Desktop\\download (2)\\dataconnect": could not find dataconnect.yaml in `c:\Users\NEW USER\Desktop\download (2)\dataconnect`
 {"metadata":{"emulator":{"name":"dataconnect"},"message":"E0608 14:34:14.129465   20612 watch.go:40] Failed to load config from \"c:\\\\Users\\\\NEW USER\\\\Desktop\\\\download (2)\\\\dataconnect\": could not find dataconnect.yaml in `c:\\Users\\NEW USER\\Desktop\\download (2)\\dataconnect`\n"}}
[debug] [2026-06-08T13:34:24.128Z] E0608 14:34:24.128337   20612 watch.go:40] Failed to load config from "c:\\Users\\NEW USER\\Desktop\\download (2)\\dataconnect": could not find dataconnect.yaml in `c:\Users\NEW USER\Desktop\download (2)\dataconnect`
 {"metadata":{"emulator":{"name":"dataconnect"},"message":"E0608 14:34:24.128337   20612 watch.go:40] Failed to load config from \"c:\\\\Users\\\\NEW USER\\\\Desktop\\\\download (2)\\\\dataconnect\": could not find dataconnect.yaml in `c:\\Users\\NEW USER\\Desktop\\download (2)\\dataconnect`\n"}}
[debug] [2026-06-08T13:34:34.129Z] E0608 14:34:34.129142   20612 watch.go:40] Failed to load config from "c:\\Users\\NEW USER\\Desktop\\download (2)\\dataconnect": could not find dataconnect.yaml in `c:\Users\NEW USER\Desktop\download (2)\dataconnect`
 {"metadata":{"emulator":{"name":"dataconnect"},"message":"E0608 14:34:34.129142   20612 watch.go:40] Failed to load config from \"c:\\\\Users\\\\NEW USER\\\\Desktop\\\\download (2)\\\\dataconnect\": could not find dataconnect.yaml in `c:\\Users\\NEW USER\\Desktop\\download (2)\\dataconnect`\n"}}
[debug] [2026-06-08T13:34:44.130Z] E0608 14:34:44.129947   20612 watch.go:40] Failed to load config from "c:\\Users\\NEW USER\\Desktop\\download (2)\\dataconnect": could not find dataconnect.yaml in `c:\Users\NEW USER\Desktop\download (2)\dataconnect`
 {"metadata":{"emulator":{"name":"dataconnect"},"message":"E0608 14:34:44.129947   20612 watch.go:40] Failed to load config from \"c:\\\\Users\\\\NEW USER\\\\Desktop\\\\download (2)\\\\dataconnect\": could not find dataconnect.yaml in `c:\\Users\\NEW USER\\Desktop\\download (2)\\dataconnect`\n"}}
[debug] [2026-06-08T13:34:54.128Z] E0608 14:34:54.128466   20612 watch.go:40] Failed to load config from "c:\\Users\\NEW USER\\Desktop\\download (2)\\dataconnect": could not find dataconnect.yaml in `c:\Users\NEW USER\Desktop\download (2)\dataconnect`
 {"metadata":{"emulator":{"name":"dataconnect"},"message":"E0608 14:34:54.128466   20612 watch.go:40] Failed to load config from \"c:\\\\Users\\\\NEW USER\\\\Desktop\\\\download (2)\\\\dataconnect\": could not find dataconnect.yaml in `c:\\Users\\NEW USER\\Desktop\\download (2)\\dataconnect`\n"}}
[debug] [2026-06-08T13:35:04.128Z] E0608 14:35:04.128327   20612 watch.go:116] watchAllDir unable to walk dir `c:\Users\NEW USER\Desktop\download (2)\dataconnect`: GetFileAttributesEx c:\Users\NEW USER\Desktop\download (2)\dataconnect: The system cannot find the file specified.
 {"metadata":{"emulator":{"name":"dataconnect"},"message":"E0608 14:35:04.128327   20612 watch.go:116] watchAllDir unable to walk dir `c:\\Users\\NEW USER\\Desktop\\download (2)\\dataconnect`: GetFileAttributesEx c:\\Users\\NEW USER\\Desktop\\download (2)\\dataconnect: The system cannot find the file specified.\n"}}
[debug] [2026-06-08T13:35:04.129Z] E0608 14:35:04.128839   20612 watch.go:40] Failed to load config from "c:\\Users\\NEW USER\\Desktop\\download (2)\\dataconnect": could not find dataconnect.yaml in `c:\Users\NEW USER\Desktop\download (2)\dataconnect`
 {"metadata":{"emulator":{"name":"dataconnect"},"message":"E0608 14:35:04.128839   20612 watch.go:40] Failed to load config from \"c:\\\\Users\\\\NEW USER\\\\Desktop\\\\download (2)\\\\dataconnect\": could not find dataconnect.yaml in `c:\\Users\\NEW USER\\Desktop\\download (2)\\dataconnect`\n"}}
[debug] [2026-06-08T13:35:14.129Z] E0608 14:35:14.128531   20612 watch.go:40] Failed to load config from "c:\\Users\\NEW USER\\Desktop\\download (2)\\dataconnect": could not find dataconnect.yaml in `c:\Users\NEW USER\Desktop\download (2)\dataconnect`
 {"metadata":{"emulator":{"name":"dataconnect"},"message":"E0608 14:35:14.128531   20612 watch.go:40] Failed to load config from \"c:\\\\Users\\\\NEW USER\\\\Desktop\\\\download (2)\\\\dataconnect\": could not find dataconnect.yaml in `c:\\Users\\NEW USER\\Desktop\\download (2)\\dataconnect`\n"}}
[debug] [2026-06-08T13:35:24.128Z] E0608 14:35:24.127982   20612 watch.go:40] Failed to load config from "c:\\Users\\NEW USER\\Desktop\\download (2)\\dataconnect": could not find dataconnect.yaml in `c:\Users\NEW USER\Desktop\download (2)\dataconnect`
 {"metadata":{"emulator":{"name":"dataconnect"},"message":"E0608 14:35:24.127982   20612 watch.go:40] Failed to load config from \"c:\\\\Users\\\\NEW USER\\\\Desktop\\\\download (2)\\\\dataconnect\": could not find dataconnect.yaml in `c:\\Users\\NEW USER\\Desktop\\download (2)\\dataconnect`\n"}}
[debug] [2026-06-08T13:35:34.129Z] E0608 14:35:34.128666   20612 watch.go:40] Failed to load config from "c:\\Users\\NEW USER\\Desktop\\download (2)\\dataconnect": could not find dataconnect.yaml in `c:\Users\NEW USER\Desktop\download (2)\dataconnect`
 {"metadata":{"emulator":{"name":"dataconnect"},"message":"E0608 14:35:34.128666   20612 watch.go:40] Failed to load config from \"c:\\\\Users\\\\NEW USER\\\\Desktop\\\\download (2)\\\\dataconnect\": could not find dataconnect.yaml in `c:\\Users\\NEW USER\\Desktop\\download (2)\\dataconnect`\n"}}
[debug] [2026-06-08T13:35:44.128Z] E0608 14:35:44.128383   20612 watch.go:40] Failed to load config from "c:\\Users\\NEW USER\\Desktop\\download (2)\\dataconnect": could not find dataconnect.yaml in `c:\Users\NEW USER\Desktop\download (2)\dataconnect`
 {"metadata":{"emulator":{"name":"dataconnect"},"message":"E0608 14:35:44.128383   20612 watch.go:40] Failed to load config from \"c:\\\\Users\\\\NEW USER\\\\Desktop\\\\download (2)\\\\dataconnect\": could not find dataconnect.yaml in `c:\\Users\\NEW USER\\Desktop\\download (2)\\dataconnect`\n"}}
[debug] [2026-06-08T13:35:54.129Z] E0608 14:35:54.129038   20612 watch.go:40] Failed to load config from "c:\\Users\\NEW USER\\Desktop\\download (2)\\dataconnect": could not find dataconnect.yaml in `c:\Users\NEW USER\Desktop\download (2)\dataconnect`
 {"metadata":{"emulator":{"name":"dataconnect"},"message":"E0608 14:35:54.129038   20612 watch.go:40] Failed to load config from \"c:\\\\Users\\\\NEW USER\\\\Desktop\\\\download (2)\\\\dataconnect\": could not find dataconnect.yaml in `c:\\Users\\NEW USER\\Desktop\\download (2)\\dataconnect`\n"}}
[debug] [2026-06-08T13:36:04.128Z] E0608 14:36:04.128051   20612 watch.go:116] watchAllDir unable to walk dir `c:\Users\NEW USER\Desktop\download (2)\dataconnect`: GetFileAttributesEx c:\Users\NEW USER\Desktop\download (2)\dataconnect: The system cannot find the file specified.
 {"metadata":{"emulator":{"name":"dataconnect"},"message":"E0608 14:36:04.128051   20612 watch.go:116] watchAllDir unable to walk dir `c:\\Users\\NEW USER\\Desktop\\download (2)\\dataconnect`: GetFileAttributesEx c:\\Users\\NEW USER\\Desktop\\download (2)\\dataconnect: The system cannot find the file specified.\n"}}
[debug] [2026-06-08T13:36:04.128Z] E0608 14:36:04.128051   20612 watch.go:40] Failed to load config from "c:\\Users\\NEW USER\\Desktop\\download (2)\\dataconnect": could not find dataconnect.yaml in `c:\Users\NEW USER\Desktop\download (2)\dataconnect`
 {"metadata":{"emulator":{"name":"dataconnect"},"message":"E0608 14:36:04.128051   20612 watch.go:40] Failed to load config from \"c:\\\\Users\\\\NEW USER\\\\Desktop\\\\download (2)\\\\dataconnect\": could not find dataconnect.yaml in `c:\\Users\\NEW USER\\Desktop\\download (2)\\dataconnect`\n"}}
[debug] [2026-06-08T13:36:14.128Z] E0608 14:36:14.128112   20612 watch.go:40] Failed to load config from "c:\\Users\\NEW USER\\Desktop\\download (2)\\dataconnect": could not find dataconnect.yaml in `c:\Users\NEW USER\Desktop\download (2)\dataconnect`
 {"metadata":{"emulator":{"name":"dataconnect"},"message":"E0608 14:36:14.128112   20612 watch.go:40] Failed to load config from \"c:\\\\Users\\\\NEW USER\\\\Desktop\\\\download (2)\\\\dataconnect\": could not find dataconnect.yaml in `c:\\Users\\NEW USER\\Desktop\\download (2)\\dataconnect`\n"}}
[debug] [2026-06-08T13:36:24.128Z] E0608 14:36:24.128369   20612 watch.go:40] Failed to load config from "c:\\Users\\NEW USER\\Desktop\\download (2)\\dataconnect": could not find dataconnect.yaml in `c:\Users\NEW USER\Desktop\download (2)\dataconnect`
 {"metadata":{"emulator":{"name":"dataconnect"},"message":"E0608 14:36:24.128369   20612 watch.go:40] Failed to load config from \"c:\\\\Users\\\\NEW USER\\\\Desktop\\\\download (2)\\\\dataconnect\": could not find dataconnect.yaml in `c:\\Users\\NEW USER\\Desktop\\download (2)\\dataconnect`\n"}}
[debug] [2026-06-08T13:36:34.128Z] E0608 14:36:34.128441   20612 watch.go:40] Failed to load config from "c:\\Users\\NEW USER\\Desktop\\download (2)\\dataconnect": could not find dataconnect.yaml in `c:\Users\NEW USER\Desktop\download (2)\dataconnect`
 {"metadata":{"emulator":{"name":"dataconnect"},"message":"E0608 14:36:34.128441   20612 watch.go:40] Failed to load config from \"c:\\\\Users\\\\NEW USER\\\\Desktop\\\\download (2)\\\\dataconnect\": could not find dataconnect.yaml in `c:\\Users\\NEW USER\\Desktop\\download (2)\\dataconnect`\n"}}
[debug] [2026-06-08T13:36:44.129Z] E0608 14:36:44.128585   20612 watch.go:40] Failed to load config from "c:\\Users\\NEW USER\\Desktop\\download (2)\\dataconnect": could not find dataconnect.yaml in `c:\Users\NEW USER\Desktop\download (2)\dataconnect`
 {"metadata":{"emulator":{"name":"dataconnect"},"message":"E0608 14:36:44.128585   20612 watch.go:40] Failed to load config from \"c:\\\\Users\\\\NEW USER\\\\Desktop\\\\download (2)\\\\dataconnect\": could not find dataconnect.yaml in `c:\\Users\\NEW USER\\Desktop\\download (2)\\dataconnect`\n"}}
[debug] [2026-06-08T13:36:54.129Z] E0608 14:36:54.128551   20612 watch.go:40] Failed to load config from "c:\\Users\\NEW USER\\Desktop\\download (2)\\dataconnect": could not find dataconnect.yaml in `c:\Users\NEW USER\Desktop\download (2)\dataconnect`
 {"metadata":{"emulator":{"name":"dataconnect"},"message":"E0608 14:36:54.128551   20612 watch.go:40] Failed to load config from \"c:\\\\Users\\\\NEW USER\\\\Desktop\\\\download (2)\\\\dataconnect\": could not find dataconnect.yaml in `c:\\Users\\NEW USER\\Desktop\\download (2)\\dataconnect`\n"}}
[debug] [2026-06-08T13:37:04.128Z] E0608 14:37:04.128281   20612 watch.go:116] watchAllDir unable to walk dir `c:\Users\NEW USER\Desktop\download (2)\dataconnect`: GetFileAttributesEx c:\Users\NEW USER\Desktop\download (2)\dataconnect: The system cannot find the file specified.
E0608 14:37:04.128281   20612 watch.go:40] Failed to load config from "c:\\Users\\NEW USER\\Desktop\\download (2)\\dataconnect": could not find dataconnect.yaml in `c:\Users\NEW USER\Desktop\download (2)\dataconnect`
 {"metadata":{"emulator":{"name":"dataconnect"},"message":"E0608 14:37:04.128281   20612 watch.go:116] watchAllDir unable to walk dir `c:\\Users\\NEW USER\\Desktop\\download (2)\\dataconnect`: GetFileAttributesEx c:\\Users\\NEW USER\\Desktop\\download (2)\\dataconnect: The system cannot find the file specified.\nE0608 14:37:04.128281   20612 watch.go:40] Failed to load config from \"c:\\\\Users\\\\NEW USER\\\\Desktop\\\\download (2)\\\\dataconnect\": could not find dataconnect.yaml in `c:\\Users\\NEW USER\\Desktop\\download (2)\\dataconnect`\n"}}
[debug] [2026-06-08T13:37:14.129Z] E0608 14:37:14.129417   20612 watch.go:40] Failed to load config from "c:\\Users\\NEW USER\\Desktop\\download (2)\\dataconnect": could not find dataconnect.yaml in `c:\Users\NEW USER\Desktop\download (2)\dataconnect`
 {"metadata":{"emulator":{"name":"dataconnect"},"message":"E0608 14:37:14.129417   20612 watch.go:40] Failed to load config from \"c:\\\\Users\\\\NEW USER\\\\Desktop\\\\download (2)\\\\dataconnect\": could not find dataconnect.yaml in `c:\\Users\\NEW USER\\Desktop\\download (2)\\dataconnect`\n"}}
[debug] [2026-06-08T13:37:24.129Z] E0608 14:37:24.128812   20612 watch.go:40] Failed to load config from "c:\\Users\\NEW USER\\Desktop\\download (2)\\dataconnect": could not find dataconnect.yaml in `c:\Users\NEW USER\Desktop\download (2)\dataconnect`
 {"metadata":{"emulator":{"name":"dataconnect"},"message":"E0608 14:37:24.128812   20612 watch.go:40] Failed to load config from \"c:\\\\Users\\\\NEW USER\\\\Desktop\\\\download (2)\\\\dataconnect\": could not find dataconnect.yaml in `c:\\Users\\NEW USER\\Desktop\\download (2)\\dataconnect`\n"}}
[debug] [2026-06-08T13:37:34.128Z] E0608 14:37:34.128659   20612 watch.go:40] Failed to load config from "c:\\Users\\NEW USER\\Desktop\\download (2)\\dataconnect": could not find dataconnect.yaml in `c:\Users\NEW USER\Desktop\download (2)\dataconnect`
 {"metadata":{"emulator":{"name":"dataconnect"},"message":"E0608 14:37:34.128659   20612 watch.go:40] Failed to load config from \"c:\\\\Users\\\\NEW USER\\\\Desktop\\\\download (2)\\\\dataconnect\": could not find dataconnect.yaml in `c:\\Users\\NEW USER\\Desktop\\download (2)\\dataconnect`\n"}}
[debug] [2026-06-08T13:37:44.128Z] E0608 14:37:44.128120   20612 watch.go:40] Failed to load config from "c:\\Users\\NEW USER\\Desktop\\download (2)\\dataconnect": could not find dataconnect.yaml in `c:\Users\NEW USER\Desktop\download (2)\dataconnect`
 {"metadata":{"emulator":{"name":"dataconnect"},"message":"E0608 14:37:44.128120   20612 watch.go:40] Failed to load config from \"c:\\\\Users\\\\NEW USER\\\\Desktop\\\\download (2)\\\\dataconnect\": could not find dataconnect.yaml in `c:\\Users\\NEW USER\\Desktop\\download (2)\\dataconnect`\n"}}
[debug] [2026-06-08T13:37:54.129Z] E0608 14:37:54.128839   20612 watch.go:40] Failed to load config from "c:\\Users\\NEW USER\\Desktop\\download (2)\\dataconnect": could not find dataconnect.yaml in `c:\Users\NEW USER\Desktop\download (2)\dataconnect`
 {"metadata":{"emulator":{"name":"dataconnect"},"message":"E0608 14:37:54.128839   20612 watch.go:40] Failed to load config from \"c:\\\\Users\\\\NEW USER\\\\Desktop\\\\download (2)\\\\dataconnect\": could not find dataconnect.yaml in `c:\\Users\\NEW USER\\Desktop\\download (2)\\dataconnect`\n"}}
[debug] [2026-06-08T13:38:04.129Z] E0608 14:38:04.128936   20612 watch.go:116] watchAllDir unable to walk dir `c:\Users\NEW USER\Desktop\download (2)\dataconnect`: GetFileAttributesEx c:\Users\NEW USER\Desktop\download (2)\dataconnect: The system cannot find the file specified.
 {"metadata":{"emulator":{"name":"dataconnect"},"message":"E0608 14:38:04.128936   20612 watch.go:116] watchAllDir unable to walk dir `c:\\Users\\NEW USER\\Desktop\\download (2)\\dataconnect`: GetFileAttributesEx c:\\Users\\NEW USER\\Desktop\\download (2)\\dataconnect: The system cannot find the file specified.\n"}}
[debug] [2026-06-08T13:38:04.130Z] E0608 14:38:04.129509   20612 watch.go:40] Failed to load config from "c:\\Users\\NEW USER\\Desktop\\download (2)\\dataconnect": could not find dataconnect.yaml in `c:\Users\NEW USER\Desktop\download (2)\dataconnect`
 {"metadata":{"emulator":{"name":"dataconnect"},"message":"E0608 14:38:04.129509   20612 watch.go:40] Failed to load config from \"c:\\\\Users\\\\NEW USER\\\\Desktop\\\\download (2)\\\\dataconnect\": could not find dataconnect.yaml in `c:\\Users\\NEW USER\\Desktop\\download (2)\\dataconnect`\n"}}
[debug] [2026-06-08T13:38:14.129Z] E0608 14:38:14.128486   20612 watch.go:40] Failed to load config from "c:\\Users\\NEW USER\\Desktop\\download (2)\\dataconnect": could not find dataconnect.yaml in `c:\Users\NEW USER\Desktop\download (2)\dataconnect`
 {"metadata":{"emulator":{"name":"dataconnect"},"message":"E0608 14:38:14.128486   20612 watch.go:40] Failed to load config from \"c:\\\\Users\\\\NEW USER\\\\Desktop\\\\download (2)\\\\dataconnect\": could not find dataconnect.yaml in `c:\\Users\\NEW USER\\Desktop\\download (2)\\dataconnect`\n"}}
[debug] [2026-06-08T13:38:24.129Z] E0608 14:38:24.129238   20612 watch.go:40] Failed to load config from "c:\\Users\\NEW USER\\Desktop\\download (2)\\dataconnect": could not find dataconnect.yaml in `c:\Users\NEW USER\Desktop\download (2)\dataconnect`
 {"metadata":{"emulator":{"name":"dataconnect"},"message":"E0608 14:38:24.129238   20612 watch.go:40] Failed to load config from \"c:\\\\Users\\\\NEW USER\\\\Desktop\\\\download (2)\\\\dataconnect\": could not find dataconnect.yaml in `c:\\Users\\NEW USER\\Desktop\\download (2)\\dataconnect`\n"}}
[debug] [2026-06-08T13:38:34.129Z] E0608 14:38:34.129026   20612 watch.go:40] Failed to load config from "c:\\Users\\NEW USER\\Desktop\\download (2)\\dataconnect": could not find dataconnect.yaml in `c:\Users\NEW USER\Desktop\download (2)\dataconnect`
 {"metadata":{"emulator":{"name":"dataconnect"},"message":"E0608 14:38:34.129026   20612 watch.go:40] Failed to load config from \"c:\\\\Users\\\\NEW USER\\\\Desktop\\\\download (2)\\\\dataconnect\": could not find dataconnect.yaml in `c:\\Users\\NEW USER\\Desktop\\download (2)\\dataconnect`\n"}}
[debug] [2026-06-08T13:38:44.128Z] E0608 14:38:44.128034   20612 watch.go:40] Failed to load config from "c:\\Users\\NEW USER\\Desktop\\download (2)\\dataconnect": could not find dataconnect.yaml in `c:\Users\NEW USER\Desktop\download (2)\dataconnect`
 {"metadata":{"emulator":{"name":"dataconnect"},"message":"E0608 14:38:44.128034   20612 watch.go:40] Failed to load config from \"c:\\\\Users\\\\NEW USER\\\\Desktop\\\\download (2)\\\\dataconnect\": could not find dataconnect.yaml in `c:\\Users\\NEW USER\\Desktop\\download (2)\\dataconnect`\n"}}
[debug] [2026-06-08T13:38:54.128Z] E0608 14:38:54.128461   20612 watch.go:40] Failed to load config from "c:\\Users\\NEW USER\\Desktop\\download (2)\\dataconnect": could not find dataconnect.yaml in `c:\Users\NEW USER\Desktop\download (2)\dataconnect`
 {"metadata":{"emulator":{"name":"dataconnect"},"message":"E0608 14:38:54.128461   20612 watch.go:40] Failed to load config from \"c:\\\\Users\\\\NEW USER\\\\Desktop\\\\download (2)\\\\dataconnect\": could not find dataconnect.yaml in `c:\\Users\\NEW USER\\Desktop\\download (2)\\dataconnect`\n"}}
[debug] [2026-06-08T13:39:04.128Z] E0608 14:39:04.128189   20612 watch.go:116] watchAllDir unable to walk dir `c:\Users\NEW USER\Desktop\download (2)\dataconnect`: GetFileAttributesEx c:\Users\NEW USER\Desktop\download (2)\dataconnect: The system cannot find the file specified.
 {"metadata":{"emulator":{"name":"dataconnect"},"message":"E0608 14:39:04.128189   20612 watch.go:116] watchAllDir unable to walk dir `c:\\Users\\NEW USER\\Desktop\\download (2)\\dataconnect`: GetFileAttributesEx c:\\Users\\NEW USER\\Desktop\\download (2)\\dataconnect: The system cannot find the file specified.\n"}}
[debug] [2026-06-08T13:39:04.128Z] E0608 14:39:04.128189   20612 watch.go:40] Failed to load config from "c:\\Users\\NEW USER\\Desktop\\download (2)\\dataconnect": could not find dataconnect.yaml in `c:\Users\NEW USER\Desktop\download (2)\dataconnect`
 {"metadata":{"emulator":{"name":"dataconnect"},"message":"E0608 14:39:04.128189   20612 watch.go:40] Failed to load config from \"c:\\\\Users\\\\NEW USER\\\\Desktop\\\\download (2)\\\\dataconnect\": could not find dataconnect.yaml in `c:\\Users\\NEW USER\\Desktop\\download (2)\\dataconnect`\n"}}
[debug] [2026-06-08T13:39:14.128Z] E0608 14:39:14.128477   20612 watch.go:40] Failed to load config from "c:\\Users\\NEW USER\\Desktop\\download (2)\\dataconnect": could not find dataconnect.yaml in `c:\Users\NEW USER\Desktop\download (2)\dataconnect`
 {"metadata":{"emulator":{"name":"dataconnect"},"message":"E0608 14:39:14.128477   20612 watch.go:40] Failed to load config from \"c:\\\\Users\\\\NEW USER\\\\Desktop\\\\download (2)\\\\dataconnect\": could not find dataconnect.yaml in `c:\\Users\\NEW USER\\Desktop\\download (2)\\dataconnect`\n"}}
[debug] [2026-06-08T13:39:24.129Z] E0608 14:39:24.128902   20612 watch.go:40] Failed to load config from "c:\\Users\\NEW USER\\Desktop\\download (2)\\dataconnect": could not find dataconnect.yaml in `c:\Users\NEW USER\Desktop\download (2)\dataconnect`
 {"metadata":{"emulator":{"name":"dataconnect"},"message":"E0608 14:39:24.128902   20612 watch.go:40] Failed to load config from \"c:\\\\Users\\\\NEW USER\\\\Desktop\\\\download (2)\\\\dataconnect\": could not find dataconnect.yaml in `c:\\Users\\NEW USER\\Desktop\\download (2)\\dataconnect`\n"}}
[debug] [2026-06-08T13:39:34.128Z] E0608 14:39:34.128470   20612 watch.go:40] Failed to load config from "c:\\Users\\NEW USER\\Desktop\\download (2)\\dataconnect": could not find dataconnect.yaml in `c:\Users\NEW USER\Desktop\download (2)\dataconnect`
 {"metadata":{"emulator":{"name":"dataconnect"},"message":"E0608 14:39:34.128470   20612 watch.go:40] Failed to load config from \"c:\\\\Users\\\\NEW USER\\\\Desktop\\\\download (2)\\\\dataconnect\": could not find dataconnect.yaml in `c:\\Users\\NEW USER\\Desktop\\download (2)\\dataconnect`\n"}}
[debug] [2026-06-08T13:39:44.128Z] E0608 14:39:44.128568   20612 watch.go:40] Failed to load config from "c:\\Users\\NEW USER\\Desktop\\download (2)\\dataconnect": could not find dataconnect.yaml in `c:\Users\NEW USER\Desktop\download (2)\dataconnect`
 {"metadata":{"emulator":{"name":"dataconnect"},"message":"E0608 14:39:44.128568   20612 watch.go:40] Failed to load config from \"c:\\\\Users\\\\NEW USER\\\\Desktop\\\\download (2)\\\\dataconnect\": could not find dataconnect.yaml in `c:\\Users\\NEW USER\\Desktop\\download (2)\\dataconnect`\n"}}
[debug] [2026-06-08T13:39:54.129Z] E0608 14:39:54.129358   20612 watch.go:40] Failed to load config from "c:\\Users\\NEW USER\\Desktop\\download (2)\\dataconnect": could not find dataconnect.yaml in `c:\Users\NEW USER\Desktop\download (2)\dataconnect`
 {"metadata":{"emulator":{"name":"dataconnect"},"message":"E0608 14:39:54.129358   20612 watch.go:40] Failed to load config from \"c:\\\\Users\\\\NEW USER\\\\Desktop\\\\download (2)\\\\dataconnect\": could not find dataconnect.yaml in `c:\\Users\\NEW USER\\Desktop\\download (2)\\dataconnect`\n"}}
[debug] [2026-06-08T13:40:04.130Z] E0608 14:40:04.129630   20612 watch.go:116] watchAllDir unable to walk dir `c:\Users\NEW USER\Desktop\download (2)\dataconnect`: GetFileAttributesEx c:\Users\NEW USER\Desktop\download (2)\dataconnect: The system cannot find the file specified.
 {"metadata":{"emulator":{"name":"dataconnect"},"message":"E0608 14:40:04.129630   20612 watch.go:116] watchAllDir unable to walk dir `c:\\Users\\NEW USER\\Desktop\\download (2)\\dataconnect`: GetFileAttributesEx c:\\Users\\NEW USER\\Desktop\\download (2)\\dataconnect: The system cannot find the file specified.\n"}}
[debug] [2026-06-08T13:40:04.132Z] E0608 14:40:04.130387   20612 watch.go:40] Failed to load config from "c:\\Users\\NEW USER\\Desktop\\download (2)\\dataconnect": could not find dataconnect.yaml in `c:\Users\NEW USER\Desktop\download (2)\dataconnect`
 {"metadata":{"emulator":{"name":"dataconnect"},"message":"E0608 14:40:04.130387   20612 watch.go:40] Failed to load config from \"c:\\\\Users\\\\NEW USER\\\\Desktop\\\\download (2)\\\\dataconnect\": could not find dataconnect.yaml in `c:\\Users\\NEW USER\\Desktop\\download (2)\\dataconnect`\n"}}
[debug] [2026-06-08T13:40:14.130Z] E0608 14:40:14.129916   20612 watch.go:40] Failed to load config from "c:\\Users\\NEW USER\\Desktop\\download (2)\\dataconnect": could not find dataconnect.yaml in `c:\Users\NEW USER\Desktop\download (2)\dataconnect`
 {"metadata":{"emulator":{"name":"dataconnect"},"message":"E0608 14:40:14.129916   20612 watch.go:40] Failed to load config from \"c:\\\\Users\\\\NEW USER\\\\Desktop\\\\download (2)\\\\dataconnect\": could not find dataconnect.yaml in `c:\\Users\\NEW USER\\Desktop\\download (2)\\dataconnect`\n"}}
[debug] [2026-06-08T13:40:24.129Z] E0608 14:40:24.129477   20612 watch.go:40] Failed to load config from "c:\\Users\\NEW USER\\Desktop\\download (2)\\dataconnect": could not find dataconnect.yaml in `c:\Users\NEW USER\Desktop\download (2)\dataconnect`
 {"metadata":{"emulator":{"name":"dataconnect"},"message":"E0608 14:40:24.129477   20612 watch.go:40] Failed to load config from \"c:\\\\Users\\\\NEW USER\\\\Desktop\\\\download (2)\\\\dataconnect\": could not find dataconnect.yaml in `c:\\Users\\NEW USER\\Desktop\\download (2)\\dataconnect`\n"}}
[debug] [2026-06-08T13:40:34.130Z] E0608 14:40:34.130224   20612 watch.go:40] Failed to load config from "c:\\Users\\NEW USER\\Desktop\\download (2)\\dataconnect": could not find dataconnect.yaml in `c:\Users\NEW USER\Desktop\download (2)\dataconnect`
 {"metadata":{"emulator":{"name":"dataconnect"},"message":"E0608 14:40:34.130224   20612 watch.go:40] Failed to load config from \"c:\\\\Users\\\\NEW USER\\\\Desktop\\\\download (2)\\\\dataconnect\": could not find dataconnect.yaml in `c:\\Users\\NEW USER\\Desktop\\download (2)\\dataconnect`\n"}}
[debug] [2026-06-08T13:40:44.129Z] E0608 14:40:44.128784   20612 watch.go:40] Failed to load config from "c:\\Users\\NEW USER\\Desktop\\download (2)\\dataconnect": could not find dataconnect.yaml in `c:\Users\NEW USER\Desktop\download (2)\dataconnect`
 {"metadata":{"emulator":{"name":"dataconnect"},"message":"E0608 14:40:44.128784   20612 watch.go:40] Failed to load config from \"c:\\\\Users\\\\NEW USER\\\\Desktop\\\\download (2)\\\\dataconnect\": could not find dataconnect.yaml in `c:\\Users\\NEW USER\\Desktop\\download (2)\\dataconnect`\n"}}
[debug] [2026-06-08T13:40:54.128Z] E0608 14:40:54.128221   20612 watch.go:40] Failed to load config from "c:\\Users\\NEW USER\\Desktop\\download (2)\\dataconnect": could not find dataconnect.yaml in `c:\Users\NEW USER\Desktop\download (2)\dataconnect`
 {"metadata":{"emulator":{"name":"dataconnect"},"message":"E0608 14:40:54.128221   20612 watch.go:40] Failed to load config from \"c:\\\\Users\\\\NEW USER\\\\Desktop\\\\download (2)\\\\dataconnect\": could not find dataconnect.yaml in `c:\\Users\\NEW USER\\Desktop\\download (2)\\dataconnect`\n"}}
[debug] [2026-06-08T13:41:04.129Z] E0608 14:41:04.128508   20612 watch.go:116] watchAllDir unable to walk dir `c:\Users\NEW USER\Desktop\download (2)\dataconnect`: GetFileAttributesEx c:\Users\NEW USER\Desktop\download (2)\dataconnect: The system cannot find the file specified.
 {"metadata":{"emulator":{"name":"dataconnect"},"message":"E0608 14:41:04.128508   20612 watch.go:116] watchAllDir unable to walk dir `c:\\Users\\NEW USER\\Desktop\\download (2)\\dataconnect`: GetFileAttributesEx c:\\Users\\NEW USER\\Desktop\\download (2)\\dataconnect: The system cannot find the file specified.\n"}}
[debug] [2026-06-08T13:41:04.130Z] E0608 14:41:04.129029   20612 watch.go:40] Failed to load config from "c:\\Users\\NEW USER\\Desktop\\download (2)\\dataconnect": could not find dataconnect.yaml in `c:\Users\NEW USER\Desktop\download (2)\dataconnect`
 {"metadata":{"emulator":{"name":"dataconnect"},"message":"E0608 14:41:04.129029   20612 watch.go:40] Failed to load config from \"c:\\\\Users\\\\NEW USER\\\\Desktop\\\\download (2)\\\\dataconnect\": could not find dataconnect.yaml in `c:\\Users\\NEW USER\\Desktop\\download (2)\\dataconnect`\n"}}
[debug] [2026-06-08T13:41:14.129Z] E0608 14:41:14.128898   20612 watch.go:40] Failed to load config from "c:\\Users\\NEW USER\\Desktop\\download (2)\\dataconnect": could not find dataconnect.yaml in `c:\Users\NEW USER\Desktop\download (2)\dataconnect`
 {"metadata":{"emulator":{"name":"dataconnect"},"message":"E0608 14:41:14.128898   20612 watch.go:40] Failed to load config from \"c:\\\\Users\\\\NEW USER\\\\Desktop\\\\download (2)\\\\dataconnect\": could not find dataconnect.yaml in `c:\\Users\\NEW USER\\Desktop\\download (2)\\dataconnect`\n"}}
[debug] [2026-06-08T13:41:24.132Z] E0608 14:41:24.131186   20612 watch.go:40] Failed to load config from "c:\\Users\\NEW USER\\Desktop\\download (2)\\dataconnect": could not find dataconnect.yaml in `c:\Users\NEW USER\Desktop\download (2)\dataconnect`
 {"metadata":{"emulator":{"name":"dataconnect"},"message":"E0608 14:41:24.131186   20612 watch.go:40] Failed to load config from \"c:\\\\Users\\\\NEW USER\\\\Desktop\\\\download (2)\\\\dataconnect\": could not find dataconnect.yaml in `c:\\Users\\NEW USER\\Desktop\\download (2)\\dataconnect`\n"}}
[debug] [2026-06-08T13:41:34.130Z] E0608 14:41:34.128912   20612 watch.go:40] Failed to load config from "c:\\Users\\NEW USER\\Desktop\\download (2)\\dataconnect": could not find dataconnect.yaml in `c:\Users\NEW USER\Desktop\download (2)\dataconnect`
 {"metadata":{"emulator":{"name":"dataconnect"},"message":"E0608 14:41:34.128912   20612 watch.go:40] Failed to load config from \"c:\\\\Users\\\\NEW USER\\\\Desktop\\\\download (2)\\\\dataconnect\": could not find dataconnect.yaml in `c:\\Users\\NEW USER\\Desktop\\download (2)\\dataconnect`\n"}}
[debug] [2026-06-08T13:41:44.128Z] E0608 14:41:44.128360   20612 watch.go:40] Failed to load config from "c:\\Users\\NEW USER\\Desktop\\download (2)\\dataconnect": could not find dataconnect.yaml in `c:\Users\NEW USER\Desktop\download (2)\dataconnect`
 {"metadata":{"emulator":{"name":"dataconnect"},"message":"E0608 14:41:44.128360   20612 watch.go:40] Failed to load config from \"c:\\\\Users\\\\NEW USER\\\\Desktop\\\\download (2)\\\\dataconnect\": could not find dataconnect.yaml in `c:\\Users\\NEW USER\\Desktop\\download (2)\\dataconnect`\n"}}
[debug] [2026-06-08T13:41:54.128Z] E0608 14:41:54.128671   20612 watch.go:40] Failed to load config from "c:\\Users\\NEW USER\\Desktop\\download (2)\\dataconnect": could not find dataconnect.yaml in `c:\Users\NEW USER\Desktop\download (2)\dataconnect`
 {"metadata":{"emulator":{"name":"dataconnect"},"message":"E0608 14:41:54.128671   20612 watch.go:40] Failed to load config from \"c:\\\\Users\\\\NEW USER\\\\Desktop\\\\download (2)\\\\dataconnect\": could not find dataconnect.yaml in `c:\\Users\\NEW USER\\Desktop\\download (2)\\dataconnect`\n"}}
[debug] [2026-06-08T13:42:04.128Z] E0608 14:42:04.128461   20612 watch.go:116] watchAllDir unable to walk dir `c:\Users\NEW USER\Desktop\download (2)\dataconnect`: GetFileAttributesEx c:\Users\NEW USER\Desktop\download (2)\dataconnect: The system cannot find the file specified.
 {"metadata":{"emulator":{"name":"dataconnect"},"message":"E0608 14:42:04.128461   20612 watch.go:116] watchAllDir unable to walk dir `c:\\Users\\NEW USER\\Desktop\\download (2)\\dataconnect`: GetFileAttributesEx c:\\Users\\NEW USER\\Desktop\\download (2)\\dataconnect: The system cannot find the file specified.\n"}}
[debug] [2026-06-08T13:42:04.129Z] E0608 14:42:04.128461   20612 watch.go:40] Failed to load config from "c:\\Users\\NEW USER\\Desktop\\download (2)\\dataconnect": could not find dataconnect.yaml in `c:\Users\NEW USER\Desktop\download (2)\dataconnect`
 {"metadata":{"emulator":{"name":"dataconnect"},"message":"E0608 14:42:04.128461   20612 watch.go:40] Failed to load config from \"c:\\\\Users\\\\NEW USER\\\\Desktop\\\\download (2)\\\\dataconnect\": could not find dataconnect.yaml in `c:\\Users\\NEW USER\\Desktop\\download (2)\\dataconnect`\n"}}
[debug] [2026-06-08T13:42:14.129Z] E0608 14:42:14.128883   20612 watch.go:40] Failed to load config from "c:\\Users\\NEW USER\\Desktop\\download (2)\\dataconnect": could not find dataconnect.yaml in `c:\Users\NEW USER\Desktop\download (2)\dataconnect`
 {"metadata":{"emulator":{"name":"dataconnect"},"message":"E0608 14:42:14.128883   20612 watch.go:40] Failed to load config from \"c:\\\\Users\\\\NEW USER\\\\Desktop\\\\download (2)\\\\dataconnect\": could not find dataconnect.yaml in `c:\\Users\\NEW USER\\Desktop\\download (2)\\dataconnect`\n"}}
[debug] [2026-06-08T13:42:24.128Z] E0608 14:42:24.128250   20612 watch.go:40] Failed to load config from "c:\\Users\\NEW USER\\Desktop\\download (2)\\dataconnect": could not find dataconnect.yaml in `c:\Users\NEW USER\Desktop\download (2)\dataconnect`
 {"metadata":{"emulator":{"name":"dataconnect"},"message":"E0608 14:42:24.128250   20612 watch.go:40] Failed to load config from \"c:\\\\Users\\\\NEW USER\\\\Desktop\\\\download (2)\\\\dataconnect\": could not find dataconnect.yaml in `c:\\Users\\NEW USER\\Desktop\\download (2)\\dataconnect`\n"}}
[debug] [2026-06-08T13:42:34.129Z] E0608 14:42:34.128749   20612 watch.go:40] Failed to load config from "c:\\Users\\NEW USER\\Desktop\\download (2)\\dataconnect": could not find dataconnect.yaml in `c:\Users\NEW USER\Desktop\download (2)\dataconnect`
 {"metadata":{"emulator":{"name":"dataconnect"},"message":"E0608 14:42:34.128749   20612 watch.go:40] Failed to load config from \"c:\\\\Users\\\\NEW USER\\\\Desktop\\\\download (2)\\\\dataconnect\": could not find dataconnect.yaml in `c:\\Users\\NEW USER\\Desktop\\download (2)\\dataconnect`\n"}}
[debug] [2026-06-08T13:42:44.129Z] E0608 14:42:44.128545   20612 watch.go:40] Failed to load config from "c:\\Users\\NEW USER\\Desktop\\download (2)\\dataconnect": could not find dataconnect.yaml in `c:\Users\NEW USER\Desktop\download (2)\dataconnect`
 {"metadata":{"emulator":{"name":"dataconnect"},"message":"E0608 14:42:44.128545   20612 watch.go:40] Failed to load config from \"c:\\\\Users\\\\NEW USER\\\\Desktop\\\\download (2)\\\\dataconnect\": could not find dataconnect.yaml in `c:\\Users\\NEW USER\\Desktop\\download (2)\\dataconnect`\n"}}
[debug] [2026-06-08T13:42:54.129Z] E0608 14:42:54.128823   20612 watch.go:40] Failed to load config from "c:\\Users\\NEW USER\\Desktop\\download (2)\\dataconnect": could not find dataconnect.yaml in `c:\Users\NEW USER\Desktop\download (2)\dataconnect`
 {"metadata":{"emulator":{"name":"dataconnect"},"message":"E0608 14:42:54.128823   20612 watch.go:40] Failed to load config from \"c:\\\\Users\\\\NEW USER\\\\Desktop\\\\download (2)\\\\dataconnect\": could not find dataconnect.yaml in `c:\\Users\\NEW USER\\Desktop\\download (2)\\dataconnect`\n"}}
[debug] [2026-06-08T13:43:04.128Z] E0608 14:43:04.128088   20612 watch.go:116] watchAllDir unable to walk dir `c:\Users\NEW USER\Desktop\download (2)\dataconnect`: GetFileAttributesEx c:\Users\NEW USER\Desktop\download (2)\dataconnect: The system cannot find the file specified.
 {"metadata":{"emulator":{"name":"dataconnect"},"message":"E0608 14:43:04.128088   20612 watch.go:116] watchAllDir unable to walk dir `c:\\Users\\NEW USER\\Desktop\\download (2)\\dataconnect`: GetFileAttributesEx c:\\Users\\NEW USER\\Desktop\\download (2)\\dataconnect: The system cannot find the file specified.\n"}}
[debug] [2026-06-08T13:43:04.129Z] E0608 14:43:04.128626   20612 watch.go:40] Failed to load config from "c:\\Users\\NEW USER\\Desktop\\download (2)\\dataconnect": could not find dataconnect.yaml in `c:\Users\NEW USER\Desktop\download (2)\dataconnect`
 {"metadata":{"emulator":{"name":"dataconnect"},"message":"E0608 14:43:04.128626   20612 watch.go:40] Failed to load config from \"c:\\\\Users\\\\NEW USER\\\\Desktop\\\\download (2)\\\\dataconnect\": could not find dataconnect.yaml in `c:\\Users\\NEW USER\\Desktop\\download (2)\\dataconnect`\n"}}
[debug] [2026-06-08T13:43:14.129Z] E0608 14:43:14.128456   20612 watch.go:40] Failed to load config from "c:\\Users\\NEW USER\\Desktop\\download (2)\\dataconnect": could not find dataconnect.yaml in `c:\Users\NEW USER\Desktop\download (2)\dataconnect`
 {"metadata":{"emulator":{"name":"dataconnect"},"message":"E0608 14:43:14.128456   20612 watch.go:40] Failed to load config from \"c:\\\\Users\\\\NEW USER\\\\Desktop\\\\download (2)\\\\dataconnect\": could not find dataconnect.yaml in `c:\\Users\\NEW USER\\Desktop\\download (2)\\dataconnect`\n"}}
[debug] [2026-06-08T13:43:24.129Z] E0608 14:43:24.129102   20612 watch.go:40] Failed to load config from "c:\\Users\\NEW USER\\Desktop\\download (2)\\dataconnect": could not find dataconnect.yaml in `c:\Users\NEW USER\Desktop\download (2)\dataconnect`
 {"metadata":{"emulator":{"name":"dataconnect"},"message":"E0608 14:43:24.129102   20612 watch.go:40] Failed to load config from \"c:\\\\Users\\\\NEW USER\\\\Desktop\\\\download (2)\\\\dataconnect\": could not find dataconnect.yaml in `c:\\Users\\NEW USER\\Desktop\\download (2)\\dataconnect`\n"}}
[debug] [2026-06-08T13:43:34.130Z] E0608 14:43:34.129593   20612 watch.go:40] Failed to load config from "c:\\Users\\NEW USER\\Desktop\\download (2)\\dataconnect": could not find dataconnect.yaml in `c:\Users\NEW USER\Desktop\download (2)\dataconnect`
 {"metadata":{"emulator":{"name":"dataconnect"},"message":"E0608 14:43:34.129593   20612 watch.go:40] Failed to load config from \"c:\\\\Users\\\\NEW USER\\\\Desktop\\\\download (2)\\\\dataconnect\": could not find dataconnect.yaml in `c:\\Users\\NEW USER\\Desktop\\download (2)\\dataconnect`\n"}}
[debug] [2026-06-08T13:43:44.128Z] E0608 14:43:44.128335   20612 watch.go:40] Failed to load config from "c:\\Users\\NEW USER\\Desktop\\download (2)\\dataconnect": could not find dataconnect.yaml in `c:\Users\NEW USER\Desktop\download (2)\dataconnect`
 {"metadata":{"emulator":{"name":"dataconnect"},"message":"E0608 14:43:44.128335   20612 watch.go:40] Failed to load config from \"c:\\\\Users\\\\NEW USER\\\\Desktop\\\\download (2)\\\\dataconnect\": could not find dataconnect.yaml in `c:\\Users\\NEW USER\\Desktop\\download (2)\\dataconnect`\n"}}
[debug] [2026-06-08T13:43:54.129Z] E0608 14:43:54.129080   20612 watch.go:40] Failed to load config from "c:\\Users\\NEW USER\\Desktop\\download (2)\\dataconnect": could not find dataconnect.yaml in `c:\Users\NEW USER\Desktop\download (2)\dataconnect`
 {"metadata":{"emulator":{"name":"dataconnect"},"message":"E0608 14:43:54.129080   20612 watch.go:40] Failed to load config from \"c:\\\\Users\\\\NEW USER\\\\Desktop\\\\download (2)\\\\dataconnect\": could not find dataconnect.yaml in `c:\\Users\\NEW USER\\Desktop\\download (2)\\dataconnect`\n"}}
[debug] [2026-06-08T13:44:04.129Z] E0608 14:44:04.129147   20612 watch.go:116] watchAllDir unable to walk dir `c:\Users\NEW USER\Desktop\download (2)\dataconnect`: GetFileAttributesEx c:\Users\NEW USER\Desktop\download (2)\dataconnect: The system cannot find the file specified.
 {"metadata":{"emulator":{"name":"dataconnect"},"message":"E0608 14:44:04.129147   20612 watch.go:116] watchAllDir unable to walk dir `c:\\Users\\NEW USER\\Desktop\\download (2)\\dataconnect`: GetFileAttributesEx c:\\Users\\NEW USER\\Desktop\\download (2)\\dataconnect: The system cannot find the file specified.\n"}}
[debug] [2026-06-08T13:44:04.130Z] E0608 14:44:04.129556   20612 watch.go:40] Failed to load config from "c:\\Users\\NEW USER\\Desktop\\download (2)\\dataconnect": could not find dataconnect.yaml in `c:\Users\NEW USER\Desktop\download (2)\dataconnect`
 {"metadata":{"emulator":{"name":"dataconnect"},"message":"E0608 14:44:04.129556   20612 watch.go:40] Failed to load config from \"c:\\\\Users\\\\NEW USER\\\\Desktop\\\\download (2)\\\\dataconnect\": could not find dataconnect.yaml in `c:\\Users\\NEW USER\\Desktop\\download (2)\\dataconnect`\n"}}
[debug] [2026-06-08T13:44:14.128Z] E0608 14:44:14.128597   20612 watch.go:40] Failed to load config from "c:\\Users\\NEW USER\\Desktop\\download (2)\\dataconnect": could not find dataconnect.yaml in `c:\Users\NEW USER\Desktop\download (2)\dataconnect`
 {"metadata":{"emulator":{"name":"dataconnect"},"message":"E0608 14:44:14.128597   20612 watch.go:40] Failed to load config from \"c:\\\\Users\\\\NEW USER\\\\Desktop\\\\download (2)\\\\dataconnect\": could not find dataconnect.yaml in `c:\\Users\\NEW USER\\Desktop\\download (2)\\dataconnect`\n"}}
[debug] [2026-06-08T13:44:24.130Z] E0608 14:44:24.129409   20612 watch.go:40] Failed to load config from "c:\\Users\\NEW USER\\Desktop\\download (2)\\dataconnect": could not find dataconnect.yaml in `c:\Users\NEW USER\Desktop\download (2)\dataconnect`
 {"metadata":{"emulator":{"name":"dataconnect"},"message":"E0608 14:44:24.129409   20612 watch.go:40] Failed to load config from \"c:\\\\Users\\\\NEW USER\\\\Desktop\\\\download (2)\\\\dataconnect\": could not find dataconnect.yaml in `c:\\Users\\NEW USER\\Desktop\\download (2)\\dataconnect`\n"}}
[debug] [2026-06-08T13:44:34.130Z] E0608 14:44:34.129452   20612 watch.go:40] Failed to load config from "c:\\Users\\NEW USER\\Desktop\\download (2)\\dataconnect": could not find dataconnect.yaml in `c:\Users\NEW USER\Desktop\download (2)\dataconnect`
 {"metadata":{"emulator":{"name":"dataconnect"},"message":"E0608 14:44:34.129452   20612 watch.go:40] Failed to load config from \"c:\\\\Users\\\\NEW USER\\\\Desktop\\\\download (2)\\\\dataconnect\": could not find dataconnect.yaml in `c:\\Users\\NEW USER\\Desktop\\download (2)\\dataconnect`\n"}}
[debug] [2026-06-08T13:44:44.129Z] E0608 14:44:44.128518   20612 watch.go:40] Failed to load config from "c:\\Users\\NEW USER\\Desktop\\download (2)\\dataconnect": could not find dataconnect.yaml in `c:\Users\NEW USER\Desktop\download (2)\dataconnect`
 {"metadata":{"emulator":{"name":"dataconnect"},"message":"E0608 14:44:44.128518   20612 watch.go:40] Failed to load config from \"c:\\\\Users\\\\NEW USER\\\\Desktop\\\\download (2)\\\\dataconnect\": could not find dataconnect.yaml in `c:\\Users\\NEW USER\\Desktop\\download (2)\\dataconnect`\n"}}
[debug] [2026-06-08T13:44:54.129Z] E0608 14:44:54.128822   20612 watch.go:40] Failed to load config from "c:\\Users\\NEW USER\\Desktop\\download (2)\\dataconnect": could not find dataconnect.yaml in `c:\Users\NEW USER\Desktop\download (2)\dataconnect`
 {"metadata":{"emulator":{"name":"dataconnect"},"message":"E0608 14:44:54.128822   20612 watch.go:40] Failed to load config from \"c:\\\\Users\\\\NEW USER\\\\Desktop\\\\download (2)\\\\dataconnect\": could not find dataconnect.yaml in `c:\\Users\\NEW USER\\Desktop\\download (2)\\dataconnect`\n"}}
[debug] [2026-06-08T13:45:04.130Z] E0608 14:45:04.130045   20612 watch.go:116] watchAllDir unable to walk dir `c:\Users\NEW USER\Desktop\download (2)\dataconnect`: GetFileAttributesEx c:\Users\NEW USER\Desktop\download (2)\dataconnect: The system cannot find the file specified.
 {"metadata":{"emulator":{"name":"dataconnect"},"message":"E0608 14:45:04.130045   20612 watch.go:116] watchAllDir unable to walk dir `c:\\Users\\NEW USER\\Desktop\\download (2)\\dataconnect`: GetFileAttributesEx c:\\Users\\NEW USER\\Desktop\\download (2)\\dataconnect: The system cannot find the file specified.\n"}}
[debug] [2026-06-08T13:45:04.132Z] E0608 14:45:04.130706   20612 watch.go:40] Failed to load config from "c:\\Users\\NEW USER\\Desktop\\download (2)\\dataconnect": could not find dataconnect.yaml in `c:\Users\NEW USER\Desktop\download (2)\dataconnect`
 {"metadata":{"emulator":{"name":"dataconnect"},"message":"E0608 14:45:04.130706   20612 watch.go:40] Failed to load config from \"c:\\\\Users\\\\NEW USER\\\\Desktop\\\\download (2)\\\\dataconnect\": could not find dataconnect.yaml in `c:\\Users\\NEW USER\\Desktop\\download (2)\\dataconnect`\n"}}
[debug] [2026-06-08T13:45:14.128Z] E0608 14:45:14.128569   20612 watch.go:40] Failed to load config from "c:\\Users\\NEW USER\\Desktop\\download (2)\\dataconnect": could not find dataconnect.yaml in `c:\Users\NEW USER\Desktop\download (2)\dataconnect`
 {"metadata":{"emulator":{"name":"dataconnect"},"message":"E0608 14:45:14.128569   20612 watch.go:40] Failed to load config from \"c:\\\\Users\\\\NEW USER\\\\Desktop\\\\download (2)\\\\dataconnect\": could not find dataconnect.yaml in `c:\\Users\\NEW USER\\Desktop\\download (2)\\dataconnect`\n"}}
[debug] [2026-06-08T13:45:24.128Z] E0608 14:45:24.128169   20612 watch.go:40] Failed to load config from "c:\\Users\\NEW USER\\Desktop\\download (2)\\dataconnect": could not find dataconnect.yaml in `c:\Users\NEW USER\Desktop\download (2)\dataconnect`
 {"metadata":{"emulator":{"name":"dataconnect"},"message":"E0608 14:45:24.128169   20612 watch.go:40] Failed to load config from \"c:\\\\Users\\\\NEW USER\\\\Desktop\\\\download (2)\\\\dataconnect\": could not find dataconnect.yaml in `c:\\Users\\NEW USER\\Desktop\\download (2)\\dataconnect`\n"}}
[debug] [2026-06-08T13:45:34.128Z] E0608 14:45:34.128321   20612 watch.go:40] Failed to load config from "c:\\Users\\NEW USER\\Desktop\\download (2)\\dataconnect": could not find dataconnect.yaml in `c:\Users\NEW USER\Desktop\download (2)\dataconnect`
 {"metadata":{"emulator":{"name":"dataconnect"},"message":"E0608 14:45:34.128321   20612 watch.go:40] Failed to load config from \"c:\\\\Users\\\\NEW USER\\\\Desktop\\\\download (2)\\\\dataconnect\": could not find dataconnect.yaml in `c:\\Users\\NEW USER\\Desktop\\download (2)\\dataconnect`\n"}}
[debug] [2026-06-08T13:45:44.128Z] E0608 14:45:44.128355   20612 watch.go:40] Failed to load config from "c:\\Users\\NEW USER\\Desktop\\download (2)\\dataconnect": could not find dataconnect.yaml in `c:\Users\NEW USER\Desktop\download (2)\dataconnect`
 {"metadata":{"emulator":{"name":"dataconnect"},"message":"E0608 14:45:44.128355   20612 watch.go:40] Failed to load config from \"c:\\\\Users\\\\NEW USER\\\\Desktop\\\\download (2)\\\\dataconnect\": could not find dataconnect.yaml in `c:\\Users\\NEW USER\\Desktop\\download (2)\\dataconnect`\n"}}
[debug] [2026-06-08T13:45:54.130Z] E0608 14:45:54.130015   20612 watch.go:40] Failed to load config from "c:\\Users\\NEW USER\\Desktop\\download (2)\\dataconnect": could not find dataconnect.yaml in `c:\Users\NEW USER\Desktop\download (2)\dataconnect`
 {"metadata":{"emulator":{"name":"dataconnect"},"message":"E0608 14:45:54.130015   20612 watch.go:40] Failed to load config from \"c:\\\\Users\\\\NEW USER\\\\Desktop\\\\download (2)\\\\dataconnect\": could not find dataconnect.yaml in `c:\\Users\\NEW USER\\Desktop\\download (2)\\dataconnect`\n"}}
[debug] [2026-06-08T13:46:04.128Z] E0608 14:46:04.128210   20612 watch.go:116] watchAllDir unable to walk dir `c:\Users\NEW USER\Desktop\download (2)\dataconnect`: GetFileAttributesEx c:\Users\NEW USER\Desktop\download (2)\dataconnect: The system cannot find the file specified.
 {"metadata":{"emulator":{"name":"dataconnect"},"message":"E0608 14:46:04.128210   20612 watch.go:116] watchAllDir unable to walk dir `c:\\Users\\NEW USER\\Desktop\\download (2)\\dataconnect`: GetFileAttributesEx c:\\Users\\NEW USER\\Desktop\\download (2)\\dataconnect: The system cannot find the file specified.\n"}}
[debug] [2026-06-08T13:46:04.129Z] E0608 14:46:04.128726   20612 watch.go:40] Failed to load config from "c:\\Users\\NEW USER\\Desktop\\download (2)\\dataconnect": could not find dataconnect.yaml in `c:\Users\NEW USER\Desktop\download (2)\dataconnect`
 {"metadata":{"emulator":{"name":"dataconnect"},"message":"E0608 14:46:04.128726   20612 watch.go:40] Failed to load config from \"c:\\\\Users\\\\NEW USER\\\\Desktop\\\\download (2)\\\\dataconnect\": could not find dataconnect.yaml in `c:\\Users\\NEW USER\\Desktop\\download (2)\\dataconnect`\n"}}
[debug] [2026-06-08T13:46:14.128Z] E0608 14:46:14.128430   20612 watch.go:40] Failed to load config from "c:\\Users\\NEW USER\\Desktop\\download (2)\\dataconnect": could not find dataconnect.yaml in `c:\Users\NEW USER\Desktop\download (2)\dataconnect`
 {"metadata":{"emulator":{"name":"dataconnect"},"message":"E0608 14:46:14.128430   20612 watch.go:40] Failed to load config from \"c:\\\\Users\\\\NEW USER\\\\Desktop\\\\download (2)\\\\dataconnect\": could not find dataconnect.yaml in `c:\\Users\\NEW USER\\Desktop\\download (2)\\dataconnect`\n"}}
[debug] [2026-06-08T13:46:24.129Z] E0608 14:46:24.128431   20612 watch.go:40] Failed to load config from "c:\\Users\\NEW USER\\Desktop\\download (2)\\dataconnect": could not find dataconnect.yaml in `c:\Users\NEW USER\Desktop\download (2)\dataconnect`
 {"metadata":{"emulator":{"name":"dataconnect"},"message":"E0608 14:46:24.128431   20612 watch.go:40] Failed to load config from \"c:\\\\Users\\\\NEW USER\\\\Desktop\\\\download (2)\\\\dataconnect\": could not find dataconnect.yaml in `c:\\Users\\NEW USER\\Desktop\\download (2)\\dataconnect`\n"}}
[debug] [2026-06-08T13:46:34.129Z] E0608 14:46:34.128722   20612 watch.go:40] Failed to load config from "c:\\Users\\NEW USER\\Desktop\\download (2)\\dataconnect": could not find dataconnect.yaml in `c:\Users\NEW USER\Desktop\download (2)\dataconnect`
 {"metadata":{"emulator":{"name":"dataconnect"},"message":"E0608 14:46:34.128722   20612 watch.go:40] Failed to load config from \"c:\\\\Users\\\\NEW USER\\\\Desktop\\\\download (2)\\\\dataconnect\": could not find dataconnect.yaml in `c:\\Users\\NEW USER\\Desktop\\download (2)\\dataconnect`\n"}}
[debug] [2026-06-08T13:46:44.128Z] E0608 14:46:44.128348   20612 watch.go:40] Failed to load config from "c:\\Users\\NEW USER\\Desktop\\download (2)\\dataconnect": could not find dataconnect.yaml in `c:\Users\NEW USER\Desktop\download (2)\dataconnect`
 {"metadata":{"emulator":{"name":"dataconnect"},"message":"E0608 14:46:44.128348   20612 watch.go:40] Failed to load config from \"c:\\\\Users\\\\NEW USER\\\\Desktop\\\\download (2)\\\\dataconnect\": could not find dataconnect.yaml in `c:\\Users\\NEW USER\\Desktop\\download (2)\\dataconnect`\n"}}
[debug] [2026-06-08T13:46:54.128Z] E0608 14:46:54.128134   20612 watch.go:40] Failed to load config from "c:\\Users\\NEW USER\\Desktop\\download (2)\\dataconnect": could not find dataconnect.yaml in `c:\Users\NEW USER\Desktop\download (2)\dataconnect`
 {"metadata":{"emulator":{"name":"dataconnect"},"message":"E0608 14:46:54.128134   20612 watch.go:40] Failed to load config from \"c:\\\\Users\\\\NEW USER\\\\Desktop\\\\download (2)\\\\dataconnect\": could not find dataconnect.yaml in `c:\\Users\\NEW USER\\Desktop\\download (2)\\dataconnect`\n"}}
[debug] [2026-06-08T13:47:04.128Z] E0608 14:47:04.128373   20612 watch.go:116] watchAllDir unable to walk dir `c:\Users\NEW USER\Desktop\download (2)\dataconnect`: GetFileAttributesEx c:\Users\NEW USER\Desktop\download (2)\dataconnect: The system cannot find the file specified.
 {"metadata":{"emulator":{"name":"dataconnect"},"message":"E0608 14:47:04.128373   20612 watch.go:116] watchAllDir unable to walk dir `c:\\Users\\NEW USER\\Desktop\\download (2)\\dataconnect`: GetFileAttributesEx c:\\Users\\NEW USER\\Desktop\\download (2)\\dataconnect: The system cannot find the file specified.\n"}}
[debug] [2026-06-08T13:47:04.129Z] E0608 14:47:04.128373   20612 watch.go:40] Failed to load config from "c:\\Users\\NEW USER\\Desktop\\download (2)\\dataconnect": could not find dataconnect.yaml in `c:\Users\NEW USER\Desktop\download (2)\dataconnect`
 {"metadata":{"emulator":{"name":"dataconnect"},"message":"E0608 14:47:04.128373   20612 watch.go:40] Failed to load config from \"c:\\\\Users\\\\NEW USER\\\\Desktop\\\\download (2)\\\\dataconnect\": could not find dataconnect.yaml in `c:\\Users\\NEW USER\\Desktop\\download (2)\\dataconnect`\n"}}
[debug] [2026-06-08T13:47:14.128Z] E0608 14:47:14.128720   20612 watch.go:40] Failed to load config from "c:\\Users\\NEW USER\\Desktop\\download (2)\\dataconnect": could not find dataconnect.yaml in `c:\Users\NEW USER\Desktop\download (2)\dataconnect`
 {"metadata":{"emulator":{"name":"dataconnect"},"message":"E0608 14:47:14.128720   20612 watch.go:40] Failed to load config from \"c:\\\\Users\\\\NEW USER\\\\Desktop\\\\download (2)\\\\dataconnect\": could not find dataconnect.yaml in `c:\\Users\\NEW USER\\Desktop\\download (2)\\dataconnect`\n"}}
[debug] [2026-06-08T13:47:24.128Z] E0608 14:47:24.128042   20612 watch.go:40] Failed to load config from "c:\\Users\\NEW USER\\Desktop\\download (2)\\dataconnect": could not find dataconnect.yaml in `c:\Users\NEW USER\Desktop\download (2)\dataconnect`
 {"metadata":{"emulator":{"name":"dataconnect"},"message":"E0608 14:47:24.128042   20612 watch.go:40] Failed to load config from \"c:\\\\Users\\\\NEW USER\\\\Desktop\\\\download (2)\\\\dataconnect\": could not find dataconnect.yaml in `c:\\Users\\NEW USER\\Desktop\\download (2)\\dataconnect`\n"}}
[debug] [2026-06-08T13:47:34.128Z] E0608 14:47:34.128316   20612 watch.go:40] Failed to load config from "c:\\Users\\NEW USER\\Desktop\\download (2)\\dataconnect": could not find dataconnect.yaml in `c:\Users\NEW USER\Desktop\download (2)\dataconnect`
 {"metadata":{"emulator":{"name":"dataconnect"},"message":"E0608 14:47:34.128316   20612 watch.go:40] Failed to load config from \"c:\\\\Users\\\\NEW USER\\\\Desktop\\\\download (2)\\\\dataconnect\": could not find dataconnect.yaml in `c:\\Users\\NEW USER\\Desktop\\download (2)\\dataconnect`\n"}}
[debug] [2026-06-08T13:47:44.129Z] E0608 14:47:44.128770   20612 watch.go:40] Failed to load config from "c:\\Users\\NEW USER\\Desktop\\download (2)\\dataconnect": could not find dataconnect.yaml in `c:\Users\NEW USER\Desktop\download (2)\dataconnect`
 {"metadata":{"emulator":{"name":"dataconnect"},"message":"E0608 14:47:44.128770   20612 watch.go:40] Failed to load config from \"c:\\\\Users\\\\NEW USER\\\\Desktop\\\\download (2)\\\\dataconnect\": could not find dataconnect.yaml in `c:\\Users\\NEW USER\\Desktop\\download (2)\\dataconnect`\n"}}
[debug] [2026-06-08T13:47:54.129Z] E0608 14:47:54.129380   20612 watch.go:40] Failed to load config from "c:\\Users\\NEW USER\\Desktop\\download (2)\\dataconnect": could not find dataconnect.yaml in `c:\Users\NEW USER\Desktop\download (2)\dataconnect`
 {"metadata":{"emulator":{"name":"dataconnect"},"message":"E0608 14:47:54.129380   20612 watch.go:40] Failed to load config from \"c:\\\\Users\\\\NEW USER\\\\Desktop\\\\download (2)\\\\dataconnect\": could not find dataconnect.yaml in `c:\\Users\\NEW USER\\Desktop\\download (2)\\dataconnect`\n"}}
[debug] [2026-06-08T13:48:04.128Z] E0608 14:48:04.128522   20612 watch.go:116] watchAllDir unable to walk dir `c:\Users\NEW USER\Desktop\download (2)\dataconnect`: GetFileAttributesEx c:\Users\NEW USER\Desktop\download (2)\dataconnect: The system cannot find the file specified.
 {"metadata":{"emulator":{"name":"dataconnect"},"message":"E0608 14:48:04.128522   20612 watch.go:116] watchAllDir unable to walk dir `c:\\Users\\NEW USER\\Desktop\\download (2)\\dataconnect`: GetFileAttributesEx c:\\Users\\NEW USER\\Desktop\\download (2)\\dataconnect: The system cannot find the file specified.\n"}}
[debug] [2026-06-08T13:48:04.129Z] E0608 14:48:04.128522   20612 watch.go:40] Failed to load config from "c:\\Users\\NEW USER\\Desktop\\download (2)\\dataconnect": could not find dataconnect.yaml in `c:\Users\NEW USER\Desktop\download (2)\dataconnect`
 {"metadata":{"emulator":{"name":"dataconnect"},"message":"E0608 14:48:04.128522   20612 watch.go:40] Failed to load config from \"c:\\\\Users\\\\NEW USER\\\\Desktop\\\\download (2)\\\\dataconnect\": could not find dataconnect.yaml in `c:\\Users\\NEW USER\\Desktop\\download (2)\\dataconnect`\n"}}
[debug] [2026-06-08T13:48:14.128Z] E0608 14:48:14.128585   20612 watch.go:40] Failed to load config from "c:\\Users\\NEW USER\\Desktop\\download (2)\\dataconnect": could not find dataconnect.yaml in `c:\Users\NEW USER\Desktop\download (2)\dataconnect`
 {"metadata":{"emulator":{"name":"dataconnect"},"message":"E0608 14:48:14.128585   20612 watch.go:40] Failed to load config from \"c:\\\\Users\\\\NEW USER\\\\Desktop\\\\download (2)\\\\dataconnect\": could not find dataconnect.yaml in `c:\\Users\\NEW USER\\Desktop\\download (2)\\dataconnect`\n"}}
[debug] [2026-06-08T13:48:24.129Z] E0608 14:48:24.128890   20612 watch.go:40] Failed to load config from "c:\\Users\\NEW USER\\Desktop\\download (2)\\dataconnect": could not find dataconnect.yaml in `c:\Users\NEW USER\Desktop\download (2)\dataconnect`
 {"metadata":{"emulator":{"name":"dataconnect"},"message":"E0608 14:48:24.128890   20612 watch.go:40] Failed to load config from \"c:\\\\Users\\\\NEW USER\\\\Desktop\\\\download (2)\\\\dataconnect\": could not find dataconnect.yaml in `c:\\Users\\NEW USER\\Desktop\\download (2)\\dataconnect`\n"}}
[debug] [2026-06-08T13:48:34.128Z] E0608 14:48:34.128103   20612 watch.go:40] Failed to load config from "c:\\Users\\NEW USER\\Desktop\\download (2)\\dataconnect": could not find dataconnect.yaml in `c:\Users\NEW USER\Desktop\download (2)\dataconnect`
 {"metadata":{"emulator":{"name":"dataconnect"},"message":"E0608 14:48:34.128103   20612 watch.go:40] Failed to load config from \"c:\\\\Users\\\\NEW USER\\\\Desktop\\\\download (2)\\\\dataconnect\": could not find dataconnect.yaml in `c:\\Users\\NEW USER\\Desktop\\download (2)\\dataconnect`\n"}}
[debug] [2026-06-08T13:48:44.129Z] E0608 14:48:44.128894   20612 watch.go:40] Failed to load config from "c:\\Users\\NEW USER\\Desktop\\download (2)\\dataconnect": could not find dataconnect.yaml in `c:\Users\NEW USER\Desktop\download (2)\dataconnect`
 {"metadata":{"emulator":{"name":"dataconnect"},"message":"E0608 14:48:44.128894   20612 watch.go:40] Failed to load config from \"c:\\\\Users\\\\NEW USER\\\\Desktop\\\\download (2)\\\\dataconnect\": could not find dataconnect.yaml in `c:\\Users\\NEW USER\\Desktop\\download (2)\\dataconnect`\n"}}
[debug] [2026-06-08T13:48:54.129Z] E0608 14:48:54.129750   20612 watch.go:40] Failed to load config from "c:\\Users\\NEW USER\\Desktop\\download (2)\\dataconnect": could not find dataconnect.yaml in `c:\Users\NEW USER\Desktop\download (2)\dataconnect`
 {"metadata":{"emulator":{"name":"dataconnect"},"message":"E0608 14:48:54.129750   20612 watch.go:40] Failed to load config from \"c:\\\\Users\\\\NEW USER\\\\Desktop\\\\download (2)\\\\dataconnect\": could not find dataconnect.yaml in `c:\\Users\\NEW USER\\Desktop\\download (2)\\dataconnect`\n"}}
[debug] [2026-06-08T13:49:04.128Z] E0608 14:49:04.129135   20612 watch.go:116] watchAllDir unable to walk dir `c:\Users\NEW USER\Desktop\download (2)\dataconnect`: GetFileAttributesEx c:\Users\NEW USER\Desktop\download (2)\dataconnect: The system cannot find the file specified.
 {"metadata":{"emulator":{"name":"dataconnect"},"message":"E0608 14:49:04.129135   20612 watch.go:116] watchAllDir unable to walk dir `c:\\Users\\NEW USER\\Desktop\\download (2)\\dataconnect`: GetFileAttributesEx c:\\Users\\NEW USER\\Desktop\\download (2)\\dataconnect: The system cannot find the file specified.\n"}}
[debug] [2026-06-08T13:49:04.131Z] E0608 14:49:04.130209   20612 watch.go:40] Failed to load config from "c:\\Users\\NEW USER\\Desktop\\download (2)\\dataconnect": could not find dataconnect.yaml in `c:\Users\NEW USER\Desktop\download (2)\dataconnect`
 {"metadata":{"emulator":{"name":"dataconnect"},"message":"E0608 14:49:04.130209   20612 watch.go:40] Failed to load config from \"c:\\\\Users\\\\NEW USER\\\\Desktop\\\\download (2)\\\\dataconnect\": could not find dataconnect.yaml in `c:\\Users\\NEW USER\\Desktop\\download (2)\\dataconnect`\n"}}
[debug] [2026-06-08T13:49:14.128Z] E0608 14:49:14.128914   20612 watch.go:40] Failed to load config from "c:\\Users\\NEW USER\\Desktop\\download (2)\\dataconnect": could not find dataconnect.yaml in `c:\Users\NEW USER\Desktop\download (2)\dataconnect`
 {"metadata":{"emulator":{"name":"dataconnect"},"message":"E0608 14:49:14.128914   20612 watch.go:40] Failed to load config from \"c:\\\\Users\\\\NEW USER\\\\Desktop\\\\download (2)\\\\dataconnect\": could not find dataconnect.yaml in `c:\\Users\\NEW USER\\Desktop\\download (2)\\dataconnect`\n"}}
[debug] [2026-06-08T13:49:24.129Z] E0608 14:49:24.129405   20612 watch.go:40] Failed to load config from "c:\\Users\\NEW USER\\Desktop\\download (2)\\dataconnect": could not find dataconnect.yaml in `c:\Users\NEW USER\Desktop\download (2)\dataconnect`
 {"metadata":{"emulator":{"name":"dataconnect"},"message":"E0608 14:49:24.129405   20612 watch.go:40] Failed to load config from \"c:\\\\Users\\\\NEW USER\\\\Desktop\\\\download (2)\\\\dataconnect\": could not find dataconnect.yaml in `c:\\Users\\NEW USER\\Desktop\\download (2)\\dataconnect`\n"}}
[debug] [2026-06-08T13:49:34.128Z] E0608 14:49:34.128827   20612 watch.go:40] Failed to load config from "c:\\Users\\NEW USER\\Desktop\\download (2)\\dataconnect": could not find dataconnect.yaml in `c:\Users\NEW USER\Desktop\download (2)\dataconnect`
 {"metadata":{"emulator":{"name":"dataconnect"},"message":"E0608 14:49:34.128827   20612 watch.go:40] Failed to load config from \"c:\\\\Users\\\\NEW USER\\\\Desktop\\\\download (2)\\\\dataconnect\": could not find dataconnect.yaml in `c:\\Users\\NEW USER\\Desktop\\download (2)\\dataconnect`\n"}}
[debug] [2026-06-08T13:49:44.128Z] E0608 14:49:44.128399   20612 watch.go:40] Failed to load config from "c:\\Users\\NEW USER\\Desktop\\download (2)\\dataconnect": could not find dataconnect.yaml in `c:\Users\NEW USER\Desktop\download (2)\dataconnect`
 {"metadata":{"emulator":{"name":"dataconnect"},"message":"E0608 14:49:44.128399   20612 watch.go:40] Failed to load config from \"c:\\\\Users\\\\NEW USER\\\\Desktop\\\\download (2)\\\\dataconnect\": could not find dataconnect.yaml in `c:\\Users\\NEW USER\\Desktop\\download (2)\\dataconnect`\n"}}
[debug] [2026-06-08T13:49:54.129Z] E0608 14:49:54.129086   20612 watch.go:40] Failed to load config from "c:\\Users\\NEW USER\\Desktop\\download (2)\\dataconnect": could not find dataconnect.yaml in `c:\Users\NEW USER\Desktop\download (2)\dataconnect`
 {"metadata":{"emulator":{"name":"dataconnect"},"message":"E0608 14:49:54.129086   20612 watch.go:40] Failed to load config from \"c:\\\\Users\\\\NEW USER\\\\Desktop\\\\download (2)\\\\dataconnect\": could not find dataconnect.yaml in `c:\\Users\\NEW USER\\Desktop\\download (2)\\dataconnect`\n"}}
[debug] [2026-06-08T13:50:04.128Z] E0608 14:50:04.128673   20612 watch.go:116] watchAllDir unable to walk dir `c:\Users\NEW USER\Desktop\download (2)\dataconnect`: GetFileAttributesEx c:\Users\NEW USER\Desktop\download (2)\dataconnect: The system cannot find the file specified.
 {"metadata":{"emulator":{"name":"dataconnect"},"message":"E0608 14:50:04.128673   20612 watch.go:116] watchAllDir unable to walk dir `c:\\Users\\NEW USER\\Desktop\\download (2)\\dataconnect`: GetFileAttributesEx c:\\Users\\NEW USER\\Desktop\\download (2)\\dataconnect: The system cannot find the file specified.\n"}}
[debug] [2026-06-08T13:50:04.129Z] E0608 14:50:04.128673   20612 watch.go:40] Failed to load config from "c:\\Users\\NEW USER\\Desktop\\download (2)\\dataconnect": could not find dataconnect.yaml in `c:\Users\NEW USER\Desktop\download (2)\dataconnect`
 {"metadata":{"emulator":{"name":"dataconnect"},"message":"E0608 14:50:04.128673   20612 watch.go:40] Failed to load config from \"c:\\\\Users\\\\NEW USER\\\\Desktop\\\\download (2)\\\\dataconnect\": could not find dataconnect.yaml in `c:\\Users\\NEW USER\\Desktop\\download (2)\\dataconnect`\n"}}
[debug] [2026-06-08T13:50:14.128Z] E0608 14:50:14.128478   20612 watch.go:40] Failed to load config from "c:\\Users\\NEW USER\\Desktop\\download (2)\\dataconnect": could not find dataconnect.yaml in `c:\Users\NEW USER\Desktop\download (2)\dataconnect`
 {"metadata":{"emulator":{"name":"dataconnect"},"message":"E0608 14:50:14.128478   20612 watch.go:40] Failed to load config from \"c:\\\\Users\\\\NEW USER\\\\Desktop\\\\download (2)\\\\dataconnect\": could not find dataconnect.yaml in `c:\\Users\\NEW USER\\Desktop\\download (2)\\dataconnect`\n"}}
[debug] [2026-06-08T13:50:24.128Z] E0608 14:50:24.128202   20612 watch.go:40] Failed to load config from "c:\\Users\\NEW USER\\Desktop\\download (2)\\dataconnect": could not find dataconnect.yaml in `c:\Users\NEW USER\Desktop\download (2)\dataconnect`
 {"metadata":{"emulator":{"name":"dataconnect"},"message":"E0608 14:50:24.128202   20612 watch.go:40] Failed to load config from \"c:\\\\Users\\\\NEW USER\\\\Desktop\\\\download (2)\\\\dataconnect\": could not find dataconnect.yaml in `c:\\Users\\NEW USER\\Desktop\\download (2)\\dataconnect`\n"}}
[debug] [2026-06-08T13:50:34.128Z] E0608 14:50:34.128241   20612 watch.go:40] Failed to load config from "c:\\Users\\NEW USER\\Desktop\\download (2)\\dataconnect": could not find dataconnect.yaml in `c:\Users\NEW USER\Desktop\download (2)\dataconnect`
 {"metadata":{"emulator":{"name":"dataconnect"},"message":"E0608 14:50:34.128241   20612 watch.go:40] Failed to load config from \"c:\\\\Users\\\\NEW USER\\\\Desktop\\\\download (2)\\\\dataconnect\": could not find dataconnect.yaml in `c:\\Users\\NEW USER\\Desktop\\download (2)\\dataconnect`\n"}}
[debug] [2026-06-08T13:50:44.128Z] E0608 14:50:44.128430   20612 watch.go:40] Failed to load config from "c:\\Users\\NEW USER\\Desktop\\download (2)\\dataconnect": could not find dataconnect.yaml in `c:\Users\NEW USER\Desktop\download (2)\dataconnect`
 {"metadata":{"emulator":{"name":"dataconnect"},"message":"E0608 14:50:44.128430   20612 watch.go:40] Failed to load config from \"c:\\\\Users\\\\NEW USER\\\\Desktop\\\\download (2)\\\\dataconnect\": could not find dataconnect.yaml in `c:\\Users\\NEW USER\\Desktop\\download (2)\\dataconnect`\n"}}
[debug] [2026-06-08T13:50:54.128Z] E0608 14:50:54.128207   20612 watch.go:40] Failed to load config from "c:\\Users\\NEW USER\\Desktop\\download (2)\\dataconnect": could not find dataconnect.yaml in `c:\Users\NEW USER\Desktop\download (2)\dataconnect`
 {"metadata":{"emulator":{"name":"dataconnect"},"message":"E0608 14:50:54.128207   20612 watch.go:40] Failed to load config from \"c:\\\\Users\\\\NEW USER\\\\Desktop\\\\download (2)\\\\dataconnect\": could not find dataconnect.yaml in `c:\\Users\\NEW USER\\Desktop\\download (2)\\dataconnect`\n"}}
[debug] [2026-06-08T13:51:04.129Z] E0608 14:51:04.128880   20612 watch.go:116] watchAllDir unable to walk dir `c:\Users\NEW USER\Desktop\download (2)\dataconnect`: GetFileAttributesEx c:\Users\NEW USER\Desktop\download (2)\dataconnect: The system cannot find the file specified.
 {"metadata":{"emulator":{"name":"dataconnect"},"message":"E0608 14:51:04.128880   20612 watch.go:116] watchAllDir unable to walk dir `c:\\Users\\NEW USER\\Desktop\\download (2)\\dataconnect`: GetFileAttributesEx c:\\Users\\NEW USER\\Desktop\\download (2)\\dataconnect: The system cannot find the file specified.\n"}}
[debug] [2026-06-08T13:51:04.131Z] E0608 14:51:04.129475   20612 watch.go:40] Failed to load config from "c:\\Users\\NEW USER\\Desktop\\download (2)\\dataconnect": could not find dataconnect.yaml in `c:\Users\NEW USER\Desktop\download (2)\dataconnect`
 {"metadata":{"emulator":{"name":"dataconnect"},"message":"E0608 14:51:04.129475   20612 watch.go:40] Failed to load config from \"c:\\\\Users\\\\NEW USER\\\\Desktop\\\\download (2)\\\\dataconnect\": could not find dataconnect.yaml in `c:\\Users\\NEW USER\\Desktop\\download (2)\\dataconnect`\n"}}
[debug] [2026-06-08T13:51:14.129Z] E0608 14:51:14.129730   20612 watch.go:40] Failed to load config from "c:\\Users\\NEW USER\\Desktop\\download (2)\\dataconnect": could not find dataconnect.yaml in `c:\Users\NEW USER\Desktop\download (2)\dataconnect`
 {"metadata":{"emulator":{"name":"dataconnect"},"message":"E0608 14:51:14.129730   20612 watch.go:40] Failed to load config from \"c:\\\\Users\\\\NEW USER\\\\Desktop\\\\download (2)\\\\dataconnect\": could not find dataconnect.yaml in `c:\\Users\\NEW USER\\Desktop\\download (2)\\dataconnect`\n"}}
[debug] [2026-06-08T13:51:24.129Z] E0608 14:51:24.129284   20612 watch.go:40] Failed to load config from "c:\\Users\\NEW USER\\Desktop\\download (2)\\dataconnect": could not find dataconnect.yaml in `c:\Users\NEW USER\Desktop\download (2)\dataconnect`
 {"metadata":{"emulator":{"name":"dataconnect"},"message":"E0608 14:51:24.129284   20612 watch.go:40] Failed to load config from \"c:\\\\Users\\\\NEW USER\\\\Desktop\\\\download (2)\\\\dataconnect\": could not find dataconnect.yaml in `c:\\Users\\NEW USER\\Desktop\\download (2)\\dataconnect`\n"}}
[debug] [2026-06-08T13:51:34.128Z] E0608 14:51:34.128202   20612 watch.go:40] Failed to load config from "c:\\Users\\NEW USER\\Desktop\\download (2)\\dataconnect": could not find dataconnect.yaml in `c:\Users\NEW USER\Desktop\download (2)\dataconnect`
 {"metadata":{"emulator":{"name":"dataconnect"},"message":"E0608 14:51:34.128202   20612 watch.go:40] Failed to load config from \"c:\\\\Users\\\\NEW USER\\\\Desktop\\\\download (2)\\\\dataconnect\": could not find dataconnect.yaml in `c:\\Users\\NEW USER\\Desktop\\download (2)\\dataconnect`\n"}}
[debug] [2026-06-08T13:51:44.130Z] E0608 14:51:44.129677   20612 watch.go:40] Failed to load config from "c:\\Users\\NEW USER\\Desktop\\download (2)\\dataconnect": could not find dataconnect.yaml in `c:\Users\NEW USER\Desktop\download (2)\dataconnect`
 {"metadata":{"emulator":{"name":"dataconnect"},"message":"E0608 14:51:44.129677   20612 watch.go:40] Failed to load config from \"c:\\\\Users\\\\NEW USER\\\\Desktop\\\\download (2)\\\\dataconnect\": could not find dataconnect.yaml in `c:\\Users\\NEW USER\\Desktop\\download (2)\\dataconnect`\n"}}
[debug] [2026-06-08T13:51:54.129Z] E0608 14:51:54.129409   20612 watch.go:40] Failed to load config from "c:\\Users\\NEW USER\\Desktop\\download (2)\\dataconnect": could not find dataconnect.yaml in `c:\Users\NEW USER\Desktop\download (2)\dataconnect`
 {"metadata":{"emulator":{"name":"dataconnect"},"message":"E0608 14:51:54.129409   20612 watch.go:40] Failed to load config from \"c:\\\\Users\\\\NEW USER\\\\Desktop\\\\download (2)\\\\dataconnect\": could not find dataconnect.yaml in `c:\\Users\\NEW USER\\Desktop\\download (2)\\dataconnect`\n"}}
[debug] [2026-06-08T13:52:04.128Z] E0608 14:52:04.128362   20612 watch.go:116] watchAllDir unable to walk dir `c:\Users\NEW USER\Desktop\download (2)\dataconnect`: GetFileAttributesEx c:\Users\NEW USER\Desktop\download (2)\dataconnect: The system cannot find the file specified.
 {"metadata":{"emulator":{"name":"dataconnect"},"message":"E0608 14:52:04.128362   20612 watch.go:116] watchAllDir unable to walk dir `c:\\Users\\NEW USER\\Desktop\\download (2)\\dataconnect`: GetFileAttributesEx c:\\Users\\NEW USER\\Desktop\\download (2)\\dataconnect: The system cannot find the file specified.\n"}}
[debug] [2026-06-08T13:52:04.129Z] E0608 14:52:04.128362   20612 watch.go:40] Failed to load config from "c:\\Users\\NEW USER\\Desktop\\download (2)\\dataconnect": could not find dataconnect.yaml in `c:\Users\NEW USER\Desktop\download (2)\dataconnect`
 {"metadata":{"emulator":{"name":"dataconnect"},"message":"E0608 14:52:04.128362   20612 watch.go:40] Failed to load config from \"c:\\\\Users\\\\NEW USER\\\\Desktop\\\\download (2)\\\\dataconnect\": could not find dataconnect.yaml in `c:\\Users\\NEW USER\\Desktop\\download (2)\\dataconnect`\n"}}
[debug] [2026-06-08T13:52:14.128Z] E0608 14:52:14.128570   20612 watch.go:40] Failed to load config from "c:\\Users\\NEW USER\\Desktop\\download (2)\\dataconnect": could not find dataconnect.yaml in `c:\Users\NEW USER\Desktop\download (2)\dataconnect`
 {"metadata":{"emulator":{"name":"dataconnect"},"message":"E0608 14:52:14.128570   20612 watch.go:40] Failed to load config from \"c:\\\\Users\\\\NEW USER\\\\Desktop\\\\download (2)\\\\dataconnect\": could not find dataconnect.yaml in `c:\\Users\\NEW USER\\Desktop\\download (2)\\dataconnect`\n"}}
[debug] [2026-06-08T13:52:24.128Z] E0608 14:52:24.128799   20612 watch.go:40] Failed to load config from "c:\\Users\\NEW USER\\Desktop\\download (2)\\dataconnect": could not find dataconnect.yaml in `c:\Users\NEW USER\Desktop\download (2)\dataconnect`
 {"metadata":{"emulator":{"name":"dataconnect"},"message":"E0608 14:52:24.128799   20612 watch.go:40] Failed to load config from \"c:\\\\Users\\\\NEW USER\\\\Desktop\\\\download (2)\\\\dataconnect\": could not find dataconnect.yaml in `c:\\Users\\NEW USER\\Desktop\\download (2)\\dataconnect`\n"}}
[debug] [2026-06-08T13:52:34.130Z] E0608 14:52:34.129999   20612 watch.go:40] Failed to load config from "c:\\Users\\NEW USER\\Desktop\\download (2)\\dataconnect": could not find dataconnect.yaml in `c:\Users\NEW USER\Desktop\download (2)\dataconnect`
 {"metadata":{"emulator":{"name":"dataconnect"},"message":"E0608 14:52:34.129999   20612 watch.go:40] Failed to load config from \"c:\\\\Users\\\\NEW USER\\\\Desktop\\\\download (2)\\\\dataconnect\": could not find dataconnect.yaml in `c:\\Users\\NEW USER\\Desktop\\download (2)\\dataconnect`\n"}}
[debug] [2026-06-08T13:52:44.129Z] E0608 14:52:44.129003   20612 watch.go:40] Failed to load config from "c:\\Users\\NEW USER\\Desktop\\download (2)\\dataconnect": could not find dataconnect.yaml in `c:\Users\NEW USER\Desktop\download (2)\dataconnect`
 {"metadata":{"emulator":{"name":"dataconnect"},"message":"E0608 14:52:44.129003   20612 watch.go:40] Failed to load config from \"c:\\\\Users\\\\NEW USER\\\\Desktop\\\\download (2)\\\\dataconnect\": could not find dataconnect.yaml in `c:\\Users\\NEW USER\\Desktop\\download (2)\\dataconnect`\n"}}
[debug] [2026-06-08T13:52:54.129Z] E0608 14:52:54.128675   20612 watch.go:40] Failed to load config from "c:\\Users\\NEW USER\\Desktop\\download (2)\\dataconnect": could not find dataconnect.yaml in `c:\Users\NEW USER\Desktop\download (2)\dataconnect`
 {"metadata":{"emulator":{"name":"dataconnect"},"message":"E0608 14:52:54.128675   20612 watch.go:40] Failed to load config from \"c:\\\\Users\\\\NEW USER\\\\Desktop\\\\download (2)\\\\dataconnect\": could not find dataconnect.yaml in `c:\\Users\\NEW USER\\Desktop\\download (2)\\dataconnect`\n"}}
[debug] [2026-06-08T13:53:04.129Z] E0608 14:53:04.128717   20612 watch.go:116] watchAllDir unable to walk dir `c:\Users\NEW USER\Desktop\download (2)\dataconnect`: GetFileAttributesEx c:\Users\NEW USER\Desktop\download (2)\dataconnect: The system cannot find the file specified.
 {"metadata":{"emulator":{"name":"dataconnect"},"message":"E0608 14:53:04.128717   20612 watch.go:116] watchAllDir unable to walk dir `c:\\Users\\NEW USER\\Desktop\\download (2)\\dataconnect`: GetFileAttributesEx c:\\Users\\NEW USER\\Desktop\\download (2)\\dataconnect: The system cannot find the file specified.\n"}}
[debug] [2026-06-08T13:53:04.129Z] E0608 14:53:04.128717   20612 watch.go:40] Failed to load config from "c:\\Users\\NEW USER\\Desktop\\download (2)\\dataconnect": could not find dataconnect.yaml in `c:\Users\NEW USER\Desktop\download (2)\dataconnect`
 {"metadata":{"emulator":{"name":"dataconnect"},"message":"E0608 14:53:04.128717   20612 watch.go:40] Failed to load config from \"c:\\\\Users\\\\NEW USER\\\\Desktop\\\\download (2)\\\\dataconnect\": could not find dataconnect.yaml in `c:\\Users\\NEW USER\\Desktop\\download (2)\\dataconnect`\n"}}
[debug] [2026-06-08T13:53:14.128Z] E0608 14:53:14.128679   20612 watch.go:40] Failed to load config from "c:\\Users\\NEW USER\\Desktop\\download (2)\\dataconnect": could not find dataconnect.yaml in `c:\Users\NEW USER\Desktop\download (2)\dataconnect`
 {"metadata":{"emulator":{"name":"dataconnect"},"message":"E0608 14:53:14.128679   20612 watch.go:40] Failed to load config from \"c:\\\\Users\\\\NEW USER\\\\Desktop\\\\download (2)\\\\dataconnect\": could not find dataconnect.yaml in `c:\\Users\\NEW USER\\Desktop\\download (2)\\dataconnect`\n"}}
[debug] [2026-06-08T13:53:24.129Z] E0608 14:53:24.128622   20612 watch.go:40] Failed to load config from "c:\\Users\\NEW USER\\Desktop\\download (2)\\dataconnect": could not find dataconnect.yaml in `c:\Users\NEW USER\Desktop\download (2)\dataconnect`
 {"metadata":{"emulator":{"name":"dataconnect"},"message":"E0608 14:53:24.128622   20612 watch.go:40] Failed to load config from \"c:\\\\Users\\\\NEW USER\\\\Desktop\\\\download (2)\\\\dataconnect\": could not find dataconnect.yaml in `c:\\Users\\NEW USER\\Desktop\\download (2)\\dataconnect`\n"}}
[debug] [2026-06-08T13:53:34.128Z] E0608 14:53:34.128097   20612 watch.go:40] Failed to load config from "c:\\Users\\NEW USER\\Desktop\\download (2)\\dataconnect": could not find dataconnect.yaml in `c:\Users\NEW USER\Desktop\download (2)\dataconnect`
 {"metadata":{"emulator":{"name":"dataconnect"},"message":"E0608 14:53:34.128097   20612 watch.go:40] Failed to load config from \"c:\\\\Users\\\\NEW USER\\\\Desktop\\\\download (2)\\\\dataconnect\": could not find dataconnect.yaml in `c:\\Users\\NEW USER\\Desktop\\download (2)\\dataconnect`\n"}}
[debug] [2026-06-08T13:53:44.128Z] E0608 14:53:44.128136   20612 watch.go:40] Failed to load config from "c:\\Users\\NEW USER\\Desktop\\download (2)\\dataconnect": could not find dataconnect.yaml in `c:\Users\NEW USER\Desktop\download (2)\dataconnect`
 {"metadata":{"emulator":{"name":"dataconnect"},"message":"E0608 14:53:44.128136   20612 watch.go:40] Failed to load config from \"c:\\\\Users\\\\NEW USER\\\\Desktop\\\\download (2)\\\\dataconnect\": could not find dataconnect.yaml in `c:\\Users\\NEW USER\\Desktop\\download (2)\\dataconnect`\n"}}
[debug] [2026-06-08T13:53:54.129Z] E0608 14:53:54.128656   20612 watch.go:40] Failed to load config from "c:\\Users\\NEW USER\\Desktop\\download (2)\\dataconnect": could not find dataconnect.yaml in `c:\Users\NEW USER\Desktop\download (2)\dataconnect`
 {"metadata":{"emulator":{"name":"dataconnect"},"message":"E0608 14:53:54.128656   20612 watch.go:40] Failed to load config from \"c:\\\\Users\\\\NEW USER\\\\Desktop\\\\download (2)\\\\dataconnect\": could not find dataconnect.yaml in `c:\\Users\\NEW USER\\Desktop\\download (2)\\dataconnect`\n"}}
[debug] [2026-06-08T13:54:04.129Z] E0608 14:54:04.128538   20612 watch.go:116] watchAllDir unable to walk dir `c:\Users\NEW USER\Desktop\download (2)\dataconnect`: GetFileAttributesEx c:\Users\NEW USER\Desktop\download (2)\dataconnect: The system cannot find the file specified.
 {"metadata":{"emulator":{"name":"dataconnect"},"message":"E0608 14:54:04.128538   20612 watch.go:116] watchAllDir unable to walk dir `c:\\Users\\NEW USER\\Desktop\\download (2)\\dataconnect`: GetFileAttributesEx c:\\Users\\NEW USER\\Desktop\\download (2)\\dataconnect: The system cannot find the file specified.\n"}}
[debug] [2026-06-08T13:54:04.130Z] E0608 14:54:04.129363   20612 watch.go:40] Failed to load config from "c:\\Users\\NEW USER\\Desktop\\download (2)\\dataconnect": could not find dataconnect.yaml in `c:\Users\NEW USER\Desktop\download (2)\dataconnect`
 {"metadata":{"emulator":{"name":"dataconnect"},"message":"E0608 14:54:04.129363   20612 watch.go:40] Failed to load config from \"c:\\\\Users\\\\NEW USER\\\\Desktop\\\\download (2)\\\\dataconnect\": could not find dataconnect.yaml in `c:\\Users\\NEW USER\\Desktop\\download (2)\\dataconnect`\n"}}
[debug] [2026-06-08T13:54:14.128Z] E0608 14:54:14.128618   20612 watch.go:40] Failed to load config from "c:\\Users\\NEW USER\\Desktop\\download (2)\\dataconnect": could not find dataconnect.yaml in `c:\Users\NEW USER\Desktop\download (2)\dataconnect`
 {"metadata":{"emulator":{"name":"dataconnect"},"message":"E0608 14:54:14.128618   20612 watch.go:40] Failed to load config from \"c:\\\\Users\\\\NEW USER\\\\Desktop\\\\download (2)\\\\dataconnect\": could not find dataconnect.yaml in `c:\\Users\\NEW USER\\Desktop\\download (2)\\dataconnect`\n"}}
[debug] [2026-06-08T13:54:24.130Z] E0608 14:54:24.129351   20612 watch.go:40] Failed to load config from "c:\\Users\\NEW USER\\Desktop\\download (2)\\dataconnect": could not find dataconnect.yaml in `c:\Users\NEW USER\Desktop\download (2)\dataconnect`
 {"metadata":{"emulator":{"name":"dataconnect"},"message":"E0608 14:54:24.129351   20612 watch.go:40] Failed to load config from \"c:\\\\Users\\\\NEW USER\\\\Desktop\\\\download (2)\\\\dataconnect\": could not find dataconnect.yaml in `c:\\Users\\NEW USER\\Desktop\\download (2)\\dataconnect`\n"}}
[debug] [2026-06-08T13:54:34.129Z] E0608 14:54:34.129166   20612 watch.go:40] Failed to load config from "c:\\Users\\NEW USER\\Desktop\\download (2)\\dataconnect": could not find dataconnect.yaml in `c:\Users\NEW USER\Desktop\download (2)\dataconnect`
 {"metadata":{"emulator":{"name":"dataconnect"},"message":"E0608 14:54:34.129166   20612 watch.go:40] Failed to load config from \"c:\\\\Users\\\\NEW USER\\\\Desktop\\\\download (2)\\\\dataconnect\": could not find dataconnect.yaml in `c:\\Users\\NEW USER\\Desktop\\download (2)\\dataconnect`\n"}}
[debug] [2026-06-08T13:54:44.129Z] E0608 14:54:44.128532   20612 watch.go:40] Failed to load config from "c:\\Users\\NEW USER\\Desktop\\download (2)\\dataconnect": could not find dataconnect.yaml in `c:\Users\NEW USER\Desktop\download (2)\dataconnect`
 {"metadata":{"emulator":{"name":"dataconnect"},"message":"E0608 14:54:44.128532   20612 watch.go:40] Failed to load config from \"c:\\\\Users\\\\NEW USER\\\\Desktop\\\\download (2)\\\\dataconnect\": could not find dataconnect.yaml in `c:\\Users\\NEW USER\\Desktop\\download (2)\\dataconnect`\n"}}
[debug] [2026-06-08T13:54:54.128Z] E0608 14:54:54.128616   20612 watch.go:40] Failed to load config from "c:\\Users\\NEW USER\\Desktop\\download (2)\\dataconnect": could not find dataconnect.yaml in `c:\Users\NEW USER\Desktop\download (2)\dataconnect`
 {"metadata":{"emulator":{"name":"dataconnect"},"message":"E0608 14:54:54.128616   20612 watch.go:40] Failed to load config from \"c:\\\\Users\\\\NEW USER\\\\Desktop\\\\download (2)\\\\dataconnect\": could not find dataconnect.yaml in `c:\\Users\\NEW USER\\Desktop\\download (2)\\dataconnect`\n"}}
[debug] [2026-06-08T13:55:04.128Z] E0608 14:55:04.128418   20612 watch.go:116] watchAllDir unable to walk dir `c:\Users\NEW USER\Desktop\download (2)\dataconnect`: GetFileAttributesEx c:\Users\NEW USER\Desktop\download (2)\dataconnect: The system cannot find the file specified.
 {"metadata":{"emulator":{"name":"dataconnect"},"message":"E0608 14:55:04.128418   20612 watch.go:116] watchAllDir unable to walk dir `c:\\Users\\NEW USER\\Desktop\\download (2)\\dataconnect`: GetFileAttributesEx c:\\Users\\NEW USER\\Desktop\\download (2)\\dataconnect: The system cannot find the file specified.\n"}}
[debug] [2026-06-08T13:55:04.129Z] E0608 14:55:04.128418   20612 watch.go:40] Failed to load config from "c:\\Users\\NEW USER\\Desktop\\download (2)\\dataconnect": could not find dataconnect.yaml in `c:\Users\NEW USER\Desktop\download (2)\dataconnect`
 {"metadata":{"emulator":{"name":"dataconnect"},"message":"E0608 14:55:04.128418   20612 watch.go:40] Failed to load config from \"c:\\\\Users\\\\NEW USER\\\\Desktop\\\\download (2)\\\\dataconnect\": could not find dataconnect.yaml in `c:\\Users\\NEW USER\\Desktop\\download (2)\\dataconnect`\n"}}
[debug] [2026-06-08T13:55:14.128Z] E0608 14:55:14.128336   20612 watch.go:40] Failed to load config from "c:\\Users\\NEW USER\\Desktop\\download (2)\\dataconnect": could not find dataconnect.yaml in `c:\Users\NEW USER\Desktop\download (2)\dataconnect`
 {"metadata":{"emulator":{"name":"dataconnect"},"message":"E0608 14:55:14.128336   20612 watch.go:40] Failed to load config from \"c:\\\\Users\\\\NEW USER\\\\Desktop\\\\download (2)\\\\dataconnect\": could not find dataconnect.yaml in `c:\\Users\\NEW USER\\Desktop\\download (2)\\dataconnect`\n"}}
[debug] [2026-06-08T13:55:24.130Z] E0608 14:55:24.129526   20612 watch.go:40] Failed to load config from "c:\\Users\\NEW USER\\Desktop\\download (2)\\dataconnect": could not find dataconnect.yaml in `c:\Users\NEW USER\Desktop\download (2)\dataconnect`
 {"metadata":{"emulator":{"name":"dataconnect"},"message":"E0608 14:55:24.129526   20612 watch.go:40] Failed to load config from \"c:\\\\Users\\\\NEW USER\\\\Desktop\\\\download (2)\\\\dataconnect\": could not find dataconnect.yaml in `c:\\Users\\NEW USER\\Desktop\\download (2)\\dataconnect`\n"}}
[debug] [2026-06-08T13:55:34.128Z] E0608 14:55:34.128425   20612 watch.go:40] Failed to load config from "c:\\Users\\NEW USER\\Desktop\\download (2)\\dataconnect": could not find dataconnect.yaml in `c:\Users\NEW USER\Desktop\download (2)\dataconnect`
 {"metadata":{"emulator":{"name":"dataconnect"},"message":"E0608 14:55:34.128425   20612 watch.go:40] Failed to load config from \"c:\\\\Users\\\\NEW USER\\\\Desktop\\\\download (2)\\\\dataconnect\": could not find dataconnect.yaml in `c:\\Users\\NEW USER\\Desktop\\download (2)\\dataconnect`\n"}}
[debug] [2026-06-08T13:55:44.129Z] E0608 14:55:44.129225   20612 watch.go:40] Failed to load config from "c:\\Users\\NEW USER\\Desktop\\download (2)\\dataconnect": could not find dataconnect.yaml in `c:\Users\NEW USER\Desktop\download (2)\dataconnect`
 {"metadata":{"emulator":{"name":"dataconnect"},"message":"E0608 14:55:44.129225   20612 watch.go:40] Failed to load config from \"c:\\\\Users\\\\NEW USER\\\\Desktop\\\\download (2)\\\\dataconnect\": could not find dataconnect.yaml in `c:\\Users\\NEW USER\\Desktop\\download (2)\\dataconnect`\n"}}
[debug] [2026-06-08T13:55:54.129Z] E0608 14:55:54.128794   20612 watch.go:40] Failed to load config from "c:\\Users\\NEW USER\\Desktop\\download (2)\\dataconnect": could not find dataconnect.yaml in `c:\Users\NEW USER\Desktop\download (2)\dataconnect`
 {"metadata":{"emulator":{"name":"dataconnect"},"message":"E0608 14:55:54.128794   20612 watch.go:40] Failed to load config from \"c:\\\\Users\\\\NEW USER\\\\Desktop\\\\download (2)\\\\dataconnect\": could not find dataconnect.yaml in `c:\\Users\\NEW USER\\Desktop\\download (2)\\dataconnect`\n"}}
[debug] [2026-06-08T13:56:04.130Z] E0608 14:56:04.128692   20612 watch.go:116] watchAllDir unable to walk dir `c:\Users\NEW USER\Desktop\download (2)\dataconnect`: GetFileAttributesEx c:\Users\NEW USER\Desktop\download (2)\dataconnect: The system cannot find the file specified.
 {"metadata":{"emulator":{"name":"dataconnect"},"message":"E0608 14:56:04.128692   20612 watch.go:116] watchAllDir unable to walk dir `c:\\Users\\NEW USER\\Desktop\\download (2)\\dataconnect`: GetFileAttributesEx c:\\Users\\NEW USER\\Desktop\\download (2)\\dataconnect: The system cannot find the file specified.\n"}}
[debug] [2026-06-08T13:56:04.131Z] E0608 14:56:04.130948   20612 watch.go:40] Failed to load config from "c:\\Users\\NEW USER\\Desktop\\download (2)\\dataconnect": could not find dataconnect.yaml in `c:\Users\NEW USER\Desktop\download (2)\dataconnect`
 {"metadata":{"emulator":{"name":"dataconnect"},"message":"E0608 14:56:04.130948   20612 watch.go:40] Failed to load config from \"c:\\\\Users\\\\NEW USER\\\\Desktop\\\\download (2)\\\\dataconnect\": could not find dataconnect.yaml in `c:\\Users\\NEW USER\\Desktop\\download (2)\\dataconnect`\n"}}
[debug] [2026-06-08T13:56:14.129Z] E0608 14:56:14.128608   20612 watch.go:40] Failed to load config from "c:\\Users\\NEW USER\\Desktop\\download (2)\\dataconnect": could not find dataconnect.yaml in `c:\Users\NEW USER\Desktop\download (2)\dataconnect`
 {"metadata":{"emulator":{"name":"dataconnect"},"message":"E0608 14:56:14.128608   20612 watch.go:40] Failed to load config from \"c:\\\\Users\\\\NEW USER\\\\Desktop\\\\download (2)\\\\dataconnect\": could not find dataconnect.yaml in `c:\\Users\\NEW USER\\Desktop\\download (2)\\dataconnect`\n"}}
[debug] [2026-06-08T13:56:24.128Z] E0608 14:56:24.128251   20612 watch.go:40] Failed to load config from "c:\\Users\\NEW USER\\Desktop\\download (2)\\dataconnect": could not find dataconnect.yaml in `c:\Users\NEW USER\Desktop\download (2)\dataconnect`
 {"metadata":{"emulator":{"name":"dataconnect"},"message":"E0608 14:56:24.128251   20612 watch.go:40] Failed to load config from \"c:\\\\Users\\\\NEW USER\\\\Desktop\\\\download (2)\\\\dataconnect\": could not find dataconnect.yaml in `c:\\Users\\NEW USER\\Desktop\\download (2)\\dataconnect`\n"}}
[debug] [2026-06-08T13:56:34.128Z] E0608 14:56:34.128630   20612 watch.go:40] Failed to load config from "c:\\Users\\NEW USER\\Desktop\\download (2)\\dataconnect": could not find dataconnect.yaml in `c:\Users\NEW USER\Desktop\download (2)\dataconnect`
 {"metadata":{"emulator":{"name":"dataconnect"},"message":"E0608 14:56:34.128630   20612 watch.go:40] Failed to load config from \"c:\\\\Users\\\\NEW USER\\\\Desktop\\\\download (2)\\\\dataconnect\": could not find dataconnect.yaml in `c:\\Users\\NEW USER\\Desktop\\download (2)\\dataconnect`\n"}}
[debug] [2026-06-08T13:56:44.129Z] E0608 14:56:44.128810   20612 watch.go:40] Failed to load config from "c:\\Users\\NEW USER\\Desktop\\download (2)\\dataconnect": could not find dataconnect.yaml in `c:\Users\NEW USER\Desktop\download (2)\dataconnect`
 {"metadata":{"emulator":{"name":"dataconnect"},"message":"E0608 14:56:44.128810   20612 watch.go:40] Failed to load config from \"c:\\\\Users\\\\NEW USER\\\\Desktop\\\\download (2)\\\\dataconnect\": could not find dataconnect.yaml in `c:\\Users\\NEW USER\\Desktop\\download (2)\\dataconnect`\n"}}
[debug] [2026-06-08T13:56:54.128Z] E0608 14:56:54.128265   20612 watch.go:40] Failed to load config from "c:\\Users\\NEW USER\\Desktop\\download (2)\\dataconnect": could not find dataconnect.yaml in `c:\Users\NEW USER\Desktop\download (2)\dataconnect`
 {"metadata":{"emulator":{"name":"dataconnect"},"message":"E0608 14:56:54.128265   20612 watch.go:40] Failed to load config from \"c:\\\\Users\\\\NEW USER\\\\Desktop\\\\download (2)\\\\dataconnect\": could not find dataconnect.yaml in `c:\\Users\\NEW USER\\Desktop\\download (2)\\dataconnect`\n"}}
[debug] [2026-06-08T13:57:04.128Z] E0608 14:57:04.128102   20612 watch.go:116] watchAllDir unable to walk dir `c:\Users\NEW USER\Desktop\download (2)\dataconnect`: GetFileAttributesEx c:\Users\NEW USER\Desktop\download (2)\dataconnect: The system cannot find the file specified.
 {"metadata":{"emulator":{"name":"dataconnect"},"message":"E0608 14:57:04.128102   20612 watch.go:116] watchAllDir unable to walk dir `c:\\Users\\NEW USER\\Desktop\\download (2)\\dataconnect`: GetFileAttributesEx c:\\Users\\NEW USER\\Desktop\\download (2)\\dataconnect: The system cannot find the file specified.\n"}}
[debug] [2026-06-08T13:57:04.128Z] E0608 14:57:04.128102   20612 watch.go:40] Failed to load config from "c:\\Users\\NEW USER\\Desktop\\download (2)\\dataconnect": could not find dataconnect.yaml in `c:\Users\NEW USER\Desktop\download (2)\dataconnect`
 {"metadata":{"emulator":{"name":"dataconnect"},"message":"E0608 14:57:04.128102   20612 watch.go:40] Failed to load config from \"c:\\\\Users\\\\NEW USER\\\\Desktop\\\\download (2)\\\\dataconnect\": could not find dataconnect.yaml in `c:\\Users\\NEW USER\\Desktop\\download (2)\\dataconnect`\n"}}
[debug] [2026-06-08T13:57:14.130Z] E0608 14:57:14.129765   20612 watch.go:40] Failed to load config from "c:\\Users\\NEW USER\\Desktop\\download (2)\\dataconnect": could not find dataconnect.yaml in `c:\Users\NEW USER\Desktop\download (2)\dataconnect`
 {"metadata":{"emulator":{"name":"dataconnect"},"message":"E0608 14:57:14.129765   20612 watch.go:40] Failed to load config from \"c:\\\\Users\\\\NEW USER\\\\Desktop\\\\download (2)\\\\dataconnect\": could not find dataconnect.yaml in `c:\\Users\\NEW USER\\Desktop\\download (2)\\dataconnect`\n"}}
[debug] [2026-06-08T13:57:24.129Z] E0608 14:57:24.129362   20612 watch.go:40] Failed to load config from "c:\\Users\\NEW USER\\Desktop\\download (2)\\dataconnect": could not find dataconnect.yaml in `c:\Users\NEW USER\Desktop\download (2)\dataconnect`
 {"metadata":{"emulator":{"name":"dataconnect"},"message":"E0608 14:57:24.129362   20612 watch.go:40] Failed to load config from \"c:\\\\Users\\\\NEW USER\\\\Desktop\\\\download (2)\\\\dataconnect\": could not find dataconnect.yaml in `c:\\Users\\NEW USER\\Desktop\\download (2)\\dataconnect`\n"}}
[debug] [2026-06-08T13:57:34.130Z] E0608 14:57:34.129840   20612 watch.go:40] Failed to load config from "c:\\Users\\NEW USER\\Desktop\\download (2)\\dataconnect": could not find dataconnect.yaml in `c:\Users\NEW USER\Desktop\download (2)\dataconnect`
 {"metadata":{"emulator":{"name":"dataconnect"},"message":"E0608 14:57:34.129840   20612 watch.go:40] Failed to load config from \"c:\\\\Users\\\\NEW USER\\\\Desktop\\\\download (2)\\\\dataconnect\": could not find dataconnect.yaml in `c:\\Users\\NEW USER\\Desktop\\download (2)\\dataconnect`\n"}}
[debug] [2026-06-08T13:57:44.129Z] E0608 14:57:44.129086   20612 watch.go:40] Failed to load config from "c:\\Users\\NEW USER\\Desktop\\download (2)\\dataconnect": could not find dataconnect.yaml in `c:\Users\NEW USER\Desktop\download (2)\dataconnect`
 {"metadata":{"emulator":{"name":"dataconnect"},"message":"E0608 14:57:44.129086   20612 watch.go:40] Failed to load config from \"c:\\\\Users\\\\NEW USER\\\\Desktop\\\\download (2)\\\\dataconnect\": could not find dataconnect.yaml in `c:\\Users\\NEW USER\\Desktop\\download (2)\\dataconnect`\n"}}
[debug] [2026-06-08T13:57:54.130Z] E0608 14:57:54.129911   20612 watch.go:40] Failed to load config from "c:\\Users\\NEW USER\\Desktop\\download (2)\\dataconnect": could not find dataconnect.yaml in `c:\Users\NEW USER\Desktop\download (2)\dataconnect`
 {"metadata":{"emulator":{"name":"dataconnect"},"message":"E0608 14:57:54.129911   20612 watch.go:40] Failed to load config from \"c:\\\\Users\\\\NEW USER\\\\Desktop\\\\download (2)\\\\dataconnect\": could not find dataconnect.yaml in `c:\\Users\\NEW USER\\Desktop\\download (2)\\dataconnect`\n"}}
[debug] [2026-06-08T13:58:04.129Z] E0608 14:58:04.128715   20612 watch.go:116] watchAllDir unable to walk dir `c:\Users\NEW USER\Desktop\download (2)\dataconnect`: GetFileAttributesEx c:\Users\NEW USER\Desktop\download (2)\dataconnect: The system cannot find the file specified.
 {"metadata":{"emulator":{"name":"dataconnect"},"message":"E0608 14:58:04.128715   20612 watch.go:116] watchAllDir unable to walk dir `c:\\Users\\NEW USER\\Desktop\\download (2)\\dataconnect`: GetFileAttributesEx c:\\Users\\NEW USER\\Desktop\\download (2)\\dataconnect: The system cannot find the file specified.\n"}}
[debug] [2026-06-08T13:58:04.131Z] E0608 14:58:04.129400   20612 watch.go:40] Failed to load config from "c:\\Users\\NEW USER\\Desktop\\download (2)\\dataconnect": could not find dataconnect.yaml in `c:\Users\NEW USER\Desktop\download (2)\dataconnect`
 {"metadata":{"emulator":{"name":"dataconnect"},"message":"E0608 14:58:04.129400   20612 watch.go:40] Failed to load config from \"c:\\\\Users\\\\NEW USER\\\\Desktop\\\\download (2)\\\\dataconnect\": could not find dataconnect.yaml in `c:\\Users\\NEW USER\\Desktop\\download (2)\\dataconnect`\n"}}
[debug] [2026-06-08T13:58:14.129Z] E0608 14:58:14.129369   20612 watch.go:40] Failed to load config from "c:\\Users\\NEW USER\\Desktop\\download (2)\\dataconnect": could not find dataconnect.yaml in `c:\Users\NEW USER\Desktop\download (2)\dataconnect`
 {"metadata":{"emulator":{"name":"dataconnect"},"message":"E0608 14:58:14.129369   20612 watch.go:40] Failed to load config from \"c:\\\\Users\\\\NEW USER\\\\Desktop\\\\download (2)\\\\dataconnect\": could not find dataconnect.yaml in `c:\\Users\\NEW USER\\Desktop\\download (2)\\dataconnect`\n"}}
[debug] [2026-06-08T13:58:24.129Z] E0608 14:58:24.128795   20612 watch.go:40] Failed to load config from "c:\\Users\\NEW USER\\Desktop\\download (2)\\dataconnect": could not find dataconnect.yaml in `c:\Users\NEW USER\Desktop\download (2)\dataconnect`
 {"metadata":{"emulator":{"name":"dataconnect"},"message":"E0608 14:58:24.128795   20612 watch.go:40] Failed to load config from \"c:\\\\Users\\\\NEW USER\\\\Desktop\\\\download (2)\\\\dataconnect\": could not find dataconnect.yaml in `c:\\Users\\NEW USER\\Desktop\\download (2)\\dataconnect`\n"}}
[debug] [2026-06-08T13:58:34.128Z] E0608 14:58:34.128115   20612 watch.go:40] Failed to load config from "c:\\Users\\NEW USER\\Desktop\\download (2)\\dataconnect": could not find dataconnect.yaml in `c:\Users\NEW USER\Desktop\download (2)\dataconnect`
 {"metadata":{"emulator":{"name":"dataconnect"},"message":"E0608 14:58:34.128115   20612 watch.go:40] Failed to load config from \"c:\\\\Users\\\\NEW USER\\\\Desktop\\\\download (2)\\\\dataconnect\": could not find dataconnect.yaml in `c:\\Users\\NEW USER\\Desktop\\download (2)\\dataconnect`\n"}}
[debug] [2026-06-08T13:58:44.130Z] E0608 14:58:44.129524   20612 watch.go:40] Failed to load config from "c:\\Users\\NEW USER\\Desktop\\download (2)\\dataconnect": could not find dataconnect.yaml in `c:\Users\NEW USER\Desktop\download (2)\dataconnect`
 {"metadata":{"emulator":{"name":"dataconnect"},"message":"E0608 14:58:44.129524   20612 watch.go:40] Failed to load config from \"c:\\\\Users\\\\NEW USER\\\\Desktop\\\\download (2)\\\\dataconnect\": could not find dataconnect.yaml in `c:\\Users\\NEW USER\\Desktop\\download (2)\\dataconnect`\n"}}
[debug] [2026-06-08T13:58:54.128Z] E0608 14:58:54.128343   20612 watch.go:40] Failed to load config from "c:\\Users\\NEW USER\\Desktop\\download (2)\\dataconnect": could not find dataconnect.yaml in `c:\Users\NEW USER\Desktop\download (2)\dataconnect`
 {"metadata":{"emulator":{"name":"dataconnect"},"message":"E0608 14:58:54.128343   20612 watch.go:40] Failed to load config from \"c:\\\\Users\\\\NEW USER\\\\Desktop\\\\download (2)\\\\dataconnect\": could not find dataconnect.yaml in `c:\\Users\\NEW USER\\Desktop\\download (2)\\dataconnect`\n"}}
[debug] [2026-06-08T13:59:04.129Z] E0608 14:59:04.128737   20612 watch.go:116] watchAllDir unable to walk dir `c:\Users\NEW USER\Desktop\download (2)\dataconnect`: GetFileAttributesEx c:\Users\NEW USER\Desktop\download (2)\dataconnect: The system cannot find the file specified.
 {"metadata":{"emulator":{"name":"dataconnect"},"message":"E0608 14:59:04.128737   20612 watch.go:116] watchAllDir unable to walk dir `c:\\Users\\NEW USER\\Desktop\\download (2)\\dataconnect`: GetFileAttributesEx c:\\Users\\NEW USER\\Desktop\\download (2)\\dataconnect: The system cannot find the file specified.\n"}}
[debug] [2026-06-08T13:59:04.129Z] E0608 14:59:04.128737   20612 watch.go:40] Failed to load config from "c:\\Users\\NEW USER\\Desktop\\download (2)\\dataconnect": could not find dataconnect.yaml in `c:\Users\NEW USER\Desktop\download (2)\dataconnect`
 {"metadata":{"emulator":{"name":"dataconnect"},"message":"E0608 14:59:04.128737   20612 watch.go:40] Failed to load config from \"c:\\\\Users\\\\NEW USER\\\\Desktop\\\\download (2)\\\\dataconnect\": could not find dataconnect.yaml in `c:\\Users\\NEW USER\\Desktop\\download (2)\\dataconnect`\n"}}
[debug] [2026-06-08T13:59:14.129Z] E0608 14:59:14.128240   20612 watch.go:40] Failed to load config from "c:\\Users\\NEW USER\\Desktop\\download (2)\\dataconnect": could not find dataconnect.yaml in `c:\Users\NEW USER\Desktop\download (2)\dataconnect`
 {"metadata":{"emulator":{"name":"dataconnect"},"message":"E0608 14:59:14.128240   20612 watch.go:40] Failed to load config from \"c:\\\\Users\\\\NEW USER\\\\Desktop\\\\download (2)\\\\dataconnect\": could not find dataconnect.yaml in `c:\\Users\\NEW USER\\Desktop\\download (2)\\dataconnect`\n"}}
[debug] [2026-06-08T13:59:24.129Z] E0608 14:59:24.128520   20612 watch.go:40] Failed to load config from "c:\\Users\\NEW USER\\Desktop\\download (2)\\dataconnect": could not find dataconnect.yaml in `c:\Users\NEW USER\Desktop\download (2)\dataconnect`
 {"metadata":{"emulator":{"name":"dataconnect"},"message":"E0608 14:59:24.128520   20612 watch.go:40] Failed to load config from \"c:\\\\Users\\\\NEW USER\\\\Desktop\\\\download (2)\\\\dataconnect\": could not find dataconnect.yaml in `c:\\Users\\NEW USER\\Desktop\\download (2)\\dataconnect`\n"}}
[debug] [2026-06-08T13:59:34.128Z] E0608 14:59:34.128244   20612 watch.go:40] Failed to load config from "c:\\Users\\NEW USER\\Desktop\\download (2)\\dataconnect": could not find dataconnect.yaml in `c:\Users\NEW USER\Desktop\download (2)\dataconnect`
 {"metadata":{"emulator":{"name":"dataconnect"},"message":"E0608 14:59:34.128244   20612 watch.go:40] Failed to load config from \"c:\\\\Users\\\\NEW USER\\\\Desktop\\\\download (2)\\\\dataconnect\": could not find dataconnect.yaml in `c:\\Users\\NEW USER\\Desktop\\download (2)\\dataconnect`\n"}}
[debug] [2026-06-08T13:59:44.129Z] E0608 14:59:44.129009   20612 watch.go:40] Failed to load config from "c:\\Users\\NEW USER\\Desktop\\download (2)\\dataconnect": could not find dataconnect.yaml in `c:\Users\NEW USER\Desktop\download (2)\dataconnect`
 {"metadata":{"emulator":{"name":"dataconnect"},"message":"E0608 14:59:44.129009   20612 watch.go:40] Failed to load config from \"c:\\\\Users\\\\NEW USER\\\\Desktop\\\\download (2)\\\\dataconnect\": could not find dataconnect.yaml in `c:\\Users\\NEW USER\\Desktop\\download (2)\\dataconnect`\n"}}
[debug] [2026-06-08T13:59:54.129Z] E0608 14:59:54.128241   20612 watch.go:40] Failed to load config from "c:\\Users\\NEW USER\\Desktop\\download (2)\\dataconnect": could not find dataconnect.yaml in `c:\Users\NEW USER\Desktop\download (2)\dataconnect`
 {"metadata":{"emulator":{"name":"dataconnect"},"message":"E0608 14:59:54.128241   20612 watch.go:40] Failed to load config from \"c:\\\\Users\\\\NEW USER\\\\Desktop\\\\download (2)\\\\dataconnect\": could not find dataconnect.yaml in `c:\\Users\\NEW USER\\Desktop\\download (2)\\dataconnect`\n"}}
[debug] [2026-06-08T14:00:04.128Z] E0608 15:00:04.128363   20612 watch.go:116] watchAllDir unable to walk dir `c:\Users\NEW USER\Desktop\download (2)\dataconnect`: GetFileAttributesEx c:\Users\NEW USER\Desktop\download (2)\dataconnect: The system cannot find the file specified.
 {"metadata":{"emulator":{"name":"dataconnect"},"message":"E0608 15:00:04.128363   20612 watch.go:116] watchAllDir unable to walk dir `c:\\Users\\NEW USER\\Desktop\\download (2)\\dataconnect`: GetFileAttributesEx c:\\Users\\NEW USER\\Desktop\\download (2)\\dataconnect: The system cannot find the file specified.\n"}}
[debug] [2026-06-08T14:00:04.129Z] E0608 15:00:04.128363   20612 watch.go:40] Failed to load config from "c:\\Users\\NEW USER\\Desktop\\download (2)\\dataconnect": could not find dataconnect.yaml in `c:\Users\NEW USER\Desktop\download (2)\dataconnect`
 {"metadata":{"emulator":{"name":"dataconnect"},"message":"E0608 15:00:04.128363   20612 watch.go:40] Failed to load config from \"c:\\\\Users\\\\NEW USER\\\\Desktop\\\\download (2)\\\\dataconnect\": could not find dataconnect.yaml in `c:\\Users\\NEW USER\\Desktop\\download (2)\\dataconnect`\n"}}
[debug] [2026-06-08T14:00:14.128Z] E0608 15:00:14.128357   20612 watch.go:40] Failed to load config from "c:\\Users\\NEW USER\\Desktop\\download (2)\\dataconnect": could not find dataconnect.yaml in `c:\Users\NEW USER\Desktop\download (2)\dataconnect`
 {"metadata":{"emulator":{"name":"dataconnect"},"message":"E0608 15:00:14.128357   20612 watch.go:40] Failed to load config from \"c:\\\\Users\\\\NEW USER\\\\Desktop\\\\download (2)\\\\dataconnect\": could not find dataconnect.yaml in `c:\\Users\\NEW USER\\Desktop\\download (2)\\dataconnect`\n"}}
[debug] [2026-06-08T14:00:24.130Z] E0608 15:00:24.129293   20612 watch.go:40] Failed to load config from "c:\\Users\\NEW USER\\Desktop\\download (2)\\dataconnect": could not find dataconnect.yaml in `c:\Users\NEW USER\Desktop\download (2)\dataconnect`
 {"metadata":{"emulator":{"name":"dataconnect"},"message":"E0608 15:00:24.129293   20612 watch.go:40] Failed to load config from \"c:\\\\Users\\\\NEW USER\\\\Desktop\\\\download (2)\\\\dataconnect\": could not find dataconnect.yaml in `c:\\Users\\NEW USER\\Desktop\\download (2)\\dataconnect`\n"}}
[debug] [2026-06-08T14:00:34.129Z] E0608 15:00:34.128575   20612 watch.go:40] Failed to load config from "c:\\Users\\NEW USER\\Desktop\\download (2)\\dataconnect": could not find dataconnect.yaml in `c:\Users\NEW USER\Desktop\download (2)\dataconnect`
 {"metadata":{"emulator":{"name":"dataconnect"},"message":"E0608 15:00:34.128575   20612 watch.go:40] Failed to load config from \"c:\\\\Users\\\\NEW USER\\\\Desktop\\\\download (2)\\\\dataconnect\": could not find dataconnect.yaml in `c:\\Users\\NEW USER\\Desktop\\download (2)\\dataconnect`\n"}}
[debug] [2026-06-08T14:00:44.128Z] E0608 15:00:44.128148   20612 watch.go:40] Failed to load config from "c:\\Users\\NEW USER\\Desktop\\download (2)\\dataconnect": could not find dataconnect.yaml in `c:\Users\NEW USER\Desktop\download (2)\dataconnect`
 {"metadata":{"emulator":{"name":"dataconnect"},"message":"E0608 15:00:44.128148   20612 watch.go:40] Failed to load config from \"c:\\\\Users\\\\NEW USER\\\\Desktop\\\\download (2)\\\\dataconnect\": could not find dataconnect.yaml in `c:\\Users\\NEW USER\\Desktop\\download (2)\\dataconnect`\n"}}
[debug] [2026-06-08T14:00:54.128Z] E0608 15:00:54.128151   20612 watch.go:40] Failed to load config from "c:\\Users\\NEW USER\\Desktop\\download (2)\\dataconnect": could not find dataconnect.yaml in `c:\Users\NEW USER\Desktop\download (2)\dataconnect`
 {"metadata":{"emulator":{"name":"dataconnect"},"message":"E0608 15:00:54.128151   20612 watch.go:40] Failed to load config from \"c:\\\\Users\\\\NEW USER\\\\Desktop\\\\download (2)\\\\dataconnect\": could not find dataconnect.yaml in `c:\\Users\\NEW USER\\Desktop\\download (2)\\dataconnect`\n"}}
[debug] [2026-06-08T14:01:04.129Z] E0608 15:01:04.129111   20612 watch.go:116] watchAllDir unable to walk dir `c:\Users\NEW USER\Desktop\download (2)\dataconnect`: GetFileAttributesEx c:\Users\NEW USER\Desktop\download (2)\dataconnect: The system cannot find the file specified.
 {"metadata":{"emulator":{"name":"dataconnect"},"message":"E0608 15:01:04.129111   20612 watch.go:116] watchAllDir unable to walk dir `c:\\Users\\NEW USER\\Desktop\\download (2)\\dataconnect`: GetFileAttributesEx c:\\Users\\NEW USER\\Desktop\\download (2)\\dataconnect: The system cannot find the file specified.\n"}}
[debug] [2026-06-08T14:01:04.131Z] E0608 15:01:04.129721   20612 watch.go:40] Failed to load config from "c:\\Users\\NEW USER\\Desktop\\download (2)\\dataconnect": could not find dataconnect.yaml in `c:\Users\NEW USER\Desktop\download (2)\dataconnect`
 {"metadata":{"emulator":{"name":"dataconnect"},"message":"E0608 15:01:04.129721   20612 watch.go:40] Failed to load config from \"c:\\\\Users\\\\NEW USER\\\\Desktop\\\\download (2)\\\\dataconnect\": could not find dataconnect.yaml in `c:\\Users\\NEW USER\\Desktop\\download (2)\\dataconnect`\n"}}
[debug] [2026-06-08T14:01:14.129Z] E0608 15:01:14.128741   20612 watch.go:40] Failed to load config from "c:\\Users\\NEW USER\\Desktop\\download (2)\\dataconnect": could not find dataconnect.yaml in `c:\Users\NEW USER\Desktop\download (2)\dataconnect`
 {"metadata":{"emulator":{"name":"dataconnect"},"message":"E0608 15:01:14.128741   20612 watch.go:40] Failed to load config from \"c:\\\\Users\\\\NEW USER\\\\Desktop\\\\download (2)\\\\dataconnect\": could not find dataconnect.yaml in `c:\\Users\\NEW USER\\Desktop\\download (2)\\dataconnect`\n"}}
[debug] [2026-06-08T14:01:24.128Z] E0608 15:01:24.128490   20612 watch.go:40] Failed to load config from "c:\\Users\\NEW USER\\Desktop\\download (2)\\dataconnect": could not find dataconnect.yaml in `c:\Users\NEW USER\Desktop\download (2)\dataconnect`
 {"metadata":{"emulator":{"name":"dataconnect"},"message":"E0608 15:01:24.128490   20612 watch.go:40] Failed to load config from \"c:\\\\Users\\\\NEW USER\\\\Desktop\\\\download (2)\\\\dataconnect\": could not find dataconnect.yaml in `c:\\Users\\NEW USER\\Desktop\\download (2)\\dataconnect`\n"}}
[debug] [2026-06-08T14:01:34.130Z] E0608 15:01:34.129568   20612 watch.go:40] Failed to load config from "c:\\Users\\NEW USER\\Desktop\\download (2)\\dataconnect": could not find dataconnect.yaml in `c:\Users\NEW USER\Desktop\download (2)\dataconnect`
 {"metadata":{"emulator":{"name":"dataconnect"},"message":"E0608 15:01:34.129568   20612 watch.go:40] Failed to load config from \"c:\\\\Users\\\\NEW USER\\\\Desktop\\\\download (2)\\\\dataconnect\": could not find dataconnect.yaml in `c:\\Users\\NEW USER\\Desktop\\download (2)\\dataconnect`\n"}}
[debug] [2026-06-08T14:01:44.129Z] E0608 15:01:44.129299   20612 watch.go:40] Failed to load config from "c:\\Users\\NEW USER\\Desktop\\download (2)\\dataconnect": could not find dataconnect.yaml in `c:\Users\NEW USER\Desktop\download (2)\dataconnect`
 {"metadata":{"emulator":{"name":"dataconnect"},"message":"E0608 15:01:44.129299   20612 watch.go:40] Failed to load config from \"c:\\\\Users\\\\NEW USER\\\\Desktop\\\\download (2)\\\\dataconnect\": could not find dataconnect.yaml in `c:\\Users\\NEW USER\\Desktop\\download (2)\\dataconnect`\n"}}
[debug] [2026-06-08T14:01:54.128Z] E0608 15:01:54.129153   20612 watch.go:40] Failed to load config from "c:\\Users\\NEW USER\\Desktop\\download (2)\\dataconnect": could not find dataconnect.yaml in `c:\Users\NEW USER\Desktop\download (2)\dataconnect`
 {"metadata":{"emulator":{"name":"dataconnect"},"message":"E0608 15:01:54.129153   20612 watch.go:40] Failed to load config from \"c:\\\\Users\\\\NEW USER\\\\Desktop\\\\download (2)\\\\dataconnect\": could not find dataconnect.yaml in `c:\\Users\\NEW USER\\Desktop\\download (2)\\dataconnect`\n"}}
[debug] [2026-06-08T14:02:04.128Z] E0608 15:02:04.128342   20612 watch.go:116] watchAllDir unable to walk dir `c:\Users\NEW USER\Desktop\download (2)\dataconnect`: GetFileAttributesEx c:\Users\NEW USER\Desktop\download (2)\dataconnect: The system cannot find the file specified.
 {"metadata":{"emulator":{"name":"dataconnect"},"message":"E0608 15:02:04.128342   20612 watch.go:116] watchAllDir unable to walk dir `c:\\Users\\NEW USER\\Desktop\\download (2)\\dataconnect`: GetFileAttributesEx c:\\Users\\NEW USER\\Desktop\\download (2)\\dataconnect: The system cannot find the file specified.\n"}}
[debug] [2026-06-08T14:02:04.129Z] E0608 15:02:04.128857   20612 watch.go:40] Failed to load config from "c:\\Users\\NEW USER\\Desktop\\download (2)\\dataconnect": could not find dataconnect.yaml in `c:\Users\NEW USER\Desktop\download (2)\dataconnect`
 {"metadata":{"emulator":{"name":"dataconnect"},"message":"E0608 15:02:04.128857   20612 watch.go:40] Failed to load config from \"c:\\\\Users\\\\NEW USER\\\\Desktop\\\\download (2)\\\\dataconnect\": could not find dataconnect.yaml in `c:\\Users\\NEW USER\\Desktop\\download (2)\\dataconnect`\n"}}
[debug] [2026-06-08T14:02:14.129Z] E0608 15:02:14.128742   20612 watch.go:40] Failed to load config from "c:\\Users\\NEW USER\\Desktop\\download (2)\\dataconnect": could not find dataconnect.yaml in `c:\Users\NEW USER\Desktop\download (2)\dataconnect`
 {"metadata":{"emulator":{"name":"dataconnect"},"message":"E0608 15:02:14.128742   20612 watch.go:40] Failed to load config from \"c:\\\\Users\\\\NEW USER\\\\Desktop\\\\download (2)\\\\dataconnect\": could not find dataconnect.yaml in `c:\\Users\\NEW USER\\Desktop\\download (2)\\dataconnect`\n"}}
[debug] [2026-06-08T14:02:24.129Z] E0608 15:02:24.128854   20612 watch.go:40] Failed to load config from "c:\\Users\\NEW USER\\Desktop\\download (2)\\dataconnect": could not find dataconnect.yaml in `c:\Users\NEW USER\Desktop\download (2)\dataconnect`
 {"metadata":{"emulator":{"name":"dataconnect"},"message":"E0608 15:02:24.128854   20612 watch.go:40] Failed to load config from \"c:\\\\Users\\\\NEW USER\\\\Desktop\\\\download (2)\\\\dataconnect\": could not find dataconnect.yaml in `c:\\Users\\NEW USER\\Desktop\\download (2)\\dataconnect`\n"}}
[debug] [2026-06-08T14:02:34.128Z] E0608 15:02:34.128398   20612 watch.go:40] Failed to load config from "c:\\Users\\NEW USER\\Desktop\\download (2)\\dataconnect": could not find dataconnect.yaml in `c:\Users\NEW USER\Desktop\download (2)\dataconnect`
 {"metadata":{"emulator":{"name":"dataconnect"},"message":"E0608 15:02:34.128398   20612 watch.go:40] Failed to load config from \"c:\\\\Users\\\\NEW USER\\\\Desktop\\\\download (2)\\\\dataconnect\": could not find dataconnect.yaml in `c:\\Users\\NEW USER\\Desktop\\download (2)\\dataconnect`\n"}}
[debug] [2026-06-08T14:02:44.128Z] E0608 15:02:44.128237   20612 watch.go:40] Failed to load config from "c:\\Users\\NEW USER\\Desktop\\download (2)\\dataconnect": could not find dataconnect.yaml in `c:\Users\NEW USER\Desktop\download (2)\dataconnect`
 {"metadata":{"emulator":{"name":"dataconnect"},"message":"E0608 15:02:44.128237   20612 watch.go:40] Failed to load config from \"c:\\\\Users\\\\NEW USER\\\\Desktop\\\\download (2)\\\\dataconnect\": could not find dataconnect.yaml in `c:\\Users\\NEW USER\\Desktop\\download (2)\\dataconnect`\n"}}
[debug] [2026-06-08T14:02:54.128Z] E0608 15:02:54.128056   20612 watch.go:40] Failed to load config from "c:\\Users\\NEW USER\\Desktop\\download (2)\\dataconnect": could not find dataconnect.yaml in `c:\Users\NEW USER\Desktop\download (2)\dataconnect`
 {"metadata":{"emulator":{"name":"dataconnect"},"message":"E0608 15:02:54.128056   20612 watch.go:40] Failed to load config from \"c:\\\\Users\\\\NEW USER\\\\Desktop\\\\download (2)\\\\dataconnect\": could not find dataconnect.yaml in `c:\\Users\\NEW USER\\Desktop\\download (2)\\dataconnect`\n"}}
[debug] [2026-06-08T14:03:04.129Z] E0608 15:03:04.128840   20612 watch.go:116] watchAllDir unable to walk dir `c:\Users\NEW USER\Desktop\download (2)\dataconnect`: GetFileAttributesEx c:\Users\NEW USER\Desktop\download (2)\dataconnect: The system cannot find the file specified.
E0608 15:03:04.128840   20612 watch.go:40] Failed to load config from "c:\\Users\\NEW USER\\Desktop\\download (2)\\dataconnect": could not find dataconnect.yaml in `c:\Users\NEW USER\Desktop\download (2)\dataconnect`
 {"metadata":{"emulator":{"name":"dataconnect"},"message":"E0608 15:03:04.128840   20612 watch.go:116] watchAllDir unable to walk dir `c:\\Users\\NEW USER\\Desktop\\download (2)\\dataconnect`: GetFileAttributesEx c:\\Users\\NEW USER\\Desktop\\download (2)\\dataconnect: The system cannot find the file specified.\nE0608 15:03:04.128840   20612 watch.go:40] Failed to load config from \"c:\\\\Users\\\\NEW USER\\\\Desktop\\\\download (2)\\\\dataconnect\": could not find dataconnect.yaml in `c:\\Users\\NEW USER\\Desktop\\download (2)\\dataconnect`\n"}}
[debug] [2026-06-08T14:03:14.130Z] E0608 15:03:14.129527   20612 watch.go:40] Failed to load config from "c:\\Users\\NEW USER\\Desktop\\download (2)\\dataconnect": could not find dataconnect.yaml in `c:\Users\NEW USER\Desktop\download (2)\dataconnect`
 {"metadata":{"emulator":{"name":"dataconnect"},"message":"E0608 15:03:14.129527   20612 watch.go:40] Failed to load config from \"c:\\\\Users\\\\NEW USER\\\\Desktop\\\\download (2)\\\\dataconnect\": could not find dataconnect.yaml in `c:\\Users\\NEW USER\\Desktop\\download (2)\\dataconnect`\n"}}
[debug] [2026-06-08T14:03:24.128Z] E0608 15:03:24.128468   20612 watch.go:40] Failed to load config from "c:\\Users\\NEW USER\\Desktop\\download (2)\\dataconnect": could not find dataconnect.yaml in `c:\Users\NEW USER\Desktop\download (2)\dataconnect`
 {"metadata":{"emulator":{"name":"dataconnect"},"message":"E0608 15:03:24.128468   20612 watch.go:40] Failed to load config from \"c:\\\\Users\\\\NEW USER\\\\Desktop\\\\download (2)\\\\dataconnect\": could not find dataconnect.yaml in `c:\\Users\\NEW USER\\Desktop\\download (2)\\dataconnect`\n"}}
[debug] [2026-06-08T14:03:34.129Z] E0608 15:03:34.128912   20612 watch.go:40] Failed to load config from "c:\\Users\\NEW USER\\Desktop\\download (2)\\dataconnect": could not find dataconnect.yaml in `c:\Users\NEW USER\Desktop\download (2)\dataconnect`
 {"metadata":{"emulator":{"name":"dataconnect"},"message":"E0608 15:03:34.128912   20612 watch.go:40] Failed to load config from \"c:\\\\Users\\\\NEW USER\\\\Desktop\\\\download (2)\\\\dataconnect\": could not find dataconnect.yaml in `c:\\Users\\NEW USER\\Desktop\\download (2)\\dataconnect`\n"}}
[debug] [2026-06-08T14:03:44.128Z] E0608 15:03:44.128513   20612 watch.go:40] Failed to load config from "c:\\Users\\NEW USER\\Desktop\\download (2)\\dataconnect": could not find dataconnect.yaml in `c:\Users\NEW USER\Desktop\download (2)\dataconnect`
 {"metadata":{"emulator":{"name":"dataconnect"},"message":"E0608 15:03:44.128513   20612 watch.go:40] Failed to load config from \"c:\\\\Users\\\\NEW USER\\\\Desktop\\\\download (2)\\\\dataconnect\": could not find dataconnect.yaml in `c:\\Users\\NEW USER\\Desktop\\download (2)\\dataconnect`\n"}}
[debug] [2026-06-08T14:03:54.130Z] E0608 15:03:54.129572   20612 watch.go:40] Failed to load config from "c:\\Users\\NEW USER\\Desktop\\download (2)\\dataconnect": could not find dataconnect.yaml in `c:\Users\NEW USER\Desktop\download (2)\dataconnect`
 {"metadata":{"emulator":{"name":"dataconnect"},"message":"E0608 15:03:54.129572   20612 watch.go:40] Failed to load config from \"c:\\\\Users\\\\NEW USER\\\\Desktop\\\\download (2)\\\\dataconnect\": could not find dataconnect.yaml in `c:\\Users\\NEW USER\\Desktop\\download (2)\\dataconnect`\n"}}
[debug] [2026-06-08T14:04:04.129Z] E0608 15:04:04.129072   20612 watch.go:116] watchAllDir unable to walk dir `c:\Users\NEW USER\Desktop\download (2)\dataconnect`: GetFileAttributesEx c:\Users\NEW USER\Desktop\download (2)\dataconnect: The system cannot find the file specified.
 {"metadata":{"emulator":{"name":"dataconnect"},"message":"E0608 15:04:04.129072   20612 watch.go:116] watchAllDir unable to walk dir `c:\\Users\\NEW USER\\Desktop\\download (2)\\dataconnect`: GetFileAttributesEx c:\\Users\\NEW USER\\Desktop\\download (2)\\dataconnect: The system cannot find the file specified.\n"}}
[debug] [2026-06-08T14:04:04.131Z] E0608 15:04:04.130376   20612 watch.go:40] Failed to load config from "c:\\Users\\NEW USER\\Desktop\\download (2)\\dataconnect": could not find dataconnect.yaml in `c:\Users\NEW USER\Desktop\download (2)\dataconnect`
 {"metadata":{"emulator":{"name":"dataconnect"},"message":"E0608 15:04:04.130376   20612 watch.go:40] Failed to load config from \"c:\\\\Users\\\\NEW USER\\\\Desktop\\\\download (2)\\\\dataconnect\": could not find dataconnect.yaml in `c:\\Users\\NEW USER\\Desktop\\download (2)\\dataconnect`\n"}}
[debug] [2026-06-08T14:04:14.129Z] E0608 15:04:14.128683   20612 watch.go:40] Failed to load config from "c:\\Users\\NEW USER\\Desktop\\download (2)\\dataconnect": could not find dataconnect.yaml in `c:\Users\NEW USER\Desktop\download (2)\dataconnect`
 {"metadata":{"emulator":{"name":"dataconnect"},"message":"E0608 15:04:14.128683   20612 watch.go:40] Failed to load config from \"c:\\\\Users\\\\NEW USER\\\\Desktop\\\\download (2)\\\\dataconnect\": could not find dataconnect.yaml in `c:\\Users\\NEW USER\\Desktop\\download (2)\\dataconnect`\n"}}
[debug] [2026-06-08T14:04:24.129Z] E0608 15:04:24.129194   20612 watch.go:40] Failed to load config from "c:\\Users\\NEW USER\\Desktop\\download (2)\\dataconnect": could not find dataconnect.yaml in `c:\Users\NEW USER\Desktop\download (2)\dataconnect`
 {"metadata":{"emulator":{"name":"dataconnect"},"message":"E0608 15:04:24.129194   20612 watch.go:40] Failed to load config from \"c:\\\\Users\\\\NEW USER\\\\Desktop\\\\download (2)\\\\dataconnect\": could not find dataconnect.yaml in `c:\\Users\\NEW USER\\Desktop\\download (2)\\dataconnect`\n"}}
[debug] [2026-06-08T14:04:34.128Z] E0608 15:04:34.128117   20612 watch.go:40] Failed to load config from "c:\\Users\\NEW USER\\Desktop\\download (2)\\dataconnect": could not find dataconnect.yaml in `c:\Users\NEW USER\Desktop\download (2)\dataconnect`
 {"metadata":{"emulator":{"name":"dataconnect"},"message":"E0608 15:04:34.128117   20612 watch.go:40] Failed to load config from \"c:\\\\Users\\\\NEW USER\\\\Desktop\\\\download (2)\\\\dataconnect\": could not find dataconnect.yaml in `c:\\Users\\NEW USER\\Desktop\\download (2)\\dataconnect`\n"}}
[debug] [2026-06-08T14:04:44.128Z] E0608 15:04:44.128181   20612 watch.go:40] Failed to load config from "c:\\Users\\NEW USER\\Desktop\\download (2)\\dataconnect": could not find dataconnect.yaml in `c:\Users\NEW USER\Desktop\download (2)\dataconnect`
 {"metadata":{"emulator":{"name":"dataconnect"},"message":"E0608 15:04:44.128181   20612 watch.go:40] Failed to load config from \"c:\\\\Users\\\\NEW USER\\\\Desktop\\\\download (2)\\\\dataconnect\": could not find dataconnect.yaml in `c:\\Users\\NEW USER\\Desktop\\download (2)\\dataconnect`\n"}}
[debug] [2026-06-08T14:04:54.129Z] E0608 15:04:54.128525   20612 watch.go:40] Failed to load config from "c:\\Users\\NEW USER\\Desktop\\download (2)\\dataconnect": could not find dataconnect.yaml in `c:\Users\NEW USER\Desktop\download (2)\dataconnect`
 {"metadata":{"emulator":{"name":"dataconnect"},"message":"E0608 15:04:54.128525   20612 watch.go:40] Failed to load config from \"c:\\\\Users\\\\NEW USER\\\\Desktop\\\\download (2)\\\\dataconnect\": could not find dataconnect.yaml in `c:\\Users\\NEW USER\\Desktop\\download (2)\\dataconnect`\n"}}
[debug] [2026-06-08T14:05:04.128Z] E0608 15:05:04.128617   20612 watch.go:116] watchAllDir unable to walk dir `c:\Users\NEW USER\Desktop\download (2)\dataconnect`: GetFileAttributesEx c:\Users\NEW USER\Desktop\download (2)\dataconnect: The system cannot find the file specified.
 {"metadata":{"emulator":{"name":"dataconnect"},"message":"E0608 15:05:04.128617   20612 watch.go:116] watchAllDir unable to walk dir `c:\\Users\\NEW USER\\Desktop\\download (2)\\dataconnect`: GetFileAttributesEx c:\\Users\\NEW USER\\Desktop\\download (2)\\dataconnect: The system cannot find the file specified.\n"}}
[debug] [2026-06-08T14:05:04.129Z] E0608 15:05:04.128617   20612 watch.go:40] Failed to load config from "c:\\Users\\NEW USER\\Desktop\\download (2)\\dataconnect": could not find dataconnect.yaml in `c:\Users\NEW USER\Desktop\download (2)\dataconnect`
 {"metadata":{"emulator":{"name":"dataconnect"},"message":"E0608 15:05:04.128617   20612 watch.go:40] Failed to load config from \"c:\\\\Users\\\\NEW USER\\\\Desktop\\\\download (2)\\\\dataconnect\": could not find dataconnect.yaml in `c:\\Users\\NEW USER\\Desktop\\download (2)\\dataconnect`\n"}}
[debug] [2026-06-08T14:05:14.128Z] E0608 15:05:14.128460   20612 watch.go:40] Failed to load config from "c:\\Users\\NEW USER\\Desktop\\download (2)\\dataconnect": could not find dataconnect.yaml in `c:\Users\NEW USER\Desktop\download (2)\dataconnect`
 {"metadata":{"emulator":{"name":"dataconnect"},"message":"E0608 15:05:14.128460   20612 watch.go:40] Failed to load config from \"c:\\\\Users\\\\NEW USER\\\\Desktop\\\\download (2)\\\\dataconnect\": could not find dataconnect.yaml in `c:\\Users\\NEW USER\\Desktop\\download (2)\\dataconnect`\n"}}
[debug] [2026-06-08T14:05:24.129Z] E0608 15:05:24.129068   20612 watch.go:40] Failed to load config from "c:\\Users\\NEW USER\\Desktop\\download (2)\\dataconnect": could not find dataconnect.yaml in `c:\Users\NEW USER\Desktop\download (2)\dataconnect`
 {"metadata":{"emulator":{"name":"dataconnect"},"message":"E0608 15:05:24.129068   20612 watch.go:40] Failed to load config from \"c:\\\\Users\\\\NEW USER\\\\Desktop\\\\download (2)\\\\dataconnect\": could not find dataconnect.yaml in `c:\\Users\\NEW USER\\Desktop\\download (2)\\dataconnect`\n"}}
[debug] [2026-06-08T14:05:34.128Z] E0608 15:05:34.128324   20612 watch.go:40] Failed to load config from "c:\\Users\\NEW USER\\Desktop\\download (2)\\dataconnect": could not find dataconnect.yaml in `c:\Users\NEW USER\Desktop\download (2)\dataconnect`
 {"metadata":{"emulator":{"name":"dataconnect"},"message":"E0608 15:05:34.128324   20612 watch.go:40] Failed to load config from \"c:\\\\Users\\\\NEW USER\\\\Desktop\\\\download (2)\\\\dataconnect\": could not find dataconnect.yaml in `c:\\Users\\NEW USER\\Desktop\\download (2)\\dataconnect`\n"}}
[debug] [2026-06-08T14:05:44.129Z] E0608 15:05:44.128831   20612 watch.go:40] Failed to load config from "c:\\Users\\NEW USER\\Desktop\\download (2)\\dataconnect": could not find dataconnect.yaml in `c:\Users\NEW USER\Desktop\download (2)\dataconnect`
 {"metadata":{"emulator":{"name":"dataconnect"},"message":"E0608 15:05:44.128831   20612 watch.go:40] Failed to load config from \"c:\\\\Users\\\\NEW USER\\\\Desktop\\\\download (2)\\\\dataconnect\": could not find dataconnect.yaml in `c:\\Users\\NEW USER\\Desktop\\download (2)\\dataconnect`\n"}}
[debug] [2026-06-08T14:05:54.129Z] E0608 15:05:54.128524   20612 watch.go:40] Failed to load config from "c:\\Users\\NEW USER\\Desktop\\download (2)\\dataconnect": could not find dataconnect.yaml in `c:\Users\NEW USER\Desktop\download (2)\dataconnect`
 {"metadata":{"emulator":{"name":"dataconnect"},"message":"E0608 15:05:54.128524   20612 watch.go:40] Failed to load config from \"c:\\\\Users\\\\NEW USER\\\\Desktop\\\\download (2)\\\\dataconnect\": could not find dataconnect.yaml in `c:\\Users\\NEW USER\\Desktop\\download (2)\\dataconnect`\n"}}
[debug] [2026-06-08T14:06:04.130Z] E0608 15:06:04.129809   20612 watch.go:116] watchAllDir unable to walk dir `c:\Users\NEW USER\Desktop\download (2)\dataconnect`: GetFileAttributesEx c:\Users\NEW USER\Desktop\download (2)\dataconnect: The system cannot find the file specified.
 {"metadata":{"emulator":{"name":"dataconnect"},"message":"E0608 15:06:04.129809   20612 watch.go:116] watchAllDir unable to walk dir `c:\\Users\\NEW USER\\Desktop\\download (2)\\dataconnect`: GetFileAttributesEx c:\\Users\\NEW USER\\Desktop\\download (2)\\dataconnect: The system cannot find the file specified.\n"}}
[debug] [2026-06-08T14:06:04.136Z] E0608 15:06:04.130341   20612 watch.go:40] Failed to load config from "c:\\Users\\NEW USER\\Desktop\\download (2)\\dataconnect": could not find dataconnect.yaml in `c:\Users\NEW USER\Desktop\download (2)\dataconnect`
 {"metadata":{"emulator":{"name":"dataconnect"},"message":"E0608 15:06:04.130341   20612 watch.go:40] Failed to load config from \"c:\\\\Users\\\\NEW USER\\\\Desktop\\\\download (2)\\\\dataconnect\": could not find dataconnect.yaml in `c:\\Users\\NEW USER\\Desktop\\download (2)\\dataconnect`\n"}}
[debug] [2026-06-08T14:06:14.131Z] E0608 15:06:14.130059   20612 watch.go:40] Failed to load config from "c:\\Users\\NEW USER\\Desktop\\download (2)\\dataconnect": could not find dataconnect.yaml in `c:\Users\NEW USER\Desktop\download (2)\dataconnect`
 {"metadata":{"emulator":{"name":"dataconnect"},"message":"E0608 15:06:14.130059   20612 watch.go:40] Failed to load config from \"c:\\\\Users\\\\NEW USER\\\\Desktop\\\\download (2)\\\\dataconnect\": could not find dataconnect.yaml in `c:\\Users\\NEW USER\\Desktop\\download (2)\\dataconnect`\n"}}
[debug] [2026-06-08T14:06:24.129Z] E0608 15:06:24.128967   20612 watch.go:40] Failed to load config from "c:\\Users\\NEW USER\\Desktop\\download (2)\\dataconnect": could not find dataconnect.yaml in `c:\Users\NEW USER\Desktop\download (2)\dataconnect`
 {"metadata":{"emulator":{"name":"dataconnect"},"message":"E0608 15:06:24.128967   20612 watch.go:40] Failed to load config from \"c:\\\\Users\\\\NEW USER\\\\Desktop\\\\download (2)\\\\dataconnect\": could not find dataconnect.yaml in `c:\\Users\\NEW USER\\Desktop\\download (2)\\dataconnect`\n"}}
[debug] [2026-06-08T14:06:34.128Z] E0608 15:06:34.128599   20612 watch.go:40] Failed to load config from "c:\\Users\\NEW USER\\Desktop\\download (2)\\dataconnect": could not find dataconnect.yaml in `c:\Users\NEW USER\Desktop\download (2)\dataconnect`
 {"metadata":{"emulator":{"name":"dataconnect"},"message":"E0608 15:06:34.128599   20612 watch.go:40] Failed to load config from \"c:\\\\Users\\\\NEW USER\\\\Desktop\\\\download (2)\\\\dataconnect\": could not find dataconnect.yaml in `c:\\Users\\NEW USER\\Desktop\\download (2)\\dataconnect`\n"}}
[debug] [2026-06-08T14:06:44.128Z] E0608 15:06:44.128402   20612 watch.go:40] Failed to load config from "c:\\Users\\NEW USER\\Desktop\\download (2)\\dataconnect": could not find dataconnect.yaml in `c:\Users\NEW USER\Desktop\download (2)\dataconnect`
 {"metadata":{"emulator":{"name":"dataconnect"},"message":"E0608 15:06:44.128402   20612 watch.go:40] Failed to load config from \"c:\\\\Users\\\\NEW USER\\\\Desktop\\\\download (2)\\\\dataconnect\": could not find dataconnect.yaml in `c:\\Users\\NEW USER\\Desktop\\download (2)\\dataconnect`\n"}}
[debug] [2026-06-08T14:06:54.128Z] E0608 15:06:54.128066   20612 watch.go:40] Failed to load config from "c:\\Users\\NEW USER\\Desktop\\download (2)\\dataconnect": could not find dataconnect.yaml in `c:\Users\NEW USER\Desktop\download (2)\dataconnect`
 {"metadata":{"emulator":{"name":"dataconnect"},"message":"E0608 15:06:54.128066   20612 watch.go:40] Failed to load config from \"c:\\\\Users\\\\NEW USER\\\\Desktop\\\\download (2)\\\\dataconnect\": could not find dataconnect.yaml in `c:\\Users\\NEW USER\\Desktop\\download (2)\\dataconnect`\n"}}
[debug] [2026-06-08T14:07:04.128Z] E0608 15:07:04.128180   20612 watch.go:116] watchAllDir unable to walk dir `c:\Users\NEW USER\Desktop\download (2)\dataconnect`: GetFileAttributesEx c:\Users\NEW USER\Desktop\download (2)\dataconnect: The system cannot find the file specified.
E0608 15:07:04.128180   20612 watch.go:40] Failed to load config from "c:\\Users\\NEW USER\\Desktop\\download (2)\\dataconnect": could not find dataconnect.yaml in `c:\Users\NEW USER\Desktop\download (2)\dataconnect`
 {"metadata":{"emulator":{"name":"dataconnect"},"message":"E0608 15:07:04.128180   20612 watch.go:116] watchAllDir unable to walk dir `c:\\Users\\NEW USER\\Desktop\\download (2)\\dataconnect`: GetFileAttributesEx c:\\Users\\NEW USER\\Desktop\\download (2)\\dataconnect: The system cannot find the file specified.\nE0608 15:07:04.128180   20612 watch.go:40] Failed to load config from \"c:\\\\Users\\\\NEW USER\\\\Desktop\\\\download (2)\\\\dataconnect\": could not find dataconnect.yaml in `c:\\Users\\NEW USER\\Desktop\\download (2)\\dataconnect`\n"}}
[debug] [2026-06-08T14:07:14.128Z] E0608 15:07:14.128339   20612 watch.go:40] Failed to load config from "c:\\Users\\NEW USER\\Desktop\\download (2)\\dataconnect": could not find dataconnect.yaml in `c:\Users\NEW USER\Desktop\download (2)\dataconnect`
 {"metadata":{"emulator":{"name":"dataconnect"},"message":"E0608 15:07:14.128339   20612 watch.go:40] Failed to load config from \"c:\\\\Users\\\\NEW USER\\\\Desktop\\\\download (2)\\\\dataconnect\": could not find dataconnect.yaml in `c:\\Users\\NEW USER\\Desktop\\download (2)\\dataconnect`\n"}}
[debug] [2026-06-08T14:07:24.128Z] E0608 15:07:24.128179   20612 watch.go:40] Failed to load config from "c:\\Users\\NEW USER\\Desktop\\download (2)\\dataconnect": could not find dataconnect.yaml in `c:\Users\NEW USER\Desktop\download (2)\dataconnect`
 {"metadata":{"emulator":{"name":"dataconnect"},"message":"E0608 15:07:24.128179   20612 watch.go:40] Failed to load config from \"c:\\\\Users\\\\NEW USER\\\\Desktop\\\\download (2)\\\\dataconnect\": could not find dataconnect.yaml in `c:\\Users\\NEW USER\\Desktop\\download (2)\\dataconnect`\n"}}
[debug] [2026-06-08T14:07:34.130Z] E0608 15:07:34.129406   20612 watch.go:40] Failed to load config from "c:\\Users\\NEW USER\\Desktop\\download (2)\\dataconnect": could not find dataconnect.yaml in `c:\Users\NEW USER\Desktop\download (2)\dataconnect`
 {"metadata":{"emulator":{"name":"dataconnect"},"message":"E0608 15:07:34.129406   20612 watch.go:40] Failed to load config from \"c:\\\\Users\\\\NEW USER\\\\Desktop\\\\download (2)\\\\dataconnect\": could not find dataconnect.yaml in `c:\\Users\\NEW USER\\Desktop\\download (2)\\dataconnect`\n"}}
[debug] [2026-06-08T14:07:44.130Z] E0608 15:07:44.129504   20612 watch.go:40] Failed to load config from "c:\\Users\\NEW USER\\Desktop\\download (2)\\dataconnect": could not find dataconnect.yaml in `c:\Users\NEW USER\Desktop\download (2)\dataconnect`
 {"metadata":{"emulator":{"name":"dataconnect"},"message":"E0608 15:07:44.129504   20612 watch.go:40] Failed to load config from \"c:\\\\Users\\\\NEW USER\\\\Desktop\\\\download (2)\\\\dataconnect\": could not find dataconnect.yaml in `c:\\Users\\NEW USER\\Desktop\\download (2)\\dataconnect`\n"}}
[debug] [2026-06-08T14:07:54.130Z] E0608 15:07:54.129529   20612 watch.go:40] Failed to load config from "c:\\Users\\NEW USER\\Desktop\\download (2)\\dataconnect": could not find dataconnect.yaml in `c:\Users\NEW USER\Desktop\download (2)\dataconnect`
 {"metadata":{"emulator":{"name":"dataconnect"},"message":"E0608 15:07:54.129529   20612 watch.go:40] Failed to load config from \"c:\\\\Users\\\\NEW USER\\\\Desktop\\\\download (2)\\\\dataconnect\": could not find dataconnect.yaml in `c:\\Users\\NEW USER\\Desktop\\download (2)\\dataconnect`\n"}}
[debug] [2026-06-08T14:08:04.128Z] E0608 15:08:04.128186   20612 watch.go:116] watchAllDir unable to walk dir `c:\Users\NEW USER\Desktop\download (2)\dataconnect`: GetFileAttributesEx c:\Users\NEW USER\Desktop\download (2)\dataconnect: The system cannot find the file specified.
E0608 15:08:04.128186   20612 watch.go:40] Failed to load config from "c:\\Users\\NEW USER\\Desktop\\download (2)\\dataconnect": could not find dataconnect.yaml in `c:\Users\NEW USER\Desktop\download (2)\dataconnect`
 {"metadata":{"emulator":{"name":"dataconnect"},"message":"E0608 15:08:04.128186   20612 watch.go:116] watchAllDir unable to walk dir `c:\\Users\\NEW USER\\Desktop\\download (2)\\dataconnect`: GetFileAttributesEx c:\\Users\\NEW USER\\Desktop\\download (2)\\dataconnect: The system cannot find the file specified.\nE0608 15:08:04.128186   20612 watch.go:40] Failed to load config from \"c:\\\\Users\\\\NEW USER\\\\Desktop\\\\download (2)\\\\dataconnect\": could not find dataconnect.yaml in `c:\\Users\\NEW USER\\Desktop\\download (2)\\dataconnect`\n"}}
[debug] [2026-06-08T14:08:14.129Z] E0608 15:08:14.128878   20612 watch.go:40] Failed to load config from "c:\\Users\\NEW USER\\Desktop\\download (2)\\dataconnect": could not find dataconnect.yaml in `c:\Users\NEW USER\Desktop\download (2)\dataconnect`
 {"metadata":{"emulator":{"name":"dataconnect"},"message":"E0608 15:08:14.128878   20612 watch.go:40] Failed to load config from \"c:\\\\Users\\\\NEW USER\\\\Desktop\\\\download (2)\\\\dataconnect\": could not find dataconnect.yaml in `c:\\Users\\NEW USER\\Desktop\\download (2)\\dataconnect`\n"}}
[debug] [2026-06-08T14:08:24.129Z] E0608 15:08:24.128238   20612 watch.go:40] Failed to load config from "c:\\Users\\NEW USER\\Desktop\\download (2)\\dataconnect": could not find dataconnect.yaml in `c:\Users\NEW USER\Desktop\download (2)\dataconnect`
 {"metadata":{"emulator":{"name":"dataconnect"},"message":"E0608 15:08:24.128238   20612 watch.go:40] Failed to load config from \"c:\\\\Users\\\\NEW USER\\\\Desktop\\\\download (2)\\\\dataconnect\": could not find dataconnect.yaml in `c:\\Users\\NEW USER\\Desktop\\download (2)\\dataconnect`\n"}}
[debug] [2026-06-08T14:08:34.131Z] E0608 15:08:34.129952   20612 watch.go:40] Failed to load config from "c:\\Users\\NEW USER\\Desktop\\download (2)\\dataconnect": could not find dataconnect.yaml in `c:\Users\NEW USER\Desktop\download (2)\dataconnect`
 {"metadata":{"emulator":{"name":"dataconnect"},"message":"E0608 15:08:34.129952   20612 watch.go:40] Failed to load config from \"c:\\\\Users\\\\NEW USER\\\\Desktop\\\\download (2)\\\\dataconnect\": could not find dataconnect.yaml in `c:\\Users\\NEW USER\\Desktop\\download (2)\\dataconnect`\n"}}
[debug] [2026-06-08T14:08:44.130Z] E0608 15:08:44.128989   20612 watch.go:40] Failed to load config from "c:\\Users\\NEW USER\\Desktop\\download (2)\\dataconnect": could not find dataconnect.yaml in `c:\Users\NEW USER\Desktop\download (2)\dataconnect`
 {"metadata":{"emulator":{"name":"dataconnect"},"message":"E0608 15:08:44.128989   20612 watch.go:40] Failed to load config from \"c:\\\\Users\\\\NEW USER\\\\Desktop\\\\download (2)\\\\dataconnect\": could not find dataconnect.yaml in `c:\\Users\\NEW USER\\Desktop\\download (2)\\dataconnect`\n"}}
[debug] [2026-06-08T14:08:54.130Z] E0608 15:08:54.129756   20612 watch.go:40] Failed to load config from "c:\\Users\\NEW USER\\Desktop\\download (2)\\dataconnect": could not find dataconnect.yaml in `c:\Users\NEW USER\Desktop\download (2)\dataconnect`
 {"metadata":{"emulator":{"name":"dataconnect"},"message":"E0608 15:08:54.129756   20612 watch.go:40] Failed to load config from \"c:\\\\Users\\\\NEW USER\\\\Desktop\\\\download (2)\\\\dataconnect\": could not find dataconnect.yaml in `c:\\Users\\NEW USER\\Desktop\\download (2)\\dataconnect`\n"}}
[debug] [2026-06-08T14:09:04.128Z] E0608 15:09:04.128266   20612 watch.go:116] watchAllDir unable to walk dir `c:\Users\NEW USER\Desktop\download (2)\dataconnect`: GetFileAttributesEx c:\Users\NEW USER\Desktop\download (2)\dataconnect: The system cannot find the file specified.
E0608 15:09:04.128266   20612 watch.go:40] Failed to load config from "c:\\Users\\NEW USER\\Desktop\\download (2)\\dataconnect": could not find dataconnect.yaml in `c:\Users\NEW USER\Desktop\download (2)\dataconnect`
 {"metadata":{"emulator":{"name":"dataconnect"},"message":"E0608 15:09:04.128266   20612 watch.go:116] watchAllDir unable to walk dir `c:\\Users\\NEW USER\\Desktop\\download (2)\\dataconnect`: GetFileAttributesEx c:\\Users\\NEW USER\\Desktop\\download (2)\\dataconnect: The system cannot find the file specified.\nE0608 15:09:04.128266   20612 watch.go:40] Failed to load config from \"c:\\\\Users\\\\NEW USER\\\\Desktop\\\\download (2)\\\\dataconnect\": could not find dataconnect.yaml in `c:\\Users\\NEW USER\\Desktop\\download (2)\\dataconnect`\n"}}
[debug] [2026-06-08T14:09:14.130Z] E0608 15:09:14.129470   20612 watch.go:40] Failed to load config from "c:\\Users\\NEW USER\\Desktop\\download (2)\\dataconnect": could not find dataconnect.yaml in `c:\Users\NEW USER\Desktop\download (2)\dataconnect`
 {"metadata":{"emulator":{"name":"dataconnect"},"message":"E0608 15:09:14.129470   20612 watch.go:40] Failed to load config from \"c:\\\\Users\\\\NEW USER\\\\Desktop\\\\download (2)\\\\dataconnect\": could not find dataconnect.yaml in `c:\\Users\\NEW USER\\Desktop\\download (2)\\dataconnect`\n"}}
[debug] [2026-06-08T14:09:24.128Z] E0608 15:09:24.128384   20612 watch.go:40] Failed to load config from "c:\\Users\\NEW USER\\Desktop\\download (2)\\dataconnect": could not find dataconnect.yaml in `c:\Users\NEW USER\Desktop\download (2)\dataconnect`
 {"metadata":{"emulator":{"name":"dataconnect"},"message":"E0608 15:09:24.128384   20612 watch.go:40] Failed to load config from \"c:\\\\Users\\\\NEW USER\\\\Desktop\\\\download (2)\\\\dataconnect\": could not find dataconnect.yaml in `c:\\Users\\NEW USER\\Desktop\\download (2)\\dataconnect`\n"}}
[debug] [2026-06-08T14:09:34.130Z] E0608 15:09:34.130073   20612 watch.go:40] Failed to load config from "c:\\Users\\NEW USER\\Desktop\\download (2)\\dataconnect": could not find dataconnect.yaml in `c:\Users\NEW USER\Desktop\download (2)\dataconnect`
 {"metadata":{"emulator":{"name":"dataconnect"},"message":"E0608 15:09:34.130073   20612 watch.go:40] Failed to load config from \"c:\\\\Users\\\\NEW USER\\\\Desktop\\\\download (2)\\\\dataconnect\": could not find dataconnect.yaml in `c:\\Users\\NEW USER\\Desktop\\download (2)\\dataconnect`\n"}}
[debug] [2026-06-08T14:09:44.127Z] E0608 15:09:44.128289   20612 watch.go:40] Failed to load config from "c:\\Users\\NEW USER\\Desktop\\download (2)\\dataconnect": could not find dataconnect.yaml in `c:\Users\NEW USER\Desktop\download (2)\dataconnect`
 {"metadata":{"emulator":{"name":"dataconnect"},"message":"E0608 15:09:44.128289   20612 watch.go:40] Failed to load config from \"c:\\\\Users\\\\NEW USER\\\\Desktop\\\\download (2)\\\\dataconnect\": could not find dataconnect.yaml in `c:\\Users\\NEW USER\\Desktop\\download (2)\\dataconnect`\n"}}
[debug] [2026-06-08T14:09:54.129Z] E0608 15:09:54.129202   20612 watch.go:40] Failed to load config from "c:\\Users\\NEW USER\\Desktop\\download (2)\\dataconnect": could not find dataconnect.yaml in `c:\Users\NEW USER\Desktop\download (2)\dataconnect`
 {"metadata":{"emulator":{"name":"dataconnect"},"message":"E0608 15:09:54.129202   20612 watch.go:40] Failed to load config from \"c:\\\\Users\\\\NEW USER\\\\Desktop\\\\download (2)\\\\dataconnect\": could not find dataconnect.yaml in `c:\\Users\\NEW USER\\Desktop\\download (2)\\dataconnect`\n"}}
[debug] [2026-06-08T14:10:04.129Z] E0608 15:10:04.129521   20612 watch.go:116] watchAllDir unable to walk dir `c:\Users\NEW USER\Desktop\download (2)\dataconnect`: GetFileAttributesEx c:\Users\NEW USER\Desktop\download (2)\dataconnect: The system cannot find the file specified.
 {"metadata":{"emulator":{"name":"dataconnect"},"message":"E0608 15:10:04.129521   20612 watch.go:116] watchAllDir unable to walk dir `c:\\Users\\NEW USER\\Desktop\\download (2)\\dataconnect`: GetFileAttributesEx c:\\Users\\NEW USER\\Desktop\\download (2)\\dataconnect: The system cannot find the file specified.\n"}}
[debug] [2026-06-08T14:10:04.131Z] E0608 15:10:04.130116   20612 watch.go:40] Failed to load config from "c:\\Users\\NEW USER\\Desktop\\download (2)\\dataconnect": could not find dataconnect.yaml in `c:\Users\NEW USER\Desktop\download (2)\dataconnect`
 {"metadata":{"emulator":{"name":"dataconnect"},"message":"E0608 15:10:04.130116   20612 watch.go:40] Failed to load config from \"c:\\\\Users\\\\NEW USER\\\\Desktop\\\\download (2)\\\\dataconnect\": could not find dataconnect.yaml in `c:\\Users\\NEW USER\\Desktop\\download (2)\\dataconnect`\n"}}
[debug] [2026-06-08T14:10:14.129Z] E0608 15:10:14.129392   20612 watch.go:40] Failed to load config from "c:\\Users\\NEW USER\\Desktop\\download (2)\\dataconnect": could not find dataconnect.yaml in `c:\Users\NEW USER\Desktop\download (2)\dataconnect`
 {"metadata":{"emulator":{"name":"dataconnect"},"message":"E0608 15:10:14.129392   20612 watch.go:40] Failed to load config from \"c:\\\\Users\\\\NEW USER\\\\Desktop\\\\download (2)\\\\dataconnect\": could not find dataconnect.yaml in `c:\\Users\\NEW USER\\Desktop\\download (2)\\dataconnect`\n"}}
[debug] [2026-06-08T14:10:24.128Z] E0608 15:10:24.129030   20612 watch.go:40] Failed to load config from "c:\\Users\\NEW USER\\Desktop\\download (2)\\dataconnect": could not find dataconnect.yaml in `c:\Users\NEW USER\Desktop\download (2)\dataconnect`
 {"metadata":{"emulator":{"name":"dataconnect"},"message":"E0608 15:10:24.129030   20612 watch.go:40] Failed to load config from \"c:\\\\Users\\\\NEW USER\\\\Desktop\\\\download (2)\\\\dataconnect\": could not find dataconnect.yaml in `c:\\Users\\NEW USER\\Desktop\\download (2)\\dataconnect`\n"}}
[debug] [2026-06-08T14:10:34.129Z] E0608 15:10:34.128773   20612 watch.go:40] Failed to load config from "c:\\Users\\NEW USER\\Desktop\\download (2)\\dataconnect": could not find dataconnect.yaml in `c:\Users\NEW USER\Desktop\download (2)\dataconnect`
 {"metadata":{"emulator":{"name":"dataconnect"},"message":"E0608 15:10:34.128773   20612 watch.go:40] Failed to load config from \"c:\\\\Users\\\\NEW USER\\\\Desktop\\\\download (2)\\\\dataconnect\": could not find dataconnect.yaml in `c:\\Users\\NEW USER\\Desktop\\download (2)\\dataconnect`\n"}}
[debug] [2026-06-08T14:10:44.130Z] E0608 15:10:44.129049   20612 watch.go:40] Failed to load config from "c:\\Users\\NEW USER\\Desktop\\download (2)\\dataconnect": could not find dataconnect.yaml in `c:\Users\NEW USER\Desktop\download (2)\dataconnect`
 {"metadata":{"emulator":{"name":"dataconnect"},"message":"E0608 15:10:44.129049   20612 watch.go:40] Failed to load config from \"c:\\\\Users\\\\NEW USER\\\\Desktop\\\\download (2)\\\\dataconnect\": could not find dataconnect.yaml in `c:\\Users\\NEW USER\\Desktop\\download (2)\\dataconnect`\n"}}
[debug] [2026-06-08T14:10:54.130Z] E0608 15:10:54.129658   20612 watch.go:40] Failed to load config from "c:\\Users\\NEW USER\\Desktop\\download (2)\\dataconnect": could not find dataconnect.yaml in `c:\Users\NEW USER\Desktop\download (2)\dataconnect`
 {"metadata":{"emulator":{"name":"dataconnect"},"message":"E0608 15:10:54.129658   20612 watch.go:40] Failed to load config from \"c:\\\\Users\\\\NEW USER\\\\Desktop\\\\download (2)\\\\dataconnect\": could not find dataconnect.yaml in `c:\\Users\\NEW USER\\Desktop\\download (2)\\dataconnect`\n"}}
[debug] [2026-06-08T14:11:04.130Z] E0608 15:11:04.129502   20612 watch.go:116] watchAllDir unable to walk dir `c:\Users\NEW USER\Desktop\download (2)\dataconnect`: GetFileAttributesEx c:\Users\NEW USER\Desktop\download (2)\dataconnect: The system cannot find the file specified.
 {"metadata":{"emulator":{"name":"dataconnect"},"message":"E0608 15:11:04.129502   20612 watch.go:116] watchAllDir unable to walk dir `c:\\Users\\NEW USER\\Desktop\\download (2)\\dataconnect`: GetFileAttributesEx c:\\Users\\NEW USER\\Desktop\\download (2)\\dataconnect: The system cannot find the file specified.\n"}}
[debug] [2026-06-08T14:11:04.132Z] E0608 15:11:04.130161   20612 watch.go:40] Failed to load config from "c:\\Users\\NEW USER\\Desktop\\download (2)\\dataconnect": could not find dataconnect.yaml in `c:\Users\NEW USER\Desktop\download (2)\dataconnect`
 {"metadata":{"emulator":{"name":"dataconnect"},"message":"E0608 15:11:04.130161   20612 watch.go:40] Failed to load config from \"c:\\\\Users\\\\NEW USER\\\\Desktop\\\\download (2)\\\\dataconnect\": could not find dataconnect.yaml in `c:\\Users\\NEW USER\\Desktop\\download (2)\\dataconnect`\n"}}
[debug] [2026-06-08T14:11:14.129Z] E0608 15:11:14.129011   20612 watch.go:40] Failed to load config from "c:\\Users\\NEW USER\\Desktop\\download (2)\\dataconnect": could not find dataconnect.yaml in `c:\Users\NEW USER\Desktop\download (2)\dataconnect`
 {"metadata":{"emulator":{"name":"dataconnect"},"message":"E0608 15:11:14.129011   20612 watch.go:40] Failed to load config from \"c:\\\\Users\\\\NEW USER\\\\Desktop\\\\download (2)\\\\dataconnect\": could not find dataconnect.yaml in `c:\\Users\\NEW USER\\Desktop\\download (2)\\dataconnect`\n"}}
[debug] [2026-06-08T14:11:24.130Z] E0608 15:11:24.129625   20612 watch.go:40] Failed to load config from "c:\\Users\\NEW USER\\Desktop\\download (2)\\dataconnect": could not find dataconnect.yaml in `c:\Users\NEW USER\Desktop\download (2)\dataconnect`
 {"metadata":{"emulator":{"name":"dataconnect"},"message":"E0608 15:11:24.129625   20612 watch.go:40] Failed to load config from \"c:\\\\Users\\\\NEW USER\\\\Desktop\\\\download (2)\\\\dataconnect\": could not find dataconnect.yaml in `c:\\Users\\NEW USER\\Desktop\\download (2)\\dataconnect`\n"}}
[debug] [2026-06-08T14:11:34.130Z] E0608 15:11:34.128811   20612 watch.go:40] Failed to load config from "c:\\Users\\NEW USER\\Desktop\\download (2)\\dataconnect": could not find dataconnect.yaml in `c:\Users\NEW USER\Desktop\download (2)\dataconnect`
 {"metadata":{"emulator":{"name":"dataconnect"},"message":"E0608 15:11:34.128811   20612 watch.go:40] Failed to load config from \"c:\\\\Users\\\\NEW USER\\\\Desktop\\\\download (2)\\\\dataconnect\": could not find dataconnect.yaml in `c:\\Users\\NEW USER\\Desktop\\download (2)\\dataconnect`\n"}}
[debug] [2026-06-08T14:11:44.128Z] E0608 15:11:44.128391   20612 watch.go:40] Failed to load config from "c:\\Users\\NEW USER\\Desktop\\download (2)\\dataconnect": could not find dataconnect.yaml in `c:\Users\NEW USER\Desktop\download (2)\dataconnect`
 {"metadata":{"emulator":{"name":"dataconnect"},"message":"E0608 15:11:44.128391   20612 watch.go:40] Failed to load config from \"c:\\\\Users\\\\NEW USER\\\\Desktop\\\\download (2)\\\\dataconnect\": could not find dataconnect.yaml in `c:\\Users\\NEW USER\\Desktop\\download (2)\\dataconnect`\n"}}
[debug] [2026-06-08T14:11:54.128Z] E0608 15:11:54.128144   20612 watch.go:40] Failed to load config from "c:\\Users\\NEW USER\\Desktop\\download (2)\\dataconnect": could not find dataconnect.yaml in `c:\Users\NEW USER\Desktop\download (2)\dataconnect`
 {"metadata":{"emulator":{"name":"dataconnect"},"message":"E0608 15:11:54.128144   20612 watch.go:40] Failed to load config from \"c:\\\\Users\\\\NEW USER\\\\Desktop\\\\download (2)\\\\dataconnect\": could not find dataconnect.yaml in `c:\\Users\\NEW USER\\Desktop\\download (2)\\dataconnect`\n"}}
[debug] [2026-06-08T14:12:04.128Z] E0608 15:12:04.128180   20612 watch.go:116] watchAllDir unable to walk dir `c:\Users\NEW USER\Desktop\download (2)\dataconnect`: GetFileAttributesEx c:\Users\NEW USER\Desktop\download (2)\dataconnect: The system cannot find the file specified.
 {"metadata":{"emulator":{"name":"dataconnect"},"message":"E0608 15:12:04.128180   20612 watch.go:116] watchAllDir unable to walk dir `c:\\Users\\NEW USER\\Desktop\\download (2)\\dataconnect`: GetFileAttributesEx c:\\Users\\NEW USER\\Desktop\\download (2)\\dataconnect: The system cannot find the file specified.\n"}}
[debug] [2026-06-08T14:12:04.128Z] E0608 15:12:04.128180   20612 watch.go:40] Failed to load config from "c:\\Users\\NEW USER\\Desktop\\download (2)\\dataconnect": could not find dataconnect.yaml in `c:\Users\NEW USER\Desktop\download (2)\dataconnect`
 {"metadata":{"emulator":{"name":"dataconnect"},"message":"E0608 15:12:04.128180   20612 watch.go:40] Failed to load config from \"c:\\\\Users\\\\NEW USER\\\\Desktop\\\\download (2)\\\\dataconnect\": could not find dataconnect.yaml in `c:\\Users\\NEW USER\\Desktop\\download (2)\\dataconnect`\n"}}
[debug] [2026-06-08T14:12:14.128Z] E0608 15:12:14.128399   20612 watch.go:40] Failed to load config from "c:\\Users\\NEW USER\\Desktop\\download (2)\\dataconnect": could not find dataconnect.yaml in `c:\Users\NEW USER\Desktop\download (2)\dataconnect`
 {"metadata":{"emulator":{"name":"dataconnect"},"message":"E0608 15:12:14.128399   20612 watch.go:40] Failed to load config from \"c:\\\\Users\\\\NEW USER\\\\Desktop\\\\download (2)\\\\dataconnect\": could not find dataconnect.yaml in `c:\\Users\\NEW USER\\Desktop\\download (2)\\dataconnect`\n"}}
[debug] [2026-06-08T14:12:24.128Z] E0608 15:12:24.128012   20612 watch.go:40] Failed to load config from "c:\\Users\\NEW USER\\Desktop\\download (2)\\dataconnect": could not find dataconnect.yaml in `c:\Users\NEW USER\Desktop\download (2)\dataconnect`
 {"metadata":{"emulator":{"name":"dataconnect"},"message":"E0608 15:12:24.128012   20612 watch.go:40] Failed to load config from \"c:\\\\Users\\\\NEW USER\\\\Desktop\\\\download (2)\\\\dataconnect\": could not find dataconnect.yaml in `c:\\Users\\NEW USER\\Desktop\\download (2)\\dataconnect`\n"}}
[debug] [2026-06-08T14:12:34.128Z] E0608 15:12:34.128538   20612 watch.go:40] Failed to load config from "c:\\Users\\NEW USER\\Desktop\\download (2)\\dataconnect": could not find dataconnect.yaml in `c:\Users\NEW USER\Desktop\download (2)\dataconnect`
 {"metadata":{"emulator":{"name":"dataconnect"},"message":"E0608 15:12:34.128538   20612 watch.go:40] Failed to load config from \"c:\\\\Users\\\\NEW USER\\\\Desktop\\\\download (2)\\\\dataconnect\": could not find dataconnect.yaml in `c:\\Users\\NEW USER\\Desktop\\download (2)\\dataconnect`\n"}}
[debug] [2026-06-08T14:12:44.128Z] E0608 15:12:44.128342   20612 watch.go:40] Failed to load config from "c:\\Users\\NEW USER\\Desktop\\download (2)\\dataconnect": could not find dataconnect.yaml in `c:\Users\NEW USER\Desktop\download (2)\dataconnect`
 {"metadata":{"emulator":{"name":"dataconnect"},"message":"E0608 15:12:44.128342   20612 watch.go:40] Failed to load config from \"c:\\\\Users\\\\NEW USER\\\\Desktop\\\\download (2)\\\\dataconnect\": could not find dataconnect.yaml in `c:\\Users\\NEW USER\\Desktop\\download (2)\\dataconnect`\n"}}
[debug] [2026-06-08T14:12:54.128Z] E0608 15:12:54.128760   20612 watch.go:40] Failed to load config from "c:\\Users\\NEW USER\\Desktop\\download (2)\\dataconnect": could not find dataconnect.yaml in `c:\Users\NEW USER\Desktop\download (2)\dataconnect`
 {"metadata":{"emulator":{"name":"dataconnect"},"message":"E0608 15:12:54.128760   20612 watch.go:40] Failed to load config from \"c:\\\\Users\\\\NEW USER\\\\Desktop\\\\download (2)\\\\dataconnect\": could not find dataconnect.yaml in `c:\\Users\\NEW USER\\Desktop\\download (2)\\dataconnect`\n"}}
[debug] [2026-06-08T14:13:04.127Z] E0608 15:13:04.127986   20612 watch.go:116] watchAllDir unable to walk dir `c:\Users\NEW USER\Desktop\download (2)\dataconnect`: GetFileAttributesEx c:\Users\NEW USER\Desktop\download (2)\dataconnect: The system cannot find the file specified.
 {"metadata":{"emulator":{"name":"dataconnect"},"message":"E0608 15:13:04.127986   20612 watch.go:116] watchAllDir unable to walk dir `c:\\Users\\NEW USER\\Desktop\\download (2)\\dataconnect`: GetFileAttributesEx c:\\Users\\NEW USER\\Desktop\\download (2)\\dataconnect: The system cannot find the file specified.\n"}}
[debug] [2026-06-08T14:13:04.128Z] E0608 15:13:04.128551   20612 watch.go:40] Failed to load config from "c:\\Users\\NEW USER\\Desktop\\download (2)\\dataconnect": could not find dataconnect.yaml in `c:\Users\NEW USER\Desktop\download (2)\dataconnect`
 {"metadata":{"emulator":{"name":"dataconnect"},"message":"E0608 15:13:04.128551   20612 watch.go:40] Failed to load config from \"c:\\\\Users\\\\NEW USER\\\\Desktop\\\\download (2)\\\\dataconnect\": could not find dataconnect.yaml in `c:\\Users\\NEW USER\\Desktop\\download (2)\\dataconnect`\n"}}
[debug] [2026-06-08T14:13:14.130Z] E0608 15:13:14.129732   20612 watch.go:40] Failed to load config from "c:\\Users\\NEW USER\\Desktop\\download (2)\\dataconnect": could not find dataconnect.yaml in `c:\Users\NEW USER\Desktop\download (2)\dataconnect`
 {"metadata":{"emulator":{"name":"dataconnect"},"message":"E0608 15:13:14.129732   20612 watch.go:40] Failed to load config from \"c:\\\\Users\\\\NEW USER\\\\Desktop\\\\download (2)\\\\dataconnect\": could not find dataconnect.yaml in `c:\\Users\\NEW USER\\Desktop\\download (2)\\dataconnect`\n"}}
[debug] [2026-06-08T14:13:24.127Z] E0608 15:13:24.128034   20612 watch.go:40] Failed to load config from "c:\\Users\\NEW USER\\Desktop\\download (2)\\dataconnect": could not find dataconnect.yaml in `c:\Users\NEW USER\Desktop\download (2)\dataconnect`
 {"metadata":{"emulator":{"name":"dataconnect"},"message":"E0608 15:13:24.128034   20612 watch.go:40] Failed to load config from \"c:\\\\Users\\\\NEW USER\\\\Desktop\\\\download (2)\\\\dataconnect\": could not find dataconnect.yaml in `c:\\Users\\NEW USER\\Desktop\\download (2)\\dataconnect`\n"}}
[debug] [2026-06-08T14:13:34.128Z] E0608 15:13:34.128998   20612 watch.go:40] Failed to load config from "c:\\Users\\NEW USER\\Desktop\\download (2)\\dataconnect": could not find dataconnect.yaml in `c:\Users\NEW USER\Desktop\download (2)\dataconnect`
 {"metadata":{"emulator":{"name":"dataconnect"},"message":"E0608 15:13:34.128998   20612 watch.go:40] Failed to load config from \"c:\\\\Users\\\\NEW USER\\\\Desktop\\\\download (2)\\\\dataconnect\": could not find dataconnect.yaml in `c:\\Users\\NEW USER\\Desktop\\download (2)\\dataconnect`\n"}}
[debug] [2026-06-08T14:13:44.128Z] E0608 15:13:44.128263   20612 watch.go:40] Failed to load config from "c:\\Users\\NEW USER\\Desktop\\download (2)\\dataconnect": could not find dataconnect.yaml in `c:\Users\NEW USER\Desktop\download (2)\dataconnect`
 {"metadata":{"emulator":{"name":"dataconnect"},"message":"E0608 15:13:44.128263   20612 watch.go:40] Failed to load config from \"c:\\\\Users\\\\NEW USER\\\\Desktop\\\\download (2)\\\\dataconnect\": could not find dataconnect.yaml in `c:\\Users\\NEW USER\\Desktop\\download (2)\\dataconnect`\n"}}
[debug] [2026-06-08T14:13:54.128Z] E0608 15:13:54.128408   20612 watch.go:40] Failed to load config from "c:\\Users\\NEW USER\\Desktop\\download (2)\\dataconnect": could not find dataconnect.yaml in `c:\Users\NEW USER\Desktop\download (2)\dataconnect`
 {"metadata":{"emulator":{"name":"dataconnect"},"message":"E0608 15:13:54.128408   20612 watch.go:40] Failed to load config from \"c:\\\\Users\\\\NEW USER\\\\Desktop\\\\download (2)\\\\dataconnect\": could not find dataconnect.yaml in `c:\\Users\\NEW USER\\Desktop\\download (2)\\dataconnect`\n"}}
[debug] [2026-06-08T14:14:04.129Z] E0608 15:14:04.129423   20612 watch.go:116] watchAllDir unable to walk dir `c:\Users\NEW USER\Desktop\download (2)\dataconnect`: GetFileAttributesEx c:\Users\NEW USER\Desktop\download (2)\dataconnect: The system cannot find the file specified.
 {"metadata":{"emulator":{"name":"dataconnect"},"message":"E0608 15:14:04.129423   20612 watch.go:116] watchAllDir unable to walk dir `c:\\Users\\NEW USER\\Desktop\\download (2)\\dataconnect`: GetFileAttributesEx c:\\Users\\NEW USER\\Desktop\\download (2)\\dataconnect: The system cannot find the file specified.\n"}}
[debug] [2026-06-08T14:14:04.131Z] E0608 15:14:04.130733   20612 watch.go:40] Failed to load config from "c:\\Users\\NEW USER\\Desktop\\download (2)\\dataconnect": could not find dataconnect.yaml in `c:\Users\NEW USER\Desktop\download (2)\dataconnect`
 {"metadata":{"emulator":{"name":"dataconnect"},"message":"E0608 15:14:04.130733   20612 watch.go:40] Failed to load config from \"c:\\\\Users\\\\NEW USER\\\\Desktop\\\\download (2)\\\\dataconnect\": could not find dataconnect.yaml in `c:\\Users\\NEW USER\\Desktop\\download (2)\\dataconnect`\n"}}
[debug] [2026-06-08T14:14:14.130Z] E0608 15:14:14.130066   20612 watch.go:40] Failed to load config from "c:\\Users\\NEW USER\\Desktop\\download (2)\\dataconnect": could not find dataconnect.yaml in `c:\Users\NEW USER\Desktop\download (2)\dataconnect`
 {"metadata":{"emulator":{"name":"dataconnect"},"message":"E0608 15:14:14.130066   20612 watch.go:40] Failed to load config from \"c:\\\\Users\\\\NEW USER\\\\Desktop\\\\download (2)\\\\dataconnect\": could not find dataconnect.yaml in `c:\\Users\\NEW USER\\Desktop\\download (2)\\dataconnect`\n"}}
[debug] [2026-06-08T14:14:24.130Z] E0608 15:14:24.129958   20612 watch.go:40] Failed to load config from "c:\\Users\\NEW USER\\Desktop\\download (2)\\dataconnect": could not find dataconnect.yaml in `c:\Users\NEW USER\Desktop\download (2)\dataconnect`
 {"metadata":{"emulator":{"name":"dataconnect"},"message":"E0608 15:14:24.129958   20612 watch.go:40] Failed to load config from \"c:\\\\Users\\\\NEW USER\\\\Desktop\\\\download (2)\\\\dataconnect\": could not find dataconnect.yaml in `c:\\Users\\NEW USER\\Desktop\\download (2)\\dataconnect`\n"}}
[debug] [2026-06-08T14:14:34.130Z] E0608 15:14:34.129887   20612 watch.go:40] Failed to load config from "c:\\Users\\NEW USER\\Desktop\\download (2)\\dataconnect": could not find dataconnect.yaml in `c:\Users\NEW USER\Desktop\download (2)\dataconnect`
 {"metadata":{"emulator":{"name":"dataconnect"},"message":"E0608 15:14:34.129887   20612 watch.go:40] Failed to load config from \"c:\\\\Users\\\\NEW USER\\\\Desktop\\\\download (2)\\\\dataconnect\": could not find dataconnect.yaml in `c:\\Users\\NEW USER\\Desktop\\download (2)\\dataconnect`\n"}}
[debug] [2026-06-08T14:14:44.130Z] E0608 15:14:44.130060   20612 watch.go:40] Failed to load config from "c:\\Users\\NEW USER\\Desktop\\download (2)\\dataconnect": could not find dataconnect.yaml in `c:\Users\NEW USER\Desktop\download (2)\dataconnect`
 {"metadata":{"emulator":{"name":"dataconnect"},"message":"E0608 15:14:44.130060   20612 watch.go:40] Failed to load config from \"c:\\\\Users\\\\NEW USER\\\\Desktop\\\\download (2)\\\\dataconnect\": could not find dataconnect.yaml in `c:\\Users\\NEW USER\\Desktop\\download (2)\\dataconnect`\n"}}
[debug] [2026-06-08T14:14:54.130Z] E0608 15:14:54.129826   20612 watch.go:40] Failed to load config from "c:\\Users\\NEW USER\\Desktop\\download (2)\\dataconnect": could not find dataconnect.yaml in `c:\Users\NEW USER\Desktop\download (2)\dataconnect`
 {"metadata":{"emulator":{"name":"dataconnect"},"message":"E0608 15:14:54.129826   20612 watch.go:40] Failed to load config from \"c:\\\\Users\\\\NEW USER\\\\Desktop\\\\download (2)\\\\dataconnect\": could not find dataconnect.yaml in `c:\\Users\\NEW USER\\Desktop\\download (2)\\dataconnect`\n"}}
[debug] [2026-06-08T14:15:04.129Z] E0608 15:15:04.128757   20612 watch.go:116] watchAllDir unable to walk dir `c:\Users\NEW USER\Desktop\download (2)\dataconnect`: GetFileAttributesEx c:\Users\NEW USER\Desktop\download (2)\dataconnect: The system cannot find the file specified.
 {"metadata":{"emulator":{"name":"dataconnect"},"message":"E0608 15:15:04.128757   20612 watch.go:116] watchAllDir unable to walk dir `c:\\Users\\NEW USER\\Desktop\\download (2)\\dataconnect`: GetFileAttributesEx c:\\Users\\NEW USER\\Desktop\\download (2)\\dataconnect: The system cannot find the file specified.\n"}}
[debug] [2026-06-08T14:15:04.130Z] E0608 15:15:04.129514   20612 watch.go:40] Failed to load config from "c:\\Users\\NEW USER\\Desktop\\download (2)\\dataconnect": could not find dataconnect.yaml in `c:\Users\NEW USER\Desktop\download (2)\dataconnect`
 {"metadata":{"emulator":{"name":"dataconnect"},"message":"E0608 15:15:04.129514   20612 watch.go:40] Failed to load config from \"c:\\\\Users\\\\NEW USER\\\\Desktop\\\\download (2)\\\\dataconnect\": could not find dataconnect.yaml in `c:\\Users\\NEW USER\\Desktop\\download (2)\\dataconnect`\n"}}
[debug] [2026-06-08T14:15:14.129Z] E0608 15:15:14.129123   20612 watch.go:40] Failed to load config from "c:\\Users\\NEW USER\\Desktop\\download (2)\\dataconnect": could not find dataconnect.yaml in `c:\Users\NEW USER\Desktop\download (2)\dataconnect`
 {"metadata":{"emulator":{"name":"dataconnect"},"message":"E0608 15:15:14.129123   20612 watch.go:40] Failed to load config from \"c:\\\\Users\\\\NEW USER\\\\Desktop\\\\download (2)\\\\dataconnect\": could not find dataconnect.yaml in `c:\\Users\\NEW USER\\Desktop\\download (2)\\dataconnect`\n"}}
[debug] [2026-06-08T14:15:24.128Z] E0608 15:15:24.128137   20612 watch.go:40] Failed to load config from "c:\\Users\\NEW USER\\Desktop\\download (2)\\dataconnect": could not find dataconnect.yaml in `c:\Users\NEW USER\Desktop\download (2)\dataconnect`
 {"metadata":{"emulator":{"name":"dataconnect"},"message":"E0608 15:15:24.128137   20612 watch.go:40] Failed to load config from \"c:\\\\Users\\\\NEW USER\\\\Desktop\\\\download (2)\\\\dataconnect\": could not find dataconnect.yaml in `c:\\Users\\NEW USER\\Desktop\\download (2)\\dataconnect`\n"}}
[debug] [2026-06-08T14:15:34.128Z] E0608 15:15:34.128258   20612 watch.go:40] Failed to load config from "c:\\Users\\NEW USER\\Desktop\\download (2)\\dataconnect": could not find dataconnect.yaml in `c:\Users\NEW USER\Desktop\download (2)\dataconnect`
 {"metadata":{"emulator":{"name":"dataconnect"},"message":"E0608 15:15:34.128258   20612 watch.go:40] Failed to load config from \"c:\\\\Users\\\\NEW USER\\\\Desktop\\\\download (2)\\\\dataconnect\": could not find dataconnect.yaml in `c:\\Users\\NEW USER\\Desktop\\download (2)\\dataconnect`\n"}}
[debug] [2026-06-08T14:15:44.129Z] E0608 15:15:44.128706   20612 watch.go:40] Failed to load config from "c:\\Users\\NEW USER\\Desktop\\download (2)\\dataconnect": could not find dataconnect.yaml in `c:\Users\NEW USER\Desktop\download (2)\dataconnect`
 {"metadata":{"emulator":{"name":"dataconnect"},"message":"E0608 15:15:44.128706   20612 watch.go:40] Failed to load config from \"c:\\\\Users\\\\NEW USER\\\\Desktop\\\\download (2)\\\\dataconnect\": could not find dataconnect.yaml in `c:\\Users\\NEW USER\\Desktop\\download (2)\\dataconnect`\n"}}
[debug] [2026-06-08T14:15:54.130Z] E0608 15:15:54.129218   20612 watch.go:40] Failed to load config from "c:\\Users\\NEW USER\\Desktop\\download (2)\\dataconnect": could not find dataconnect.yaml in `c:\Users\NEW USER\Desktop\download (2)\dataconnect`
 {"metadata":{"emulator":{"name":"dataconnect"},"message":"E0608 15:15:54.129218   20612 watch.go:40] Failed to load config from \"c:\\\\Users\\\\NEW USER\\\\Desktop\\\\download (2)\\\\dataconnect\": could not find dataconnect.yaml in `c:\\Users\\NEW USER\\Desktop\\download (2)\\dataconnect`\n"}}
[debug] [2026-06-08T14:16:04.129Z] E0608 15:16:04.128747   20612 watch.go:116] watchAllDir unable to walk dir `c:\Users\NEW USER\Desktop\download (2)\dataconnect`: GetFileAttributesEx c:\Users\NEW USER\Desktop\download (2)\dataconnect: The system cannot find the file specified.
 {"metadata":{"emulator":{"name":"dataconnect"},"message":"E0608 15:16:04.128747   20612 watch.go:116] watchAllDir unable to walk dir `c:\\Users\\NEW USER\\Desktop\\download (2)\\dataconnect`: GetFileAttributesEx c:\\Users\\NEW USER\\Desktop\\download (2)\\dataconnect: The system cannot find the file specified.\n"}}
[debug] [2026-06-08T14:16:04.131Z] E0608 15:16:04.129377   20612 watch.go:40] Failed to load config from "c:\\Users\\NEW USER\\Desktop\\download (2)\\dataconnect": could not find dataconnect.yaml in `c:\Users\NEW USER\Desktop\download (2)\dataconnect`
 {"metadata":{"emulator":{"name":"dataconnect"},"message":"E0608 15:16:04.129377   20612 watch.go:40] Failed to load config from \"c:\\\\Users\\\\NEW USER\\\\Desktop\\\\download (2)\\\\dataconnect\": could not find dataconnect.yaml in `c:\\Users\\NEW USER\\Desktop\\download (2)\\dataconnect`\n"}}
[debug] [2026-06-08T14:16:14.130Z] E0608 15:16:14.129396   20612 watch.go:40] Failed to load config from "c:\\Users\\NEW USER\\Desktop\\download (2)\\dataconnect": could not find dataconnect.yaml in `c:\Users\NEW USER\Desktop\download (2)\dataconnect`
 {"metadata":{"emulator":{"name":"dataconnect"},"message":"E0608 15:16:14.129396   20612 watch.go:40] Failed to load config from \"c:\\\\Users\\\\NEW USER\\\\Desktop\\\\download (2)\\\\dataconnect\": could not find dataconnect.yaml in `c:\\Users\\NEW USER\\Desktop\\download (2)\\dataconnect`\n"}}
[debug] [2026-06-08T14:16:24.129Z] E0608 15:16:24.129024   20612 watch.go:40] Failed to load config from "c:\\Users\\NEW USER\\Desktop\\download (2)\\dataconnect": could not find dataconnect.yaml in `c:\Users\NEW USER\Desktop\download (2)\dataconnect`
 {"metadata":{"emulator":{"name":"dataconnect"},"message":"E0608 15:16:24.129024   20612 watch.go:40] Failed to load config from \"c:\\\\Users\\\\NEW USER\\\\Desktop\\\\download (2)\\\\dataconnect\": could not find dataconnect.yaml in `c:\\Users\\NEW USER\\Desktop\\download (2)\\dataconnect`\n"}}
[debug] [2026-06-08T14:16:34.129Z] E0608 15:16:34.129057   20612 watch.go:40] Failed to load config from "c:\\Users\\NEW USER\\Desktop\\download (2)\\dataconnect": could not find dataconnect.yaml in `c:\Users\NEW USER\Desktop\download (2)\dataconnect`
 {"metadata":{"emulator":{"name":"dataconnect"},"message":"E0608 15:16:34.129057   20612 watch.go:40] Failed to load config from \"c:\\\\Users\\\\NEW USER\\\\Desktop\\\\download (2)\\\\dataconnect\": could not find dataconnect.yaml in `c:\\Users\\NEW USER\\Desktop\\download (2)\\dataconnect`\n"}}
[debug] [2026-06-08T14:16:44.128Z] E0608 15:16:44.128423   20612 watch.go:40] Failed to load config from "c:\\Users\\NEW USER\\Desktop\\download (2)\\dataconnect": could not find dataconnect.yaml in `c:\Users\NEW USER\Desktop\download (2)\dataconnect`
 {"metadata":{"emulator":{"name":"dataconnect"},"message":"E0608 15:16:44.128423   20612 watch.go:40] Failed to load config from \"c:\\\\Users\\\\NEW USER\\\\Desktop\\\\download (2)\\\\dataconnect\": could not find dataconnect.yaml in `c:\\Users\\NEW USER\\Desktop\\download (2)\\dataconnect`\n"}}
[debug] [2026-06-08T14:16:54.130Z] E0608 15:16:54.129123   20612 watch.go:40] Failed to load config from "c:\\Users\\NEW USER\\Desktop\\download (2)\\dataconnect": could not find dataconnect.yaml in `c:\Users\NEW USER\Desktop\download (2)\dataconnect`
 {"metadata":{"emulator":{"name":"dataconnect"},"message":"E0608 15:16:54.129123   20612 watch.go:40] Failed to load config from \"c:\\\\Users\\\\NEW USER\\\\Desktop\\\\download (2)\\\\dataconnect\": could not find dataconnect.yaml in `c:\\Users\\NEW USER\\Desktop\\download (2)\\dataconnect`\n"}}
[debug] [2026-06-08T14:17:04.128Z] E0608 15:17:04.128120   20612 watch.go:116] watchAllDir unable to walk dir `c:\Users\NEW USER\Desktop\download (2)\dataconnect`: GetFileAttributesEx c:\Users\NEW USER\Desktop\download (2)\dataconnect: The system cannot find the file specified.
 {"metadata":{"emulator":{"name":"dataconnect"},"message":"E0608 15:17:04.128120   20612 watch.go:116] watchAllDir unable to walk dir `c:\\Users\\NEW USER\\Desktop\\download (2)\\dataconnect`: GetFileAttributesEx c:\\Users\\NEW USER\\Desktop\\download (2)\\dataconnect: The system cannot find the file specified.\n"}}
[debug] [2026-06-08T14:17:04.128Z] E0608 15:17:04.128120   20612 watch.go:40] Failed to load config from "c:\\Users\\NEW USER\\Desktop\\download (2)\\dataconnect": could not find dataconnect.yaml in `c:\Users\NEW USER\Desktop\download (2)\dataconnect`
 {"metadata":{"emulator":{"name":"dataconnect"},"message":"E0608 15:17:04.128120   20612 watch.go:40] Failed to load config from \"c:\\\\Users\\\\NEW USER\\\\Desktop\\\\download (2)\\\\dataconnect\": could not find dataconnect.yaml in `c:\\Users\\NEW USER\\Desktop\\download (2)\\dataconnect`\n"}}
[debug] [2026-06-08T14:17:14.129Z] E0608 15:17:14.128285   20612 watch.go:40] Failed to load config from "c:\\Users\\NEW USER\\Desktop\\download (2)\\dataconnect": could not find dataconnect.yaml in `c:\Users\NEW USER\Desktop\download (2)\dataconnect`
 {"metadata":{"emulator":{"name":"dataconnect"},"message":"E0608 15:17:14.128285   20612 watch.go:40] Failed to load config from \"c:\\\\Users\\\\NEW USER\\\\Desktop\\\\download (2)\\\\dataconnect\": could not find dataconnect.yaml in `c:\\Users\\NEW USER\\Desktop\\download (2)\\dataconnect`\n"}}
[debug] [2026-06-08T14:17:24.129Z] E0608 15:17:24.128510   20612 watch.go:40] Failed to load config from "c:\\Users\\NEW USER\\Desktop\\download (2)\\dataconnect": could not find dataconnect.yaml in `c:\Users\NEW USER\Desktop\download (2)\dataconnect`
 {"metadata":{"emulator":{"name":"dataconnect"},"message":"E0608 15:17:24.128510   20612 watch.go:40] Failed to load config from \"c:\\\\Users\\\\NEW USER\\\\Desktop\\\\download (2)\\\\dataconnect\": could not find dataconnect.yaml in `c:\\Users\\NEW USER\\Desktop\\download (2)\\dataconnect`\n"}}
[debug] [2026-06-08T14:17:34.130Z] E0608 15:17:34.129903   20612 watch.go:40] Failed to load config from "c:\\Users\\NEW USER\\Desktop\\download (2)\\dataconnect": could not find dataconnect.yaml in `c:\Users\NEW USER\Desktop\download (2)\dataconnect`
 {"metadata":{"emulator":{"name":"dataconnect"},"message":"E0608 15:17:34.129903   20612 watch.go:40] Failed to load config from \"c:\\\\Users\\\\NEW USER\\\\Desktop\\\\download (2)\\\\dataconnect\": could not find dataconnect.yaml in `c:\\Users\\NEW USER\\Desktop\\download (2)\\dataconnect`\n"}}
[debug] [2026-06-08T14:17:44.128Z] E0608 15:17:44.128511   20612 watch.go:40] Failed to load config from "c:\\Users\\NEW USER\\Desktop\\download (2)\\dataconnect": could not find dataconnect.yaml in `c:\Users\NEW USER\Desktop\download (2)\dataconnect`
 {"metadata":{"emulator":{"name":"dataconnect"},"message":"E0608 15:17:44.128511   20612 watch.go:40] Failed to load config from \"c:\\\\Users\\\\NEW USER\\\\Desktop\\\\download (2)\\\\dataconnect\": could not find dataconnect.yaml in `c:\\Users\\NEW USER\\Desktop\\download (2)\\dataconnect`\n"}}
[debug] [2026-06-08T14:17:54.128Z] E0608 15:17:54.128750   20612 watch.go:40] Failed to load config from "c:\\Users\\NEW USER\\Desktop\\download (2)\\dataconnect": could not find dataconnect.yaml in `c:\Users\NEW USER\Desktop\download (2)\dataconnect`
 {"metadata":{"emulator":{"name":"dataconnect"},"message":"E0608 15:17:54.128750   20612 watch.go:40] Failed to load config from \"c:\\\\Users\\\\NEW USER\\\\Desktop\\\\download (2)\\\\dataconnect\": could not find dataconnect.yaml in `c:\\Users\\NEW USER\\Desktop\\download (2)\\dataconnect`\n"}}
[debug] [2026-06-08T14:18:04.129Z] E0608 15:18:04.128787   20612 watch.go:116] watchAllDir unable to walk dir `c:\Users\NEW USER\Desktop\download (2)\dataconnect`: GetFileAttributesEx c:\Users\NEW USER\Desktop\download (2)\dataconnect: The system cannot find the file specified.
 {"metadata":{"emulator":{"name":"dataconnect"},"message":"E0608 15:18:04.128787   20612 watch.go:116] watchAllDir unable to walk dir `c:\\Users\\NEW USER\\Desktop\\download (2)\\dataconnect`: GetFileAttributesEx c:\\Users\\NEW USER\\Desktop\\download (2)\\dataconnect: The system cannot find the file specified.\n"}}
[debug] [2026-06-08T14:18:04.131Z] E0608 15:18:04.130157   20612 watch.go:40] Failed to load config from "c:\\Users\\NEW USER\\Desktop\\download (2)\\dataconnect": could not find dataconnect.yaml in `c:\Users\NEW USER\Desktop\download (2)\dataconnect`
 {"metadata":{"emulator":{"name":"dataconnect"},"message":"E0608 15:18:04.130157   20612 watch.go:40] Failed to load config from \"c:\\\\Users\\\\NEW USER\\\\Desktop\\\\download (2)\\\\dataconnect\": could not find dataconnect.yaml in `c:\\Users\\NEW USER\\Desktop\\download (2)\\dataconnect`\n"}}
[debug] [2026-06-08T14:18:14.128Z] E0608 15:18:14.128741   20612 watch.go:40] Failed to load config from "c:\\Users\\NEW USER\\Desktop\\download (2)\\dataconnect": could not find dataconnect.yaml in `c:\Users\NEW USER\Desktop\download (2)\dataconnect`
 {"metadata":{"emulator":{"name":"dataconnect"},"message":"E0608 15:18:14.128741   20612 watch.go:40] Failed to load config from \"c:\\\\Users\\\\NEW USER\\\\Desktop\\\\download (2)\\\\dataconnect\": could not find dataconnect.yaml in `c:\\Users\\NEW USER\\Desktop\\download (2)\\dataconnect`\n"}}
[debug] [2026-06-08T14:18:24.129Z] E0608 15:18:24.128739   20612 watch.go:40] Failed to load config from "c:\\Users\\NEW USER\\Desktop\\download (2)\\dataconnect": could not find dataconnect.yaml in `c:\Users\NEW USER\Desktop\download (2)\dataconnect`
 {"metadata":{"emulator":{"name":"dataconnect"},"message":"E0608 15:18:24.128739   20612 watch.go:40] Failed to load config from \"c:\\\\Users\\\\NEW USER\\\\Desktop\\\\download (2)\\\\dataconnect\": could not find dataconnect.yaml in `c:\\Users\\NEW USER\\Desktop\\download (2)\\dataconnect`\n"}}
[debug] [2026-06-08T14:18:34.128Z] E0608 15:18:34.128429   20612 watch.go:40] Failed to load config from "c:\\Users\\NEW USER\\Desktop\\download (2)\\dataconnect": could not find dataconnect.yaml in `c:\Users\NEW USER\Desktop\download (2)\dataconnect`
 {"metadata":{"emulator":{"name":"dataconnect"},"message":"E0608 15:18:34.128429   20612 watch.go:40] Failed to load config from \"c:\\\\Users\\\\NEW USER\\\\Desktop\\\\download (2)\\\\dataconnect\": could not find dataconnect.yaml in `c:\\Users\\NEW USER\\Desktop\\download (2)\\dataconnect`\n"}}
[debug] [2026-06-08T14:18:44.128Z] E0608 15:18:44.128210   20612 watch.go:40] Failed to load config from "c:\\Users\\NEW USER\\Desktop\\download (2)\\dataconnect": could not find dataconnect.yaml in `c:\Users\NEW USER\Desktop\download (2)\dataconnect`
 {"metadata":{"emulator":{"name":"dataconnect"},"message":"E0608 15:18:44.128210   20612 watch.go:40] Failed to load config from \"c:\\\\Users\\\\NEW USER\\\\Desktop\\\\download (2)\\\\dataconnect\": could not find dataconnect.yaml in `c:\\Users\\NEW USER\\Desktop\\download (2)\\dataconnect`\n"}}
[debug] [2026-06-08T14:18:54.130Z] E0608 15:18:54.129319   20612 watch.go:40] Failed to load config from "c:\\Users\\NEW USER\\Desktop\\download (2)\\dataconnect": could not find dataconnect.yaml in `c:\Users\NEW USER\Desktop\download (2)\dataconnect`
 {"metadata":{"emulator":{"name":"dataconnect"},"message":"E0608 15:18:54.129319   20612 watch.go:40] Failed to load config from \"c:\\\\Users\\\\NEW USER\\\\Desktop\\\\download (2)\\\\dataconnect\": could not find dataconnect.yaml in `c:\\Users\\NEW USER\\Desktop\\download (2)\\dataconnect`\n"}}
[debug] [2026-06-08T14:19:04.128Z] E0608 15:19:04.128354   20612 watch.go:116] watchAllDir unable to walk dir `c:\Users\NEW USER\Desktop\download (2)\dataconnect`: GetFileAttributesEx c:\Users\NEW USER\Desktop\download (2)\dataconnect: The system cannot find the file specified.
E0608 15:19:04.128354   20612 watch.go:40] Failed to load config from "c:\\Users\\NEW USER\\Desktop\\download (2)\\dataconnect": could not find dataconnect.yaml in `c:\Users\NEW USER\Desktop\download (2)\dataconnect`
 {"metadata":{"emulator":{"name":"dataconnect"},"message":"E0608 15:19:04.128354   20612 watch.go:116] watchAllDir unable to walk dir `c:\\Users\\NEW USER\\Desktop\\download (2)\\dataconnect`: GetFileAttributesEx c:\\Users\\NEW USER\\Desktop\\download (2)\\dataconnect: The system cannot find the file specified.\nE0608 15:19:04.128354   20612 watch.go:40] Failed to load config from \"c:\\\\Users\\\\NEW USER\\\\Desktop\\\\download (2)\\\\dataconnect\": could not find dataconnect.yaml in `c:\\Users\\NEW USER\\Desktop\\download (2)\\dataconnect`\n"}}
[debug] [2026-06-08T14:19:14.129Z] E0608 15:19:14.129188   20612 watch.go:40] Failed to load config from "c:\\Users\\NEW USER\\Desktop\\download (2)\\dataconnect": could not find dataconnect.yaml in `c:\Users\NEW USER\Desktop\download (2)\dataconnect`
 {"metadata":{"emulator":{"name":"dataconnect"},"message":"E0608 15:19:14.129188   20612 watch.go:40] Failed to load config from \"c:\\\\Users\\\\NEW USER\\\\Desktop\\\\download (2)\\\\dataconnect\": could not find dataconnect.yaml in `c:\\Users\\NEW USER\\Desktop\\download (2)\\dataconnect`\n"}}
[debug] [2026-06-08T14:19:24.129Z] E0608 15:19:24.129624   20612 watch.go:40] Failed to load config from "c:\\Users\\NEW USER\\Desktop\\download (2)\\dataconnect": could not find dataconnect.yaml in `c:\Users\NEW USER\Desktop\download (2)\dataconnect`
 {"metadata":{"emulator":{"name":"dataconnect"},"message":"E0608 15:19:24.129624   20612 watch.go:40] Failed to load config from \"c:\\\\Users\\\\NEW USER\\\\Desktop\\\\download (2)\\\\dataconnect\": could not find dataconnect.yaml in `c:\\Users\\NEW USER\\Desktop\\download (2)\\dataconnect`\n"}}
[debug] [2026-06-08T14:19:34.129Z] E0608 15:19:34.128556   20612 watch.go:40] Failed to load config from "c:\\Users\\NEW USER\\Desktop\\download (2)\\dataconnect": could not find dataconnect.yaml in `c:\Users\NEW USER\Desktop\download (2)\dataconnect`
 {"metadata":{"emulator":{"name":"dataconnect"},"message":"E0608 15:19:34.128556   20612 watch.go:40] Failed to load config from \"c:\\\\Users\\\\NEW USER\\\\Desktop\\\\download (2)\\\\dataconnect\": could not find dataconnect.yaml in `c:\\Users\\NEW USER\\Desktop\\download (2)\\dataconnect`\n"}}
[debug] [2026-06-08T14:19:44.130Z] E0608 15:19:44.129935   20612 watch.go:40] Failed to load config from "c:\\Users\\NEW USER\\Desktop\\download (2)\\dataconnect": could not find dataconnect.yaml in `c:\Users\NEW USER\Desktop\download (2)\dataconnect`
 {"metadata":{"emulator":{"name":"dataconnect"},"message":"E0608 15:19:44.129935   20612 watch.go:40] Failed to load config from \"c:\\\\Users\\\\NEW USER\\\\Desktop\\\\download (2)\\\\dataconnect\": could not find dataconnect.yaml in `c:\\Users\\NEW USER\\Desktop\\download (2)\\dataconnect`\n"}}
[debug] [2026-06-08T14:19:54.128Z] E0608 15:19:54.128573   20612 watch.go:40] Failed to load config from "c:\\Users\\NEW USER\\Desktop\\download (2)\\dataconnect": could not find dataconnect.yaml in `c:\Users\NEW USER\Desktop\download (2)\dataconnect`
 {"metadata":{"emulator":{"name":"dataconnect"},"message":"E0608 15:19:54.128573   20612 watch.go:40] Failed to load config from \"c:\\\\Users\\\\NEW USER\\\\Desktop\\\\download (2)\\\\dataconnect\": could not find dataconnect.yaml in `c:\\Users\\NEW USER\\Desktop\\download (2)\\dataconnect`\n"}}
[debug] [2026-06-08T14:20:04.128Z] E0608 15:20:04.128334   20612 watch.go:116] watchAllDir unable to walk dir `c:\Users\NEW USER\Desktop\download (2)\dataconnect`: GetFileAttributesEx c:\Users\NEW USER\Desktop\download (2)\dataconnect: The system cannot find the file specified.
 {"metadata":{"emulator":{"name":"dataconnect"},"message":"E0608 15:20:04.128334   20612 watch.go:116] watchAllDir unable to walk dir `c:\\Users\\NEW USER\\Desktop\\download (2)\\dataconnect`: GetFileAttributesEx c:\\Users\\NEW USER\\Desktop\\download (2)\\dataconnect: The system cannot find the file specified.\n"}}
[debug] [2026-06-08T14:20:04.129Z] E0608 15:20:04.128850   20612 watch.go:40] Failed to load config from "c:\\Users\\NEW USER\\Desktop\\download (2)\\dataconnect": could not find dataconnect.yaml in `c:\Users\NEW USER\Desktop\download (2)\dataconnect`
 {"metadata":{"emulator":{"name":"dataconnect"},"message":"E0608 15:20:04.128850   20612 watch.go:40] Failed to load config from \"c:\\\\Users\\\\NEW USER\\\\Desktop\\\\download (2)\\\\dataconnect\": could not find dataconnect.yaml in `c:\\Users\\NEW USER\\Desktop\\download (2)\\dataconnect`\n"}}
[debug] [2026-06-08T14:20:14.129Z] E0608 15:20:14.128742   20612 watch.go:40] Failed to load config from "c:\\Users\\NEW USER\\Desktop\\download (2)\\dataconnect": could not find dataconnect.yaml in `c:\Users\NEW USER\Desktop\download (2)\dataconnect`
 {"metadata":{"emulator":{"name":"dataconnect"},"message":"E0608 15:20:14.128742   20612 watch.go:40] Failed to load config from \"c:\\\\Users\\\\NEW USER\\\\Desktop\\\\download (2)\\\\dataconnect\": could not find dataconnect.yaml in `c:\\Users\\NEW USER\\Desktop\\download (2)\\dataconnect`\n"}}
[debug] [2026-06-08T14:20:24.128Z] E0608 15:20:24.128354   20612 watch.go:40] Failed to load config from "c:\\Users\\NEW USER\\Desktop\\download (2)\\dataconnect": could not find dataconnect.yaml in `c:\Users\NEW USER\Desktop\download (2)\dataconnect`
 {"metadata":{"emulator":{"name":"dataconnect"},"message":"E0608 15:20:24.128354   20612 watch.go:40] Failed to load config from \"c:\\\\Users\\\\NEW USER\\\\Desktop\\\\download (2)\\\\dataconnect\": could not find dataconnect.yaml in `c:\\Users\\NEW USER\\Desktop\\download (2)\\dataconnect`\n"}}
[debug] [2026-06-08T14:20:34.128Z] E0608 15:20:34.128384   20612 watch.go:40] Failed to load config from "c:\\Users\\NEW USER\\Desktop\\download (2)\\dataconnect": could not find dataconnect.yaml in `c:\Users\NEW USER\Desktop\download (2)\dataconnect`
 {"metadata":{"emulator":{"name":"dataconnect"},"message":"E0608 15:20:34.128384   20612 watch.go:40] Failed to load config from \"c:\\\\Users\\\\NEW USER\\\\Desktop\\\\download (2)\\\\dataconnect\": could not find dataconnect.yaml in `c:\\Users\\NEW USER\\Desktop\\download (2)\\dataconnect`\n"}}
[debug] [2026-06-08T14:20:44.128Z] E0608 15:20:44.128771   20612 watch.go:40] Failed to load config from "c:\\Users\\NEW USER\\Desktop\\download (2)\\dataconnect": could not find dataconnect.yaml in `c:\Users\NEW USER\Desktop\download (2)\dataconnect`
 {"metadata":{"emulator":{"name":"dataconnect"},"message":"E0608 15:20:44.128771   20612 watch.go:40] Failed to load config from \"c:\\\\Users\\\\NEW USER\\\\Desktop\\\\download (2)\\\\dataconnect\": could not find dataconnect.yaml in `c:\\Users\\NEW USER\\Desktop\\download (2)\\dataconnect`\n"}}
[debug] [2026-06-08T14:20:54.129Z] E0608 15:20:54.129304   20612 watch.go:40] Failed to load config from "c:\\Users\\NEW USER\\Desktop\\download (2)\\dataconnect": could not find dataconnect.yaml in `c:\Users\NEW USER\Desktop\download (2)\dataconnect`
 {"metadata":{"emulator":{"name":"dataconnect"},"message":"E0608 15:20:54.129304   20612 watch.go:40] Failed to load config from \"c:\\\\Users\\\\NEW USER\\\\Desktop\\\\download (2)\\\\dataconnect\": could not find dataconnect.yaml in `c:\\Users\\NEW USER\\Desktop\\download (2)\\dataconnect`\n"}}
[debug] [2026-06-08T14:21:04.128Z] E0608 15:21:04.128169   20612 watch.go:116] watchAllDir unable to walk dir `c:\Users\NEW USER\Desktop\download (2)\dataconnect`: GetFileAttributesEx c:\Users\NEW USER\Desktop\download (2)\dataconnect: The system cannot find the file specified.
 {"metadata":{"emulator":{"name":"dataconnect"},"message":"E0608 15:21:04.128169   20612 watch.go:116] watchAllDir unable to walk dir `c:\\Users\\NEW USER\\Desktop\\download (2)\\dataconnect`: GetFileAttributesEx c:\\Users\\NEW USER\\Desktop\\download (2)\\dataconnect: The system cannot find the file specified.\n"}}
[debug] [2026-06-08T14:21:04.128Z] E0608 15:21:04.128169   20612 watch.go:40] Failed to load config from "c:\\Users\\NEW USER\\Desktop\\download (2)\\dataconnect": could not find dataconnect.yaml in `c:\Users\NEW USER\Desktop\download (2)\dataconnect`
 {"metadata":{"emulator":{"name":"dataconnect"},"message":"E0608 15:21:04.128169   20612 watch.go:40] Failed to load config from \"c:\\\\Users\\\\NEW USER\\\\Desktop\\\\download (2)\\\\dataconnect\": could not find dataconnect.yaml in `c:\\Users\\NEW USER\\Desktop\\download (2)\\dataconnect`\n"}}
[debug] [2026-06-08T14:21:14.129Z] E0608 15:21:14.129154   20612 watch.go:40] Failed to load config from "c:\\Users\\NEW USER\\Desktop\\download (2)\\dataconnect": could not find dataconnect.yaml in `c:\Users\NEW USER\Desktop\download (2)\dataconnect`
 {"metadata":{"emulator":{"name":"dataconnect"},"message":"E0608 15:21:14.129154   20612 watch.go:40] Failed to load config from \"c:\\\\Users\\\\NEW USER\\\\Desktop\\\\download (2)\\\\dataconnect\": could not find dataconnect.yaml in `c:\\Users\\NEW USER\\Desktop\\download (2)\\dataconnect`\n"}}
[debug] [2026-06-08T14:21:24.129Z] E0608 15:21:24.129014   20612 watch.go:40] Failed to load config from "c:\\Users\\NEW USER\\Desktop\\download (2)\\dataconnect": could not find dataconnect.yaml in `c:\Users\NEW USER\Desktop\download (2)\dataconnect`
 {"metadata":{"emulator":{"name":"dataconnect"},"message":"E0608 15:21:24.129014   20612 watch.go:40] Failed to load config from \"c:\\\\Users\\\\NEW USER\\\\Desktop\\\\download (2)\\\\dataconnect\": could not find dataconnect.yaml in `c:\\Users\\NEW USER\\Desktop\\download (2)\\dataconnect`\n"}}
[debug] [2026-06-08T14:21:34.128Z] E0608 15:21:34.128089   20612 watch.go:40] Failed to load config from "c:\\Users\\NEW USER\\Desktop\\download (2)\\dataconnect": could not find dataconnect.yaml in `c:\Users\NEW USER\Desktop\download (2)\dataconnect`
 {"metadata":{"emulator":{"name":"dataconnect"},"message":"E0608 15:21:34.128089   20612 watch.go:40] Failed to load config from \"c:\\\\Users\\\\NEW USER\\\\Desktop\\\\download (2)\\\\dataconnect\": could not find dataconnect.yaml in `c:\\Users\\NEW USER\\Desktop\\download (2)\\dataconnect`\n"}}
[debug] [2026-06-08T14:21:44.129Z] E0608 15:21:44.128846   20612 watch.go:40] Failed to load config from "c:\\Users\\NEW USER\\Desktop\\download (2)\\dataconnect": could not find dataconnect.yaml in `c:\Users\NEW USER\Desktop\download (2)\dataconnect`
 {"metadata":{"emulator":{"name":"dataconnect"},"message":"E0608 15:21:44.128846   20612 watch.go:40] Failed to load config from \"c:\\\\Users\\\\NEW USER\\\\Desktop\\\\download (2)\\\\dataconnect\": could not find dataconnect.yaml in `c:\\Users\\NEW USER\\Desktop\\download (2)\\dataconnect`\n"}}
[debug] [2026-06-08T14:21:54.129Z] E0608 15:21:54.128959   20612 watch.go:40] Failed to load config from "c:\\Users\\NEW USER\\Desktop\\download (2)\\dataconnect": could not find dataconnect.yaml in `c:\Users\NEW USER\Desktop\download (2)\dataconnect`
 {"metadata":{"emulator":{"name":"dataconnect"},"message":"E0608 15:21:54.128959   20612 watch.go:40] Failed to load config from \"c:\\\\Users\\\\NEW USER\\\\Desktop\\\\download (2)\\\\dataconnect\": could not find dataconnect.yaml in `c:\\Users\\NEW USER\\Desktop\\download (2)\\dataconnect`\n"}}
[debug] [2026-06-08T14:22:04.128Z] E0608 15:22:04.128244   20612 watch.go:116] watchAllDir unable to walk dir `c:\Users\NEW USER\Desktop\download (2)\dataconnect`: GetFileAttributesEx c:\Users\NEW USER\Desktop\download (2)\dataconnect: The system cannot find the file specified.
 {"metadata":{"emulator":{"name":"dataconnect"},"message":"E0608 15:22:04.128244   20612 watch.go:116] watchAllDir unable to walk dir `c:\\Users\\NEW USER\\Desktop\\download (2)\\dataconnect`: GetFileAttributesEx c:\\Users\\NEW USER\\Desktop\\download (2)\\dataconnect: The system cannot find the file specified.\n"}}
[debug] [2026-06-08T14:22:04.128Z] E0608 15:22:04.128754   20612 watch.go:40] Failed to load config from "c:\\Users\\NEW USER\\Desktop\\download (2)\\dataconnect": could not find dataconnect.yaml in `c:\Users\NEW USER\Desktop\download (2)\dataconnect`
 {"metadata":{"emulator":{"name":"dataconnect"},"message":"E0608 15:22:04.128754   20612 watch.go:40] Failed to load config from \"c:\\\\Users\\\\NEW USER\\\\Desktop\\\\download (2)\\\\dataconnect\": could not find dataconnect.yaml in `c:\\Users\\NEW USER\\Desktop\\download (2)\\dataconnect`\n"}}
[debug] [2026-06-08T14:22:14.129Z] E0608 15:22:14.128937   20612 watch.go:40] Failed to load config from "c:\\Users\\NEW USER\\Desktop\\download (2)\\dataconnect": could not find dataconnect.yaml in `c:\Users\NEW USER\Desktop\download (2)\dataconnect`
 {"metadata":{"emulator":{"name":"dataconnect"},"message":"E0608 15:22:14.128937   20612 watch.go:40] Failed to load config from \"c:\\\\Users\\\\NEW USER\\\\Desktop\\\\download (2)\\\\dataconnect\": could not find dataconnect.yaml in `c:\\Users\\NEW USER\\Desktop\\download (2)\\dataconnect`\n"}}
[debug] [2026-06-08T14:22:24.128Z] E0608 15:22:24.128551   20612 watch.go:40] Failed to load config from "c:\\Users\\NEW USER\\Desktop\\download (2)\\dataconnect": could not find dataconnect.yaml in `c:\Users\NEW USER\Desktop\download (2)\dataconnect`
 {"metadata":{"emulator":{"name":"dataconnect"},"message":"E0608 15:22:24.128551   20612 watch.go:40] Failed to load config from \"c:\\\\Users\\\\NEW USER\\\\Desktop\\\\download (2)\\\\dataconnect\": could not find dataconnect.yaml in `c:\\Users\\NEW USER\\Desktop\\download (2)\\dataconnect`\n"}}
[debug] [2026-06-08T14:22:34.129Z] E0608 15:22:34.128442   20612 watch.go:40] Failed to load config from "c:\\Users\\NEW USER\\Desktop\\download (2)\\dataconnect": could not find dataconnect.yaml in `c:\Users\NEW USER\Desktop\download (2)\dataconnect`
 {"metadata":{"emulator":{"name":"dataconnect"},"message":"E0608 15:22:34.128442   20612 watch.go:40] Failed to load config from \"c:\\\\Users\\\\NEW USER\\\\Desktop\\\\download (2)\\\\dataconnect\": could not find dataconnect.yaml in `c:\\Users\\NEW USER\\Desktop\\download (2)\\dataconnect`\n"}}
[debug] [2026-06-08T14:22:44.129Z] E0608 15:22:44.128548   20612 watch.go:40] Failed to load config from "c:\\Users\\NEW USER\\Desktop\\download (2)\\dataconnect": could not find dataconnect.yaml in `c:\Users\NEW USER\Desktop\download (2)\dataconnect`
 {"metadata":{"emulator":{"name":"dataconnect"},"message":"E0608 15:22:44.128548   20612 watch.go:40] Failed to load config from \"c:\\\\Users\\\\NEW USER\\\\Desktop\\\\download (2)\\\\dataconnect\": could not find dataconnect.yaml in `c:\\Users\\NEW USER\\Desktop\\download (2)\\dataconnect`\n"}}
[debug] [2026-06-08T14:22:54.128Z] E0608 15:22:54.128288   20612 watch.go:40] Failed to load config from "c:\\Users\\NEW USER\\Desktop\\download (2)\\dataconnect": could not find dataconnect.yaml in `c:\Users\NEW USER\Desktop\download (2)\dataconnect`
 {"metadata":{"emulator":{"name":"dataconnect"},"message":"E0608 15:22:54.128288   20612 watch.go:40] Failed to load config from \"c:\\\\Users\\\\NEW USER\\\\Desktop\\\\download (2)\\\\dataconnect\": could not find dataconnect.yaml in `c:\\Users\\NEW USER\\Desktop\\download (2)\\dataconnect`\n"}}
[debug] [2026-06-08T14:23:04.132Z] E0608 15:23:04.130010   20612 watch.go:116] watchAllDir unable to walk dir `c:\Users\NEW USER\Desktop\download (2)\dataconnect`: GetFileAttributesEx c:\Users\NEW USER\Desktop\download (2)\dataconnect: The system cannot find the file specified.
 {"metadata":{"emulator":{"name":"dataconnect"},"message":"E0608 15:23:04.130010   20612 watch.go:116] watchAllDir unable to walk dir `c:\\Users\\NEW USER\\Desktop\\download (2)\\dataconnect`: GetFileAttributesEx c:\\Users\\NEW USER\\Desktop\\download (2)\\dataconnect: The system cannot find the file specified.\n"}}
[debug] [2026-06-08T14:23:04.134Z] E0608 15:23:04.131943   20612 watch.go:40] Failed to load config from "c:\\Users\\NEW USER\\Desktop\\download (2)\\dataconnect": could not find dataconnect.yaml in `c:\Users\NEW USER\Desktop\download (2)\dataconnect`
 {"metadata":{"emulator":{"name":"dataconnect"},"message":"E0608 15:23:04.131943   20612 watch.go:40] Failed to load config from \"c:\\\\Users\\\\NEW USER\\\\Desktop\\\\download (2)\\\\dataconnect\": could not find dataconnect.yaml in `c:\\Users\\NEW USER\\Desktop\\download (2)\\dataconnect`\n"}}
[debug] [2026-06-08T14:23:14.129Z] E0608 15:23:14.129055   20612 watch.go:40] Failed to load config from "c:\\Users\\NEW USER\\Desktop\\download (2)\\dataconnect": could not find dataconnect.yaml in `c:\Users\NEW USER\Desktop\download (2)\dataconnect`
 {"metadata":{"emulator":{"name":"dataconnect"},"message":"E0608 15:23:14.129055   20612 watch.go:40] Failed to load config from \"c:\\\\Users\\\\NEW USER\\\\Desktop\\\\download (2)\\\\dataconnect\": could not find dataconnect.yaml in `c:\\Users\\NEW USER\\Desktop\\download (2)\\dataconnect`\n"}}
[debug] [2026-06-08T14:23:24.130Z] E0608 15:23:24.129841   20612 watch.go:40] Failed to load config from "c:\\Users\\NEW USER\\Desktop\\download (2)\\dataconnect": could not find dataconnect.yaml in `c:\Users\NEW USER\Desktop\download (2)\dataconnect`
 {"metadata":{"emulator":{"name":"dataconnect"},"message":"E0608 15:23:24.129841   20612 watch.go:40] Failed to load config from \"c:\\\\Users\\\\NEW USER\\\\Desktop\\\\download (2)\\\\dataconnect\": could not find dataconnect.yaml in `c:\\Users\\NEW USER\\Desktop\\download (2)\\dataconnect`\n"}}
[debug] [2026-06-08T14:23:34.129Z] E0608 15:23:34.128985   20612 watch.go:40] Failed to load config from "c:\\Users\\NEW USER\\Desktop\\download (2)\\dataconnect": could not find dataconnect.yaml in `c:\Users\NEW USER\Desktop\download (2)\dataconnect`
 {"metadata":{"emulator":{"name":"dataconnect"},"message":"E0608 15:23:34.128985   20612 watch.go:40] Failed to load config from \"c:\\\\Users\\\\NEW USER\\\\Desktop\\\\download (2)\\\\dataconnect\": could not find dataconnect.yaml in `c:\\Users\\NEW USER\\Desktop\\download (2)\\dataconnect`\n"}}
[debug] [2026-06-08T14:23:44.128Z] E0608 15:23:44.128569   20612 watch.go:40] Failed to load config from "c:\\Users\\NEW USER\\Desktop\\download (2)\\dataconnect": could not find dataconnect.yaml in `c:\Users\NEW USER\Desktop\download (2)\dataconnect`
 {"metadata":{"emulator":{"name":"dataconnect"},"message":"E0608 15:23:44.128569   20612 watch.go:40] Failed to load config from \"c:\\\\Users\\\\NEW USER\\\\Desktop\\\\download (2)\\\\dataconnect\": could not find dataconnect.yaml in `c:\\Users\\NEW USER\\Desktop\\download (2)\\dataconnect`\n"}}
[debug] [2026-06-08T14:23:54.129Z] E0608 15:23:54.129143   20612 watch.go:40] Failed to load config from "c:\\Users\\NEW USER\\Desktop\\download (2)\\dataconnect": could not find dataconnect.yaml in `c:\Users\NEW USER\Desktop\download (2)\dataconnect`
 {"metadata":{"emulator":{"name":"dataconnect"},"message":"E0608 15:23:54.129143   20612 watch.go:40] Failed to load config from \"c:\\\\Users\\\\NEW USER\\\\Desktop\\\\download (2)\\\\dataconnect\": could not find dataconnect.yaml in `c:\\Users\\NEW USER\\Desktop\\download (2)\\dataconnect`\n"}}
[debug] [2026-06-08T14:24:04.129Z] E0608 15:24:04.128553   20612 watch.go:116] watchAllDir unable to walk dir `c:\Users\NEW USER\Desktop\download (2)\dataconnect`: GetFileAttributesEx c:\Users\NEW USER\Desktop\download (2)\dataconnect: The system cannot find the file specified.
 {"metadata":{"emulator":{"name":"dataconnect"},"message":"E0608 15:24:04.128553   20612 watch.go:116] watchAllDir unable to walk dir `c:\\Users\\NEW USER\\Desktop\\download (2)\\dataconnect`: GetFileAttributesEx c:\\Users\\NEW USER\\Desktop\\download (2)\\dataconnect: The system cannot find the file specified.\n"}}
[debug] [2026-06-08T14:24:04.131Z] E0608 15:24:04.128553   20612 watch.go:40] Failed to load config from "c:\\Users\\NEW USER\\Desktop\\download (2)\\dataconnect": could not find dataconnect.yaml in `c:\Users\NEW USER\Desktop\download (2)\dataconnect`
 {"metadata":{"emulator":{"name":"dataconnect"},"message":"E0608 15:24:04.128553   20612 watch.go:40] Failed to load config from \"c:\\\\Users\\\\NEW USER\\\\Desktop\\\\download (2)\\\\dataconnect\": could not find dataconnect.yaml in `c:\\Users\\NEW USER\\Desktop\\download (2)\\dataconnect`\n"}}
[debug] [2026-06-08T14:24:14.130Z] E0608 15:24:14.130266   20612 watch.go:40] Failed to load config from "c:\\Users\\NEW USER\\Desktop\\download (2)\\dataconnect": could not find dataconnect.yaml in `c:\Users\NEW USER\Desktop\download (2)\dataconnect`
 {"metadata":{"emulator":{"name":"dataconnect"},"message":"E0608 15:24:14.130266   20612 watch.go:40] Failed to load config from \"c:\\\\Users\\\\NEW USER\\\\Desktop\\\\download (2)\\\\dataconnect\": could not find dataconnect.yaml in `c:\\Users\\NEW USER\\Desktop\\download (2)\\dataconnect`\n"}}
[debug] [2026-06-08T14:24:24.129Z] E0608 15:24:24.129263   20612 watch.go:40] Failed to load config from "c:\\Users\\NEW USER\\Desktop\\download (2)\\dataconnect": could not find dataconnect.yaml in `c:\Users\NEW USER\Desktop\download (2)\dataconnect`
 {"metadata":{"emulator":{"name":"dataconnect"},"message":"E0608 15:24:24.129263   20612 watch.go:40] Failed to load config from \"c:\\\\Users\\\\NEW USER\\\\Desktop\\\\download (2)\\\\dataconnect\": could not find dataconnect.yaml in `c:\\Users\\NEW USER\\Desktop\\download (2)\\dataconnect`\n"}}
[debug] [2026-06-08T14:24:34.128Z] E0608 15:24:34.128718   20612 watch.go:40] Failed to load config from "c:\\Users\\NEW USER\\Desktop\\download (2)\\dataconnect": could not find dataconnect.yaml in `c:\Users\NEW USER\Desktop\download (2)\dataconnect`
 {"metadata":{"emulator":{"name":"dataconnect"},"message":"E0608 15:24:34.128718   20612 watch.go:40] Failed to load config from \"c:\\\\Users\\\\NEW USER\\\\Desktop\\\\download (2)\\\\dataconnect\": could not find dataconnect.yaml in `c:\\Users\\NEW USER\\Desktop\\download (2)\\dataconnect`\n"}}
[debug] [2026-06-08T14:24:44.128Z] E0608 15:24:44.128136   20612 watch.go:40] Failed to load config from "c:\\Users\\NEW USER\\Desktop\\download (2)\\dataconnect": could not find dataconnect.yaml in `c:\Users\NEW USER\Desktop\download (2)\dataconnect`
 {"metadata":{"emulator":{"name":"dataconnect"},"message":"E0608 15:24:44.128136   20612 watch.go:40] Failed to load config from \"c:\\\\Users\\\\NEW USER\\\\Desktop\\\\download (2)\\\\dataconnect\": could not find dataconnect.yaml in `c:\\Users\\NEW USER\\Desktop\\download (2)\\dataconnect`\n"}}
[debug] [2026-06-08T14:24:54.129Z] E0608 15:24:54.128957   20612 watch.go:40] Failed to load config from "c:\\Users\\NEW USER\\Desktop\\download (2)\\dataconnect": could not find dataconnect.yaml in `c:\Users\NEW USER\Desktop\download (2)\dataconnect`
 {"metadata":{"emulator":{"name":"dataconnect"},"message":"E0608 15:24:54.128957   20612 watch.go:40] Failed to load config from \"c:\\\\Users\\\\NEW USER\\\\Desktop\\\\download (2)\\\\dataconnect\": could not find dataconnect.yaml in `c:\\Users\\NEW USER\\Desktop\\download (2)\\dataconnect`\n"}}
[debug] [2026-06-08T14:25:04.128Z] E0608 15:25:04.128566   20612 watch.go:116] watchAllDir unable to walk dir `c:\Users\NEW USER\Desktop\download (2)\dataconnect`: GetFileAttributesEx c:\Users\NEW USER\Desktop\download (2)\dataconnect: The system cannot find the file specified.
 {"metadata":{"emulator":{"name":"dataconnect"},"message":"E0608 15:25:04.128566   20612 watch.go:116] watchAllDir unable to walk dir `c:\\Users\\NEW USER\\Desktop\\download (2)\\dataconnect`: GetFileAttributesEx c:\\Users\\NEW USER\\Desktop\\download (2)\\dataconnect: The system cannot find the file specified.\n"}}
[debug] [2026-06-08T14:25:04.129Z] E0608 15:25:04.128566   20612 watch.go:40] Failed to load config from "c:\\Users\\NEW USER\\Desktop\\download (2)\\dataconnect": could not find dataconnect.yaml in `c:\Users\NEW USER\Desktop\download (2)\dataconnect`
 {"metadata":{"emulator":{"name":"dataconnect"},"message":"E0608 15:25:04.128566   20612 watch.go:40] Failed to load config from \"c:\\\\Users\\\\NEW USER\\\\Desktop\\\\download (2)\\\\dataconnect\": could not find dataconnect.yaml in `c:\\Users\\NEW USER\\Desktop\\download (2)\\dataconnect`\n"}}
[debug] [2026-06-08T14:25:14.129Z] E0608 15:25:14.128700   20612 watch.go:40] Failed to load config from "c:\\Users\\NEW USER\\Desktop\\download (2)\\dataconnect": could not find dataconnect.yaml in `c:\Users\NEW USER\Desktop\download (2)\dataconnect`
 {"metadata":{"emulator":{"name":"dataconnect"},"message":"E0608 15:25:14.128700   20612 watch.go:40] Failed to load config from \"c:\\\\Users\\\\NEW USER\\\\Desktop\\\\download (2)\\\\dataconnect\": could not find dataconnect.yaml in `c:\\Users\\NEW USER\\Desktop\\download (2)\\dataconnect`\n"}}
[debug] [2026-06-08T14:25:24.129Z] E0608 15:25:24.128902   20612 watch.go:40] Failed to load config from "c:\\Users\\NEW USER\\Desktop\\download (2)\\dataconnect": could not find dataconnect.yaml in `c:\Users\NEW USER\Desktop\download (2)\dataconnect`
 {"metadata":{"emulator":{"name":"dataconnect"},"message":"E0608 15:25:24.128902   20612 watch.go:40] Failed to load config from \"c:\\\\Users\\\\NEW USER\\\\Desktop\\\\download (2)\\\\dataconnect\": could not find dataconnect.yaml in `c:\\Users\\NEW USER\\Desktop\\download (2)\\dataconnect`\n"}}
[debug] [2026-06-08T14:25:34.130Z] E0608 15:25:34.130366   20612 watch.go:40] Failed to load config from "c:\\Users\\NEW USER\\Desktop\\download (2)\\dataconnect": could not find dataconnect.yaml in `c:\Users\NEW USER\Desktop\download (2)\dataconnect`
 {"metadata":{"emulator":{"name":"dataconnect"},"message":"E0608 15:25:34.130366   20612 watch.go:40] Failed to load config from \"c:\\\\Users\\\\NEW USER\\\\Desktop\\\\download (2)\\\\dataconnect\": could not find dataconnect.yaml in `c:\\Users\\NEW USER\\Desktop\\download (2)\\dataconnect`\n"}}
[debug] [2026-06-08T14:25:44.129Z] E0608 15:25:44.129062   20612 watch.go:40] Failed to load config from "c:\\Users\\NEW USER\\Desktop\\download (2)\\dataconnect": could not find dataconnect.yaml in `c:\Users\NEW USER\Desktop\download (2)\dataconnect`
 {"metadata":{"emulator":{"name":"dataconnect"},"message":"E0608 15:25:44.129062   20612 watch.go:40] Failed to load config from \"c:\\\\Users\\\\NEW USER\\\\Desktop\\\\download (2)\\\\dataconnect\": could not find dataconnect.yaml in `c:\\Users\\NEW USER\\Desktop\\download (2)\\dataconnect`\n"}}
[debug] [2026-06-08T14:25:54.144Z] E0608 15:25:54.137770   20612 watch.go:40] Failed to load config from "c:\\Users\\NEW USER\\Desktop\\download (2)\\dataconnect": could not find dataconnect.yaml in `c:\Users\NEW USER\Desktop\download (2)\dataconnect`
 {"metadata":{"emulator":{"name":"dataconnect"},"message":"E0608 15:25:54.137770   20612 watch.go:40] Failed to load config from \"c:\\\\Users\\\\NEW USER\\\\Desktop\\\\download (2)\\\\dataconnect\": could not find dataconnect.yaml in `c:\\Users\\NEW USER\\Desktop\\download (2)\\dataconnect`\n"}}
[debug] [2026-06-08T14:26:04.129Z] E0608 15:26:04.128478   20612 watch.go:116] watchAllDir unable to walk dir `c:\Users\NEW USER\Desktop\download (2)\dataconnect`: GetFileAttributesEx c:\Users\NEW USER\Desktop\download (2)\dataconnect: The system cannot find the file specified.
 {"metadata":{"emulator":{"name":"dataconnect"},"message":"E0608 15:26:04.128478   20612 watch.go:116] watchAllDir unable to walk dir `c:\\Users\\NEW USER\\Desktop\\download (2)\\dataconnect`: GetFileAttributesEx c:\\Users\\NEW USER\\Desktop\\download (2)\\dataconnect: The system cannot find the file specified.\n"}}
[debug] [2026-06-08T14:26:04.131Z] E0608 15:26:04.128994   20612 watch.go:40] Failed to load config from "c:\\Users\\NEW USER\\Desktop\\download (2)\\dataconnect": could not find dataconnect.yaml in `c:\Users\NEW USER\Desktop\download (2)\dataconnect`
 {"metadata":{"emulator":{"name":"dataconnect"},"message":"E0608 15:26:04.128994   20612 watch.go:40] Failed to load config from \"c:\\\\Users\\\\NEW USER\\\\Desktop\\\\download (2)\\\\dataconnect\": could not find dataconnect.yaml in `c:\\Users\\NEW USER\\Desktop\\download (2)\\dataconnect`\n"}}
[debug] [2026-06-08T14:26:14.130Z] E0608 15:26:14.129392   20612 watch.go:40] Failed to load config from "c:\\Users\\NEW USER\\Desktop\\download (2)\\dataconnect": could not find dataconnect.yaml in `c:\Users\NEW USER\Desktop\download (2)\dataconnect`
 {"metadata":{"emulator":{"name":"dataconnect"},"message":"E0608 15:26:14.129392   20612 watch.go:40] Failed to load config from \"c:\\\\Users\\\\NEW USER\\\\Desktop\\\\download (2)\\\\dataconnect\": could not find dataconnect.yaml in `c:\\Users\\NEW USER\\Desktop\\download (2)\\dataconnect`\n"}}
[debug] [2026-06-08T14:26:24.128Z] E0608 15:26:24.128433   20612 watch.go:40] Failed to load config from "c:\\Users\\NEW USER\\Desktop\\download (2)\\dataconnect": could not find dataconnect.yaml in `c:\Users\NEW USER\Desktop\download (2)\dataconnect`
 {"metadata":{"emulator":{"name":"dataconnect"},"message":"E0608 15:26:24.128433   20612 watch.go:40] Failed to load config from \"c:\\\\Users\\\\NEW USER\\\\Desktop\\\\download (2)\\\\dataconnect\": could not find dataconnect.yaml in `c:\\Users\\NEW USER\\Desktop\\download (2)\\dataconnect`\n"}}
[debug] [2026-06-08T14:26:34.130Z] E0608 15:26:34.130449   20612 watch.go:40] Failed to load config from "c:\\Users\\NEW USER\\Desktop\\download (2)\\dataconnect": could not find dataconnect.yaml in `c:\Users\NEW USER\Desktop\download (2)\dataconnect`
 {"metadata":{"emulator":{"name":"dataconnect"},"message":"E0608 15:26:34.130449   20612 watch.go:40] Failed to load config from \"c:\\\\Users\\\\NEW USER\\\\Desktop\\\\download (2)\\\\dataconnect\": could not find dataconnect.yaml in `c:\\Users\\NEW USER\\Desktop\\download (2)\\dataconnect`\n"}}
[debug] [2026-06-08T14:26:44.128Z] E0608 15:26:44.128781   20612 watch.go:40] Failed to load config from "c:\\Users\\NEW USER\\Desktop\\download (2)\\dataconnect": could not find dataconnect.yaml in `c:\Users\NEW USER\Desktop\download (2)\dataconnect`
 {"metadata":{"emulator":{"name":"dataconnect"},"message":"E0608 15:26:44.128781   20612 watch.go:40] Failed to load config from \"c:\\\\Users\\\\NEW USER\\\\Desktop\\\\download (2)\\\\dataconnect\": could not find dataconnect.yaml in `c:\\Users\\NEW USER\\Desktop\\download (2)\\dataconnect`\n"}}
[debug] [2026-06-08T14:26:54.128Z] E0608 15:26:54.128464   20612 watch.go:40] Failed to load config from "c:\\Users\\NEW USER\\Desktop\\download (2)\\dataconnect": could not find dataconnect.yaml in `c:\Users\NEW USER\Desktop\download (2)\dataconnect`
 {"metadata":{"emulator":{"name":"dataconnect"},"message":"E0608 15:26:54.128464   20612 watch.go:40] Failed to load config from \"c:\\\\Users\\\\NEW USER\\\\Desktop\\\\download (2)\\\\dataconnect\": could not find dataconnect.yaml in `c:\\Users\\NEW USER\\Desktop\\download (2)\\dataconnect`\n"}}
[debug] [2026-06-08T14:27:04.128Z] E0608 15:27:04.128036   20612 watch.go:116] watchAllDir unable to walk dir `c:\Users\NEW USER\Desktop\download (2)\dataconnect`: GetFileAttributesEx c:\Users\NEW USER\Desktop\download (2)\dataconnect: The system cannot find the file specified.
E0608 15:27:04.128036   20612 watch.go:40] Failed to load config from "c:\\Users\\NEW USER\\Desktop\\download (2)\\dataconnect": could not find dataconnect.yaml in `c:\Users\NEW USER\Desktop\download (2)\dataconnect`
 {"metadata":{"emulator":{"name":"dataconnect"},"message":"E0608 15:27:04.128036   20612 watch.go:116] watchAllDir unable to walk dir `c:\\Users\\NEW USER\\Desktop\\download (2)\\dataconnect`: GetFileAttributesEx c:\\Users\\NEW USER\\Desktop\\download (2)\\dataconnect: The system cannot find the file specified.\nE0608 15:27:04.128036   20612 watch.go:40] Failed to load config from \"c:\\\\Users\\\\NEW USER\\\\Desktop\\\\download (2)\\\\dataconnect\": could not find dataconnect.yaml in `c:\\Users\\NEW USER\\Desktop\\download (2)\\dataconnect`\n"}}
[debug] [2026-06-08T14:27:14.128Z] E0608 15:27:14.128746   20612 watch.go:40] Failed to load config from "c:\\Users\\NEW USER\\Desktop\\download (2)\\dataconnect": could not find dataconnect.yaml in `c:\Users\NEW USER\Desktop\download (2)\dataconnect`
 {"metadata":{"emulator":{"name":"dataconnect"},"message":"E0608 15:27:14.128746   20612 watch.go:40] Failed to load config from \"c:\\\\Users\\\\NEW USER\\\\Desktop\\\\download (2)\\\\dataconnect\": could not find dataconnect.yaml in `c:\\Users\\NEW USER\\Desktop\\download (2)\\dataconnect`\n"}}
[debug] [2026-06-08T14:27:24.130Z] E0608 15:27:24.128675   20612 watch.go:40] Failed to load config from "c:\\Users\\NEW USER\\Desktop\\download (2)\\dataconnect": could not find dataconnect.yaml in `c:\Users\NEW USER\Desktop\download (2)\dataconnect`
 {"metadata":{"emulator":{"name":"dataconnect"},"message":"E0608 15:27:24.128675   20612 watch.go:40] Failed to load config from \"c:\\\\Users\\\\NEW USER\\\\Desktop\\\\download (2)\\\\dataconnect\": could not find dataconnect.yaml in `c:\\Users\\NEW USER\\Desktop\\download (2)\\dataconnect`\n"}}
[debug] [2026-06-08T14:27:34.128Z] E0608 15:27:34.128275   20612 watch.go:40] Failed to load config from "c:\\Users\\NEW USER\\Desktop\\download (2)\\dataconnect": could not find dataconnect.yaml in `c:\Users\NEW USER\Desktop\download (2)\dataconnect`
 {"metadata":{"emulator":{"name":"dataconnect"},"message":"E0608 15:27:34.128275   20612 watch.go:40] Failed to load config from \"c:\\\\Users\\\\NEW USER\\\\Desktop\\\\download (2)\\\\dataconnect\": could not find dataconnect.yaml in `c:\\Users\\NEW USER\\Desktop\\download (2)\\dataconnect`\n"}}
[debug] [2026-06-08T14:27:44.129Z] E0608 15:27:44.129032   20612 watch.go:40] Failed to load config from "c:\\Users\\NEW USER\\Desktop\\download (2)\\dataconnect": could not find dataconnect.yaml in `c:\Users\NEW USER\Desktop\download (2)\dataconnect`
 {"metadata":{"emulator":{"name":"dataconnect"},"message":"E0608 15:27:44.129032   20612 watch.go:40] Failed to load config from \"c:\\\\Users\\\\NEW USER\\\\Desktop\\\\download (2)\\\\dataconnect\": could not find dataconnect.yaml in `c:\\Users\\NEW USER\\Desktop\\download (2)\\dataconnect`\n"}}
[debug] [2026-06-08T14:27:54.129Z] E0608 15:27:54.129018   20612 watch.go:40] Failed to load config from "c:\\Users\\NEW USER\\Desktop\\download (2)\\dataconnect": could not find dataconnect.yaml in `c:\Users\NEW USER\Desktop\download (2)\dataconnect`
 {"metadata":{"emulator":{"name":"dataconnect"},"message":"E0608 15:27:54.129018   20612 watch.go:40] Failed to load config from \"c:\\\\Users\\\\NEW USER\\\\Desktop\\\\download (2)\\\\dataconnect\": could not find dataconnect.yaml in `c:\\Users\\NEW USER\\Desktop\\download (2)\\dataconnect`\n"}}
[debug] [2026-06-08T14:28:04.128Z] E0608 15:28:04.128356   20612 watch.go:116] watchAllDir unable to walk dir `c:\Users\NEW USER\Desktop\download (2)\dataconnect`: GetFileAttributesEx c:\Users\NEW USER\Desktop\download (2)\dataconnect: The system cannot find the file specified.
 {"metadata":{"emulator":{"name":"dataconnect"},"message":"E0608 15:28:04.128356   20612 watch.go:116] watchAllDir unable to walk dir `c:\\Users\\NEW USER\\Desktop\\download (2)\\dataconnect`: GetFileAttributesEx c:\\Users\\NEW USER\\Desktop\\download (2)\\dataconnect: The system cannot find the file specified.\n"}}
[debug] [2026-06-08T14:28:04.129Z] E0608 15:28:04.128868   20612 watch.go:40] Failed to load config from "c:\\Users\\NEW USER\\Desktop\\download (2)\\dataconnect": could not find dataconnect.yaml in `c:\Users\NEW USER\Desktop\download (2)\dataconnect`
 {"metadata":{"emulator":{"name":"dataconnect"},"message":"E0608 15:28:04.128868   20612 watch.go:40] Failed to load config from \"c:\\\\Users\\\\NEW USER\\\\Desktop\\\\download (2)\\\\dataconnect\": could not find dataconnect.yaml in `c:\\Users\\NEW USER\\Desktop\\download (2)\\dataconnect`\n"}}
[debug] [2026-06-08T14:28:14.128Z] E0608 15:28:14.128484   20612 watch.go:40] Failed to load config from "c:\\Users\\NEW USER\\Desktop\\download (2)\\dataconnect": could not find dataconnect.yaml in `c:\Users\NEW USER\Desktop\download (2)\dataconnect`
 {"metadata":{"emulator":{"name":"dataconnect"},"message":"E0608 15:28:14.128484   20612 watch.go:40] Failed to load config from \"c:\\\\Users\\\\NEW USER\\\\Desktop\\\\download (2)\\\\dataconnect\": could not find dataconnect.yaml in `c:\\Users\\NEW USER\\Desktop\\download (2)\\dataconnect`\n"}}
[debug] [2026-06-08T14:28:24.128Z] E0608 15:28:24.128087   20612 watch.go:40] Failed to load config from "c:\\Users\\NEW USER\\Desktop\\download (2)\\dataconnect": could not find dataconnect.yaml in `c:\Users\NEW USER\Desktop\download (2)\dataconnect`
 {"metadata":{"emulator":{"name":"dataconnect"},"message":"E0608 15:28:24.128087   20612 watch.go:40] Failed to load config from \"c:\\\\Users\\\\NEW USER\\\\Desktop\\\\download (2)\\\\dataconnect\": could not find dataconnect.yaml in `c:\\Users\\NEW USER\\Desktop\\download (2)\\dataconnect`\n"}}
[debug] [2026-06-08T14:28:34.128Z] E0608 15:28:34.128422   20612 watch.go:40] Failed to load config from "c:\\Users\\NEW USER\\Desktop\\download (2)\\dataconnect": could not find dataconnect.yaml in `c:\Users\NEW USER\Desktop\download (2)\dataconnect`
 {"metadata":{"emulator":{"name":"dataconnect"},"message":"E0608 15:28:34.128422   20612 watch.go:40] Failed to load config from \"c:\\\\Users\\\\NEW USER\\\\Desktop\\\\download (2)\\\\dataconnect\": could not find dataconnect.yaml in `c:\\Users\\NEW USER\\Desktop\\download (2)\\dataconnect`\n"}}
[debug] [2026-06-08T14:28:44.129Z] E0608 15:28:44.129160   20612 watch.go:40] Failed to load config from "c:\\Users\\NEW USER\\Desktop\\download (2)\\dataconnect": could not find dataconnect.yaml in `c:\Users\NEW USER\Desktop\download (2)\dataconnect`
 {"metadata":{"emulator":{"name":"dataconnect"},"message":"E0608 15:28:44.129160   20612 watch.go:40] Failed to load config from \"c:\\\\Users\\\\NEW USER\\\\Desktop\\\\download (2)\\\\dataconnect\": could not find dataconnect.yaml in `c:\\Users\\NEW USER\\Desktop\\download (2)\\dataconnect`\n"}}
[debug] [2026-06-08T14:28:54.128Z] E0608 15:28:54.128797   20612 watch.go:40] Failed to load config from "c:\\Users\\NEW USER\\Desktop\\download (2)\\dataconnect": could not find dataconnect.yaml in `c:\Users\NEW USER\Desktop\download (2)\dataconnect`
 {"metadata":{"emulator":{"name":"dataconnect"},"message":"E0608 15:28:54.128797   20612 watch.go:40] Failed to load config from \"c:\\\\Users\\\\NEW USER\\\\Desktop\\\\download (2)\\\\dataconnect\": could not find dataconnect.yaml in `c:\\Users\\NEW USER\\Desktop\\download (2)\\dataconnect`\n"}}
[debug] [2026-06-08T14:29:04.128Z] E0608 15:29:04.128235   20612 watch.go:116] watchAllDir unable to walk dir `c:\Users\NEW USER\Desktop\download (2)\dataconnect`: GetFileAttributesEx c:\Users\NEW USER\Desktop\download (2)\dataconnect: The system cannot find the file specified.
 {"metadata":{"emulator":{"name":"dataconnect"},"message":"E0608 15:29:04.128235   20612 watch.go:116] watchAllDir unable to walk dir `c:\\Users\\NEW USER\\Desktop\\download (2)\\dataconnect`: GetFileAttributesEx c:\\Users\\NEW USER\\Desktop\\download (2)\\dataconnect: The system cannot find the file specified.\n"}}
[debug] [2026-06-08T14:29:04.129Z] E0608 15:29:04.128235   20612 watch.go:40] Failed to load config from "c:\\Users\\NEW USER\\Desktop\\download (2)\\dataconnect": could not find dataconnect.yaml in `c:\Users\NEW USER\Desktop\download (2)\dataconnect`
 {"metadata":{"emulator":{"name":"dataconnect"},"message":"E0608 15:29:04.128235   20612 watch.go:40] Failed to load config from \"c:\\\\Users\\\\NEW USER\\\\Desktop\\\\download (2)\\\\dataconnect\": could not find dataconnect.yaml in `c:\\Users\\NEW USER\\Desktop\\download (2)\\dataconnect`\n"}}
[debug] [2026-06-08T14:29:14.128Z] E0608 15:29:14.128782   20612 watch.go:40] Failed to load config from "c:\\Users\\NEW USER\\Desktop\\download (2)\\dataconnect": could not find dataconnect.yaml in `c:\Users\NEW USER\Desktop\download (2)\dataconnect`
 {"metadata":{"emulator":{"name":"dataconnect"},"message":"E0608 15:29:14.128782   20612 watch.go:40] Failed to load config from \"c:\\\\Users\\\\NEW USER\\\\Desktop\\\\download (2)\\\\dataconnect\": could not find dataconnect.yaml in `c:\\Users\\NEW USER\\Desktop\\download (2)\\dataconnect`\n"}}
[debug] [2026-06-08T14:29:24.128Z] E0608 15:29:24.128696   20612 watch.go:40] Failed to load config from "c:\\Users\\NEW USER\\Desktop\\download (2)\\dataconnect": could not find dataconnect.yaml in `c:\Users\NEW USER\Desktop\download (2)\dataconnect`
 {"metadata":{"emulator":{"name":"dataconnect"},"message":"E0608 15:29:24.128696   20612 watch.go:40] Failed to load config from \"c:\\\\Users\\\\NEW USER\\\\Desktop\\\\download (2)\\\\dataconnect\": could not find dataconnect.yaml in `c:\\Users\\NEW USER\\Desktop\\download (2)\\dataconnect`\n"}}
[debug] [2026-06-08T14:29:34.138Z] E0608 15:29:34.138262   20612 watch.go:40] Failed to load config from "c:\\Users\\NEW USER\\Desktop\\download (2)\\dataconnect": could not find dataconnect.yaml in `c:\Users\NEW USER\Desktop\download (2)\dataconnect`
 {"metadata":{"emulator":{"name":"dataconnect"},"message":"E0608 15:29:34.138262   20612 watch.go:40] Failed to load config from \"c:\\\\Users\\\\NEW USER\\\\Desktop\\\\download (2)\\\\dataconnect\": could not find dataconnect.yaml in `c:\\Users\\NEW USER\\Desktop\\download (2)\\dataconnect`\n"}}
[debug] [2026-06-08T14:29:44.128Z] E0608 15:29:44.128816   20612 watch.go:40] Failed to load config from "c:\\Users\\NEW USER\\Desktop\\download (2)\\dataconnect": could not find dataconnect.yaml in `c:\Users\NEW USER\Desktop\download (2)\dataconnect`
 {"metadata":{"emulator":{"name":"dataconnect"},"message":"E0608 15:29:44.128816   20612 watch.go:40] Failed to load config from \"c:\\\\Users\\\\NEW USER\\\\Desktop\\\\download (2)\\\\dataconnect\": could not find dataconnect.yaml in `c:\\Users\\NEW USER\\Desktop\\download (2)\\dataconnect`\n"}}
[debug] [2026-06-08T14:29:54.129Z] E0608 15:29:54.129003   20612 watch.go:40] Failed to load config from "c:\\Users\\NEW USER\\Desktop\\download (2)\\dataconnect": could not find dataconnect.yaml in `c:\Users\NEW USER\Desktop\download (2)\dataconnect`
 {"metadata":{"emulator":{"name":"dataconnect"},"message":"E0608 15:29:54.129003   20612 watch.go:40] Failed to load config from \"c:\\\\Users\\\\NEW USER\\\\Desktop\\\\download (2)\\\\dataconnect\": could not find dataconnect.yaml in `c:\\Users\\NEW USER\\Desktop\\download (2)\\dataconnect`\n"}}
[debug] [2026-06-08T14:30:04.128Z] E0608 15:30:04.128438   20612 watch.go:116] watchAllDir unable to walk dir `c:\Users\NEW USER\Desktop\download (2)\dataconnect`: GetFileAttributesEx c:\Users\NEW USER\Desktop\download (2)\dataconnect: The system cannot find the file specified.
 {"metadata":{"emulator":{"name":"dataconnect"},"message":"E0608 15:30:04.128438   20612 watch.go:116] watchAllDir unable to walk dir `c:\\Users\\NEW USER\\Desktop\\download (2)\\dataconnect`: GetFileAttributesEx c:\\Users\\NEW USER\\Desktop\\download (2)\\dataconnect: The system cannot find the file specified.\n"}}
[debug] [2026-06-08T14:30:04.129Z] E0608 15:30:04.128438   20612 watch.go:40] Failed to load config from "c:\\Users\\NEW USER\\Desktop\\download (2)\\dataconnect": could not find dataconnect.yaml in `c:\Users\NEW USER\Desktop\download (2)\dataconnect`
 {"metadata":{"emulator":{"name":"dataconnect"},"message":"E0608 15:30:04.128438   20612 watch.go:40] Failed to load config from \"c:\\\\Users\\\\NEW USER\\\\Desktop\\\\download (2)\\\\dataconnect\": could not find dataconnect.yaml in `c:\\Users\\NEW USER\\Desktop\\download (2)\\dataconnect`\n"}}
[debug] [2026-06-08T14:30:14.130Z] E0608 15:30:14.129470   20612 watch.go:40] Failed to load config from "c:\\Users\\NEW USER\\Desktop\\download (2)\\dataconnect": could not find dataconnect.yaml in `c:\Users\NEW USER\Desktop\download (2)\dataconnect`
 {"metadata":{"emulator":{"name":"dataconnect"},"message":"E0608 15:30:14.129470   20612 watch.go:40] Failed to load config from \"c:\\\\Users\\\\NEW USER\\\\Desktop\\\\download (2)\\\\dataconnect\": could not find dataconnect.yaml in `c:\\Users\\NEW USER\\Desktop\\download (2)\\dataconnect`\n"}}
[debug] [2026-06-08T14:30:24.128Z] E0608 15:30:24.128607   20612 watch.go:40] Failed to load config from "c:\\Users\\NEW USER\\Desktop\\download (2)\\dataconnect": could not find dataconnect.yaml in `c:\Users\NEW USER\Desktop\download (2)\dataconnect`
 {"metadata":{"emulator":{"name":"dataconnect"},"message":"E0608 15:30:24.128607   20612 watch.go:40] Failed to load config from \"c:\\\\Users\\\\NEW USER\\\\Desktop\\\\download (2)\\\\dataconnect\": could not find dataconnect.yaml in `c:\\Users\\NEW USER\\Desktop\\download (2)\\dataconnect`\n"}}
[debug] [2026-06-08T14:30:34.128Z] E0608 15:30:34.128102   20612 watch.go:40] Failed to load config from "c:\\Users\\NEW USER\\Desktop\\download (2)\\dataconnect": could not find dataconnect.yaml in `c:\Users\NEW USER\Desktop\download (2)\dataconnect`
 {"metadata":{"emulator":{"name":"dataconnect"},"message":"E0608 15:30:34.128102   20612 watch.go:40] Failed to load config from \"c:\\\\Users\\\\NEW USER\\\\Desktop\\\\download (2)\\\\dataconnect\": could not find dataconnect.yaml in `c:\\Users\\NEW USER\\Desktop\\download (2)\\dataconnect`\n"}}
[debug] [2026-06-08T14:30:44.128Z] E0608 15:30:44.128128   20612 watch.go:40] Failed to load config from "c:\\Users\\NEW USER\\Desktop\\download (2)\\dataconnect": could not find dataconnect.yaml in `c:\Users\NEW USER\Desktop\download (2)\dataconnect`
 {"metadata":{"emulator":{"name":"dataconnect"},"message":"E0608 15:30:44.128128   20612 watch.go:40] Failed to load config from \"c:\\\\Users\\\\NEW USER\\\\Desktop\\\\download (2)\\\\dataconnect\": could not find dataconnect.yaml in `c:\\Users\\NEW USER\\Desktop\\download (2)\\dataconnect`\n"}}
[debug] [2026-06-08T14:30:54.128Z] E0608 15:30:54.128141   20612 watch.go:40] Failed to load config from "c:\\Users\\NEW USER\\Desktop\\download (2)\\dataconnect": could not find dataconnect.yaml in `c:\Users\NEW USER\Desktop\download (2)\dataconnect`
 {"metadata":{"emulator":{"name":"dataconnect"},"message":"E0608 15:30:54.128141   20612 watch.go:40] Failed to load config from \"c:\\\\Users\\\\NEW USER\\\\Desktop\\\\download (2)\\\\dataconnect\": could not find dataconnect.yaml in `c:\\Users\\NEW USER\\Desktop\\download (2)\\dataconnect`\n"}}
[debug] [2026-06-08T14:31:04.128Z] E0608 15:31:04.128387   20612 watch.go:116] watchAllDir unable to walk dir `c:\Users\NEW USER\Desktop\download (2)\dataconnect`: GetFileAttributesEx c:\Users\NEW USER\Desktop\download (2)\dataconnect: The system cannot find the file specified.
 {"metadata":{"emulator":{"name":"dataconnect"},"message":"E0608 15:31:04.128387   20612 watch.go:116] watchAllDir unable to walk dir `c:\\Users\\NEW USER\\Desktop\\download (2)\\dataconnect`: GetFileAttributesEx c:\\Users\\NEW USER\\Desktop\\download (2)\\dataconnect: The system cannot find the file specified.\n"}}
[debug] [2026-06-08T14:31:04.129Z] E0608 15:31:04.128926   20612 watch.go:40] Failed to load config from "c:\\Users\\NEW USER\\Desktop\\download (2)\\dataconnect": could not find dataconnect.yaml in `c:\Users\NEW USER\Desktop\download (2)\dataconnect`
 {"metadata":{"emulator":{"name":"dataconnect"},"message":"E0608 15:31:04.128926   20612 watch.go:40] Failed to load config from \"c:\\\\Users\\\\NEW USER\\\\Desktop\\\\download (2)\\\\dataconnect\": could not find dataconnect.yaml in `c:\\Users\\NEW USER\\Desktop\\download (2)\\dataconnect`\n"}}
[debug] [2026-06-08T14:31:14.128Z] E0608 15:31:14.129282   20612 watch.go:40] Failed to load config from "c:\\Users\\NEW USER\\Desktop\\download (2)\\dataconnect": could not find dataconnect.yaml in `c:\Users\NEW USER\Desktop\download (2)\dataconnect`
 {"metadata":{"emulator":{"name":"dataconnect"},"message":"E0608 15:31:14.129282   20612 watch.go:40] Failed to load config from \"c:\\\\Users\\\\NEW USER\\\\Desktop\\\\download (2)\\\\dataconnect\": could not find dataconnect.yaml in `c:\\Users\\NEW USER\\Desktop\\download (2)\\dataconnect`\n"}}
[debug] [2026-06-08T14:31:24.128Z] E0608 15:31:24.128306   20612 watch.go:40] Failed to load config from "c:\\Users\\NEW USER\\Desktop\\download (2)\\dataconnect": could not find dataconnect.yaml in `c:\Users\NEW USER\Desktop\download (2)\dataconnect`
 {"metadata":{"emulator":{"name":"dataconnect"},"message":"E0608 15:31:24.128306   20612 watch.go:40] Failed to load config from \"c:\\\\Users\\\\NEW USER\\\\Desktop\\\\download (2)\\\\dataconnect\": could not find dataconnect.yaml in `c:\\Users\\NEW USER\\Desktop\\download (2)\\dataconnect`\n"}}
[debug] [2026-06-08T14:31:34.129Z] E0608 15:31:34.129439   20612 watch.go:40] Failed to load config from "c:\\Users\\NEW USER\\Desktop\\download (2)\\dataconnect": could not find dataconnect.yaml in `c:\Users\NEW USER\Desktop\download (2)\dataconnect`
 {"metadata":{"emulator":{"name":"dataconnect"},"message":"E0608 15:31:34.129439   20612 watch.go:40] Failed to load config from \"c:\\\\Users\\\\NEW USER\\\\Desktop\\\\download (2)\\\\dataconnect\": could not find dataconnect.yaml in `c:\\Users\\NEW USER\\Desktop\\download (2)\\dataconnect`\n"}}
[debug] [2026-06-08T14:31:44.129Z] E0608 15:31:44.128513   20612 watch.go:40] Failed to load config from "c:\\Users\\NEW USER\\Desktop\\download (2)\\dataconnect": could not find dataconnect.yaml in `c:\Users\NEW USER\Desktop\download (2)\dataconnect`
 {"metadata":{"emulator":{"name":"dataconnect"},"message":"E0608 15:31:44.128513   20612 watch.go:40] Failed to load config from \"c:\\\\Users\\\\NEW USER\\\\Desktop\\\\download (2)\\\\dataconnect\": could not find dataconnect.yaml in `c:\\Users\\NEW USER\\Desktop\\download (2)\\dataconnect`\n"}}
[debug] [2026-06-08T14:31:54.130Z] E0608 15:31:54.130112   20612 watch.go:40] Failed to load config from "c:\\Users\\NEW USER\\Desktop\\download (2)\\dataconnect": could not find dataconnect.yaml in `c:\Users\NEW USER\Desktop\download (2)\dataconnect`
 {"metadata":{"emulator":{"name":"dataconnect"},"message":"E0608 15:31:54.130112   20612 watch.go:40] Failed to load config from \"c:\\\\Users\\\\NEW USER\\\\Desktop\\\\download (2)\\\\dataconnect\": could not find dataconnect.yaml in `c:\\Users\\NEW USER\\Desktop\\download (2)\\dataconnect`\n"}}
[debug] [2026-06-08T14:32:04.129Z] E0608 15:32:04.128829   20612 watch.go:116] watchAllDir unable to walk dir `c:\Users\NEW USER\Desktop\download (2)\dataconnect`: GetFileAttributesEx c:\Users\NEW USER\Desktop\download (2)\dataconnect: The system cannot find the file specified.
 {"metadata":{"emulator":{"name":"dataconnect"},"message":"E0608 15:32:04.128829   20612 watch.go:116] watchAllDir unable to walk dir `c:\\Users\\NEW USER\\Desktop\\download (2)\\dataconnect`: GetFileAttributesEx c:\\Users\\NEW USER\\Desktop\\download (2)\\dataconnect: The system cannot find the file specified.\n"}}
[debug] [2026-06-08T14:32:04.129Z] E0608 15:32:04.129412   20612 watch.go:40] Failed to load config from "c:\\Users\\NEW USER\\Desktop\\download (2)\\dataconnect": could not find dataconnect.yaml in `c:\Users\NEW USER\Desktop\download (2)\dataconnect`
 {"metadata":{"emulator":{"name":"dataconnect"},"message":"E0608 15:32:04.129412   20612 watch.go:40] Failed to load config from \"c:\\\\Users\\\\NEW USER\\\\Desktop\\\\download (2)\\\\dataconnect\": could not find dataconnect.yaml in `c:\\Users\\NEW USER\\Desktop\\download (2)\\dataconnect`\n"}}
[debug] [2026-06-08T14:32:14.128Z] E0608 15:32:14.128357   20612 watch.go:40] Failed to load config from "c:\\Users\\NEW USER\\Desktop\\download (2)\\dataconnect": could not find dataconnect.yaml in `c:\Users\NEW USER\Desktop\download (2)\dataconnect`
 {"metadata":{"emulator":{"name":"dataconnect"},"message":"E0608 15:32:14.128357   20612 watch.go:40] Failed to load config from \"c:\\\\Users\\\\NEW USER\\\\Desktop\\\\download (2)\\\\dataconnect\": could not find dataconnect.yaml in `c:\\Users\\NEW USER\\Desktop\\download (2)\\dataconnect`\n"}}
[debug] [2026-06-08T14:32:24.128Z] E0608 15:32:24.128308   20612 watch.go:40] Failed to load config from "c:\\Users\\NEW USER\\Desktop\\download (2)\\dataconnect": could not find dataconnect.yaml in `c:\Users\NEW USER\Desktop\download (2)\dataconnect`
 {"metadata":{"emulator":{"name":"dataconnect"},"message":"E0608 15:32:24.128308   20612 watch.go:40] Failed to load config from \"c:\\\\Users\\\\NEW USER\\\\Desktop\\\\download (2)\\\\dataconnect\": could not find dataconnect.yaml in `c:\\Users\\NEW USER\\Desktop\\download (2)\\dataconnect`\n"}}
[debug] [2026-06-08T14:32:34.128Z] E0608 15:32:34.128446   20612 watch.go:40] Failed to load config from "c:\\Users\\NEW USER\\Desktop\\download (2)\\dataconnect": could not find dataconnect.yaml in `c:\Users\NEW USER\Desktop\download (2)\dataconnect`
 {"metadata":{"emulator":{"name":"dataconnect"},"message":"E0608 15:32:34.128446   20612 watch.go:40] Failed to load config from \"c:\\\\Users\\\\NEW USER\\\\Desktop\\\\download (2)\\\\dataconnect\": could not find dataconnect.yaml in `c:\\Users\\NEW USER\\Desktop\\download (2)\\dataconnect`\n"}}
[debug] [2026-06-08T14:32:44.128Z] E0608 15:32:44.128762   20612 watch.go:40] Failed to load config from "c:\\Users\\NEW USER\\Desktop\\download (2)\\dataconnect": could not find dataconnect.yaml in `c:\Users\NEW USER\Desktop\download (2)\dataconnect`
 {"metadata":{"emulator":{"name":"dataconnect"},"message":"E0608 15:32:44.128762   20612 watch.go:40] Failed to load config from \"c:\\\\Users\\\\NEW USER\\\\Desktop\\\\download (2)\\\\dataconnect\": could not find dataconnect.yaml in `c:\\Users\\NEW USER\\Desktop\\download (2)\\dataconnect`\n"}}
[debug] [2026-06-08T14:32:54.128Z] E0608 15:32:54.128499   20612 watch.go:40] Failed to load config from "c:\\Users\\NEW USER\\Desktop\\download (2)\\dataconnect": could not find dataconnect.yaml in `c:\Users\NEW USER\Desktop\download (2)\dataconnect`
 {"metadata":{"emulator":{"name":"dataconnect"},"message":"E0608 15:32:54.128499   20612 watch.go:40] Failed to load config from \"c:\\\\Users\\\\NEW USER\\\\Desktop\\\\download (2)\\\\dataconnect\": could not find dataconnect.yaml in `c:\\Users\\NEW USER\\Desktop\\download (2)\\dataconnect`\n"}}
[debug] [2026-06-08T14:33:04.128Z] E0608 15:33:04.128377   20612 watch.go:116] watchAllDir unable to walk dir `c:\Users\NEW USER\Desktop\download (2)\dataconnect`: GetFileAttributesEx c:\Users\NEW USER\Desktop\download (2)\dataconnect: The system cannot find the file specified.
E0608 15:33:04.128377   20612 watch.go:40] Failed to load config from "c:\\Users\\NEW USER\\Desktop\\download (2)\\dataconnect": could not find dataconnect.yaml in `c:\Users\NEW USER\Desktop\download (2)\dataconnect`
 {"metadata":{"emulator":{"name":"dataconnect"},"message":"E0608 15:33:04.128377   20612 watch.go:116] watchAllDir unable to walk dir `c:\\Users\\NEW USER\\Desktop\\download (2)\\dataconnect`: GetFileAttributesEx c:\\Users\\NEW USER\\Desktop\\download (2)\\dataconnect: The system cannot find the file specified.\nE0608 15:33:04.128377   20612 watch.go:40] Failed to load config from \"c:\\\\Users\\\\NEW USER\\\\Desktop\\\\download (2)\\\\dataconnect\": could not find dataconnect.yaml in `c:\\Users\\NEW USER\\Desktop\\download (2)\\dataconnect`\n"}}
[debug] [2026-06-08T14:33:14.128Z] E0608 15:33:14.128898   20612 watch.go:40] Failed to load config from "c:\\Users\\NEW USER\\Desktop\\download (2)\\dataconnect": could not find dataconnect.yaml in `c:\Users\NEW USER\Desktop\download (2)\dataconnect`
 {"metadata":{"emulator":{"name":"dataconnect"},"message":"E0608 15:33:14.128898   20612 watch.go:40] Failed to load config from \"c:\\\\Users\\\\NEW USER\\\\Desktop\\\\download (2)\\\\dataconnect\": could not find dataconnect.yaml in `c:\\Users\\NEW USER\\Desktop\\download (2)\\dataconnect`\n"}}
[debug] [2026-06-08T14:33:24.128Z] E0608 15:33:24.128244   20612 watch.go:40] Failed to load config from "c:\\Users\\NEW USER\\Desktop\\download (2)\\dataconnect": could not find dataconnect.yaml in `c:\Users\NEW USER\Desktop\download (2)\dataconnect`
 {"metadata":{"emulator":{"name":"dataconnect"},"message":"E0608 15:33:24.128244   20612 watch.go:40] Failed to load config from \"c:\\\\Users\\\\NEW USER\\\\Desktop\\\\download (2)\\\\dataconnect\": could not find dataconnect.yaml in `c:\\Users\\NEW USER\\Desktop\\download (2)\\dataconnect`\n"}}
[debug] [2026-06-08T14:33:34.129Z] E0608 15:33:34.128883   20612 watch.go:40] Failed to load config from "c:\\Users\\NEW USER\\Desktop\\download (2)\\dataconnect": could not find dataconnect.yaml in `c:\Users\NEW USER\Desktop\download (2)\dataconnect`
 {"metadata":{"emulator":{"name":"dataconnect"},"message":"E0608 15:33:34.128883   20612 watch.go:40] Failed to load config from \"c:\\\\Users\\\\NEW USER\\\\Desktop\\\\download (2)\\\\dataconnect\": could not find dataconnect.yaml in `c:\\Users\\NEW USER\\Desktop\\download (2)\\dataconnect`\n"}}
[debug] [2026-06-08T14:33:44.128Z] E0608 15:33:44.128243   20612 watch.go:40] Failed to load config from "c:\\Users\\NEW USER\\Desktop\\download (2)\\dataconnect": could not find dataconnect.yaml in `c:\Users\NEW USER\Desktop\download (2)\dataconnect`
 {"metadata":{"emulator":{"name":"dataconnect"},"message":"E0608 15:33:44.128243   20612 watch.go:40] Failed to load config from \"c:\\\\Users\\\\NEW USER\\\\Desktop\\\\download (2)\\\\dataconnect\": could not find dataconnect.yaml in `c:\\Users\\NEW USER\\Desktop\\download (2)\\dataconnect`\n"}}
[debug] [2026-06-08T14:33:54.129Z] E0608 15:33:54.128776   20612 watch.go:40] Failed to load config from "c:\\Users\\NEW USER\\Desktop\\download (2)\\dataconnect": could not find dataconnect.yaml in `c:\Users\NEW USER\Desktop\download (2)\dataconnect`
 {"metadata":{"emulator":{"name":"dataconnect"},"message":"E0608 15:33:54.128776   20612 watch.go:40] Failed to load config from \"c:\\\\Users\\\\NEW USER\\\\Desktop\\\\download (2)\\\\dataconnect\": could not find dataconnect.yaml in `c:\\Users\\NEW USER\\Desktop\\download (2)\\dataconnect`\n"}}
[debug] [2026-06-08T14:34:04.129Z] E0608 15:34:04.129049   20612 watch.go:116] watchAllDir unable to walk dir `c:\Users\NEW USER\Desktop\download (2)\dataconnect`: GetFileAttributesEx c:\Users\NEW USER\Desktop\download (2)\dataconnect: The system cannot find the file specified.
 {"metadata":{"emulator":{"name":"dataconnect"},"message":"E0608 15:34:04.129049   20612 watch.go:116] watchAllDir unable to walk dir `c:\\Users\\NEW USER\\Desktop\\download (2)\\dataconnect`: GetFileAttributesEx c:\\Users\\NEW USER\\Desktop\\download (2)\\dataconnect: The system cannot find the file specified.\n"}}
[debug] [2026-06-08T14:34:04.130Z] E0608 15:34:04.129624   20612 watch.go:40] Failed to load config from "c:\\Users\\NEW USER\\Desktop\\download (2)\\dataconnect": could not find dataconnect.yaml in `c:\Users\NEW USER\Desktop\download (2)\dataconnect`
 {"metadata":{"emulator":{"name":"dataconnect"},"message":"E0608 15:34:04.129624   20612 watch.go:40] Failed to load config from \"c:\\\\Users\\\\NEW USER\\\\Desktop\\\\download (2)\\\\dataconnect\": could not find dataconnect.yaml in `c:\\Users\\NEW USER\\Desktop\\download (2)\\dataconnect`\n"}}
[debug] [2026-06-08T14:34:14.128Z] E0608 15:34:14.128225   20612 watch.go:40] Failed to load config from "c:\\Users\\NEW USER\\Desktop\\download (2)\\dataconnect": could not find dataconnect.yaml in `c:\Users\NEW USER\Desktop\download (2)\dataconnect`
 {"metadata":{"emulator":{"name":"dataconnect"},"message":"E0608 15:34:14.128225   20612 watch.go:40] Failed to load config from \"c:\\\\Users\\\\NEW USER\\\\Desktop\\\\download (2)\\\\dataconnect\": could not find dataconnect.yaml in `c:\\Users\\NEW USER\\Desktop\\download (2)\\dataconnect`\n"}}
[debug] [2026-06-08T14:34:24.128Z] E0608 15:34:24.128033   20612 watch.go:40] Failed to load config from "c:\\Users\\NEW USER\\Desktop\\download (2)\\dataconnect": could not find dataconnect.yaml in `c:\Users\NEW USER\Desktop\download (2)\dataconnect`
 {"metadata":{"emulator":{"name":"dataconnect"},"message":"E0608 15:34:24.128033   20612 watch.go:40] Failed to load config from \"c:\\\\Users\\\\NEW USER\\\\Desktop\\\\download (2)\\\\dataconnect\": could not find dataconnect.yaml in `c:\\Users\\NEW USER\\Desktop\\download (2)\\dataconnect`\n"}}
[debug] [2026-06-08T14:34:34.130Z] E0608 15:34:34.129188   20612 watch.go:40] Failed to load config from "c:\\Users\\NEW USER\\Desktop\\download (2)\\dataconnect": could not find dataconnect.yaml in `c:\Users\NEW USER\Desktop\download (2)\dataconnect`
 {"metadata":{"emulator":{"name":"dataconnect"},"message":"E0608 15:34:34.129188   20612 watch.go:40] Failed to load config from \"c:\\\\Users\\\\NEW USER\\\\Desktop\\\\download (2)\\\\dataconnect\": could not find dataconnect.yaml in `c:\\Users\\NEW USER\\Desktop\\download (2)\\dataconnect`\n"}}
[debug] [2026-06-08T14:34:44.129Z] E0608 15:34:44.129149   20612 watch.go:40] Failed to load config from "c:\\Users\\NEW USER\\Desktop\\download (2)\\dataconnect": could not find dataconnect.yaml in `c:\Users\NEW USER\Desktop\download (2)\dataconnect`
 {"metadata":{"emulator":{"name":"dataconnect"},"message":"E0608 15:34:44.129149   20612 watch.go:40] Failed to load config from \"c:\\\\Users\\\\NEW USER\\\\Desktop\\\\download (2)\\\\dataconnect\": could not find dataconnect.yaml in `c:\\Users\\NEW USER\\Desktop\\download (2)\\dataconnect`\n"}}
[debug] [2026-06-08T14:34:54.128Z] E0608 15:34:54.128714   20612 watch.go:40] Failed to load config from "c:\\Users\\NEW USER\\Desktop\\download (2)\\dataconnect": could not find dataconnect.yaml in `c:\Users\NEW USER\Desktop\download (2)\dataconnect`
 {"metadata":{"emulator":{"name":"dataconnect"},"message":"E0608 15:34:54.128714   20612 watch.go:40] Failed to load config from \"c:\\\\Users\\\\NEW USER\\\\Desktop\\\\download (2)\\\\dataconnect\": could not find dataconnect.yaml in `c:\\Users\\NEW USER\\Desktop\\download (2)\\dataconnect`\n"}}
[debug] [2026-06-08T14:35:04.129Z] E0608 15:35:04.128568   20612 watch.go:116] watchAllDir unable to walk dir `c:\Users\NEW USER\Desktop\download (2)\dataconnect`: GetFileAttributesEx c:\Users\NEW USER\Desktop\download (2)\dataconnect: The system cannot find the file specified.
 {"metadata":{"emulator":{"name":"dataconnect"},"message":"E0608 15:35:04.128568   20612 watch.go:116] watchAllDir unable to walk dir `c:\\Users\\NEW USER\\Desktop\\download (2)\\dataconnect`: GetFileAttributesEx c:\\Users\\NEW USER\\Desktop\\download (2)\\dataconnect: The system cannot find the file specified.\n"}}
[debug] [2026-06-08T14:35:04.130Z] E0608 15:35:04.129334   20612 watch.go:40] Failed to load config from "c:\\Users\\NEW USER\\Desktop\\download (2)\\dataconnect": could not find dataconnect.yaml in `c:\Users\NEW USER\Desktop\download (2)\dataconnect`
 {"metadata":{"emulator":{"name":"dataconnect"},"message":"E0608 15:35:04.129334   20612 watch.go:40] Failed to load config from \"c:\\\\Users\\\\NEW USER\\\\Desktop\\\\download (2)\\\\dataconnect\": could not find dataconnect.yaml in `c:\\Users\\NEW USER\\Desktop\\download (2)\\dataconnect`\n"}}
[debug] [2026-06-08T14:35:14.129Z] E0608 15:35:14.128620   20612 watch.go:40] Failed to load config from "c:\\Users\\NEW USER\\Desktop\\download (2)\\dataconnect": could not find dataconnect.yaml in `c:\Users\NEW USER\Desktop\download (2)\dataconnect`
 {"metadata":{"emulator":{"name":"dataconnect"},"message":"E0608 15:35:14.128620   20612 watch.go:40] Failed to load config from \"c:\\\\Users\\\\NEW USER\\\\Desktop\\\\download (2)\\\\dataconnect\": could not find dataconnect.yaml in `c:\\Users\\NEW USER\\Desktop\\download (2)\\dataconnect`\n"}}
[debug] [2026-06-08T14:35:24.129Z] E0608 15:35:24.129039   20612 watch.go:40] Failed to load config from "c:\\Users\\NEW USER\\Desktop\\download (2)\\dataconnect": could not find dataconnect.yaml in `c:\Users\NEW USER\Desktop\download (2)\dataconnect`
 {"metadata":{"emulator":{"name":"dataconnect"},"message":"E0608 15:35:24.129039   20612 watch.go:40] Failed to load config from \"c:\\\\Users\\\\NEW USER\\\\Desktop\\\\download (2)\\\\dataconnect\": could not find dataconnect.yaml in `c:\\Users\\NEW USER\\Desktop\\download (2)\\dataconnect`\n"}}
[debug] [2026-06-08T14:35:34.129Z] E0608 15:35:34.128827   20612 watch.go:40] Failed to load config from "c:\\Users\\NEW USER\\Desktop\\download (2)\\dataconnect": could not find dataconnect.yaml in `c:\Users\NEW USER\Desktop\download (2)\dataconnect`
 {"metadata":{"emulator":{"name":"dataconnect"},"message":"E0608 15:35:34.128827   20612 watch.go:40] Failed to load config from \"c:\\\\Users\\\\NEW USER\\\\Desktop\\\\download (2)\\\\dataconnect\": could not find dataconnect.yaml in `c:\\Users\\NEW USER\\Desktop\\download (2)\\dataconnect`\n"}}
[debug] [2026-06-08T14:35:44.128Z] E0608 15:35:44.128172   20612 watch.go:40] Failed to load config from "c:\\Users\\NEW USER\\Desktop\\download (2)\\dataconnect": could not find dataconnect.yaml in `c:\Users\NEW USER\Desktop\download (2)\dataconnect`
 {"metadata":{"emulator":{"name":"dataconnect"},"message":"E0608 15:35:44.128172   20612 watch.go:40] Failed to load config from \"c:\\\\Users\\\\NEW USER\\\\Desktop\\\\download (2)\\\\dataconnect\": could not find dataconnect.yaml in `c:\\Users\\NEW USER\\Desktop\\download (2)\\dataconnect`\n"}}
[debug] [2026-06-08T14:35:54.129Z] E0608 15:35:54.129458   20612 watch.go:40] Failed to load config from "c:\\Users\\NEW USER\\Desktop\\download (2)\\dataconnect": could not find dataconnect.yaml in `c:\Users\NEW USER\Desktop\download (2)\dataconnect`
 {"metadata":{"emulator":{"name":"dataconnect"},"message":"E0608 15:35:54.129458   20612 watch.go:40] Failed to load config from \"c:\\\\Users\\\\NEW USER\\\\Desktop\\\\download (2)\\\\dataconnect\": could not find dataconnect.yaml in `c:\\Users\\NEW USER\\Desktop\\download (2)\\dataconnect`\n"}}
[debug] [2026-06-08T14:36:04.128Z] E0608 15:36:04.128455   20612 watch.go:116] watchAllDir unable to walk dir `c:\Users\NEW USER\Desktop\download (2)\dataconnect`: GetFileAttributesEx c:\Users\NEW USER\Desktop\download (2)\dataconnect: The system cannot find the file specified.
 {"metadata":{"emulator":{"name":"dataconnect"},"message":"E0608 15:36:04.128455   20612 watch.go:116] watchAllDir unable to walk dir `c:\\Users\\NEW USER\\Desktop\\download (2)\\dataconnect`: GetFileAttributesEx c:\\Users\\NEW USER\\Desktop\\download (2)\\dataconnect: The system cannot find the file specified.\n"}}
[debug] [2026-06-08T14:36:04.129Z] E0608 15:36:04.128455   20612 watch.go:40] Failed to load config from "c:\\Users\\NEW USER\\Desktop\\download (2)\\dataconnect": could not find dataconnect.yaml in `c:\Users\NEW USER\Desktop\download (2)\dataconnect`
 {"metadata":{"emulator":{"name":"dataconnect"},"message":"E0608 15:36:04.128455   20612 watch.go:40] Failed to load config from \"c:\\\\Users\\\\NEW USER\\\\Desktop\\\\download (2)\\\\dataconnect\": could not find dataconnect.yaml in `c:\\Users\\NEW USER\\Desktop\\download (2)\\dataconnect`\n"}}
[debug] [2026-06-08T14:36:14.129Z] E0608 15:36:14.128872   20612 watch.go:40] Failed to load config from "c:\\Users\\NEW USER\\Desktop\\download (2)\\dataconnect": could not find dataconnect.yaml in `c:\Users\NEW USER\Desktop\download (2)\dataconnect`
 {"metadata":{"emulator":{"name":"dataconnect"},"message":"E0608 15:36:14.128872   20612 watch.go:40] Failed to load config from \"c:\\\\Users\\\\NEW USER\\\\Desktop\\\\download (2)\\\\dataconnect\": could not find dataconnect.yaml in `c:\\Users\\NEW USER\\Desktop\\download (2)\\dataconnect`\n"}}
[debug] [2026-06-08T14:36:24.128Z] E0608 15:36:24.128460   20612 watch.go:40] Failed to load config from "c:\\Users\\NEW USER\\Desktop\\download (2)\\dataconnect": could not find dataconnect.yaml in `c:\Users\NEW USER\Desktop\download (2)\dataconnect`
 {"metadata":{"emulator":{"name":"dataconnect"},"message":"E0608 15:36:24.128460   20612 watch.go:40] Failed to load config from \"c:\\\\Users\\\\NEW USER\\\\Desktop\\\\download (2)\\\\dataconnect\": could not find dataconnect.yaml in `c:\\Users\\NEW USER\\Desktop\\download (2)\\dataconnect`\n"}}
[debug] [2026-06-08T14:36:34.131Z] E0608 15:36:34.130721   20612 watch.go:40] Failed to load config from "c:\\Users\\NEW USER\\Desktop\\download (2)\\dataconnect": could not find dataconnect.yaml in `c:\Users\NEW USER\Desktop\download (2)\dataconnect`
 {"metadata":{"emulator":{"name":"dataconnect"},"message":"E0608 15:36:34.130721   20612 watch.go:40] Failed to load config from \"c:\\\\Users\\\\NEW USER\\\\Desktop\\\\download (2)\\\\dataconnect\": could not find dataconnect.yaml in `c:\\Users\\NEW USER\\Desktop\\download (2)\\dataconnect`\n"}}
[debug] [2026-06-08T14:36:44.129Z] E0608 15:36:44.128950   20612 watch.go:40] Failed to load config from "c:\\Users\\NEW USER\\Desktop\\download (2)\\dataconnect": could not find dataconnect.yaml in `c:\Users\NEW USER\Desktop\download (2)\dataconnect`
 {"metadata":{"emulator":{"name":"dataconnect"},"message":"E0608 15:36:44.128950   20612 watch.go:40] Failed to load config from \"c:\\\\Users\\\\NEW USER\\\\Desktop\\\\download (2)\\\\dataconnect\": could not find dataconnect.yaml in `c:\\Users\\NEW USER\\Desktop\\download (2)\\dataconnect`\n"}}
[debug] [2026-06-08T14:36:54.130Z] E0608 15:36:54.130122   20612 watch.go:40] Failed to load config from "c:\\Users\\NEW USER\\Desktop\\download (2)\\dataconnect": could not find dataconnect.yaml in `c:\Users\NEW USER\Desktop\download (2)\dataconnect`
 {"metadata":{"emulator":{"name":"dataconnect"},"message":"E0608 15:36:54.130122   20612 watch.go:40] Failed to load config from \"c:\\\\Users\\\\NEW USER\\\\Desktop\\\\download (2)\\\\dataconnect\": could not find dataconnect.yaml in `c:\\Users\\NEW USER\\Desktop\\download (2)\\dataconnect`\n"}}
[debug] [2026-06-08T14:37:04.129Z] E0608 15:37:04.128589   20612 watch.go:116] watchAllDir unable to walk dir `c:\Users\NEW USER\Desktop\download (2)\dataconnect`: GetFileAttributesEx c:\Users\NEW USER\Desktop\download (2)\dataconnect: The system cannot find the file specified.
 {"metadata":{"emulator":{"name":"dataconnect"},"message":"E0608 15:37:04.128589   20612 watch.go:116] watchAllDir unable to walk dir `c:\\Users\\NEW USER\\Desktop\\download (2)\\dataconnect`: GetFileAttributesEx c:\\Users\\NEW USER\\Desktop\\download (2)\\dataconnect: The system cannot find the file specified.\n"}}
[debug] [2026-06-08T14:37:04.130Z] E0608 15:37:04.128589   20612 watch.go:40] Failed to load config from "c:\\Users\\NEW USER\\Desktop\\download (2)\\dataconnect": could not find dataconnect.yaml in `c:\Users\NEW USER\Desktop\download (2)\dataconnect`
 {"metadata":{"emulator":{"name":"dataconnect"},"message":"E0608 15:37:04.128589   20612 watch.go:40] Failed to load config from \"c:\\\\Users\\\\NEW USER\\\\Desktop\\\\download (2)\\\\dataconnect\": could not find dataconnect.yaml in `c:\\Users\\NEW USER\\Desktop\\download (2)\\dataconnect`\n"}}
[debug] [2026-06-08T14:37:14.130Z] E0608 15:37:14.129441   20612 watch.go:40] Failed to load config from "c:\\Users\\NEW USER\\Desktop\\download (2)\\dataconnect": could not find dataconnect.yaml in `c:\Users\NEW USER\Desktop\download (2)\dataconnect`
 {"metadata":{"emulator":{"name":"dataconnect"},"message":"E0608 15:37:14.129441   20612 watch.go:40] Failed to load config from \"c:\\\\Users\\\\NEW USER\\\\Desktop\\\\download (2)\\\\dataconnect\": could not find dataconnect.yaml in `c:\\Users\\NEW USER\\Desktop\\download (2)\\dataconnect`\n"}}
[debug] [2026-06-08T14:37:24.130Z] E0608 15:37:24.129900   20612 watch.go:40] Failed to load config from "c:\\Users\\NEW USER\\Desktop\\download (2)\\dataconnect": could not find dataconnect.yaml in `c:\Users\NEW USER\Desktop\download (2)\dataconnect`
 {"metadata":{"emulator":{"name":"dataconnect"},"message":"E0608 15:37:24.129900   20612 watch.go:40] Failed to load config from \"c:\\\\Users\\\\NEW USER\\\\Desktop\\\\download (2)\\\\dataconnect\": could not find dataconnect.yaml in `c:\\Users\\NEW USER\\Desktop\\download (2)\\dataconnect`\n"}}
[debug] [2026-06-08T14:37:34.129Z] E0608 15:37:34.128931   20612 watch.go:40] Failed to load config from "c:\\Users\\NEW USER\\Desktop\\download (2)\\dataconnect": could not find dataconnect.yaml in `c:\Users\NEW USER\Desktop\download (2)\dataconnect`
 {"metadata":{"emulator":{"name":"dataconnect"},"message":"E0608 15:37:34.128931   20612 watch.go:40] Failed to load config from \"c:\\\\Users\\\\NEW USER\\\\Desktop\\\\download (2)\\\\dataconnect\": could not find dataconnect.yaml in `c:\\Users\\NEW USER\\Desktop\\download (2)\\dataconnect`\n"}}
[debug] [2026-06-08T14:37:44.130Z] E0608 15:37:44.129762   20612 watch.go:40] Failed to load config from "c:\\Users\\NEW USER\\Desktop\\download (2)\\dataconnect": could not find dataconnect.yaml in `c:\Users\NEW USER\Desktop\download (2)\dataconnect`
 {"metadata":{"emulator":{"name":"dataconnect"},"message":"E0608 15:37:44.129762   20612 watch.go:40] Failed to load config from \"c:\\\\Users\\\\NEW USER\\\\Desktop\\\\download (2)\\\\dataconnect\": could not find dataconnect.yaml in `c:\\Users\\NEW USER\\Desktop\\download (2)\\dataconnect`\n"}}
[debug] [2026-06-08T14:37:54.130Z] E0608 15:37:54.129677   20612 watch.go:40] Failed to load config from "c:\\Users\\NEW USER\\Desktop\\download (2)\\dataconnect": could not find dataconnect.yaml in `c:\Users\NEW USER\Desktop\download (2)\dataconnect`
 {"metadata":{"emulator":{"name":"dataconnect"},"message":"E0608 15:37:54.129677   20612 watch.go:40] Failed to load config from \"c:\\\\Users\\\\NEW USER\\\\Desktop\\\\download (2)\\\\dataconnect\": could not find dataconnect.yaml in `c:\\Users\\NEW USER\\Desktop\\download (2)\\dataconnect`\n"}}
[debug] [2026-06-08T14:38:04.130Z] E0608 15:38:04.129162   20612 watch.go:116] watchAllDir unable to walk dir `c:\Users\NEW USER\Desktop\download (2)\dataconnect`: GetFileAttributesEx c:\Users\NEW USER\Desktop\download (2)\dataconnect: The system cannot find the file specified.
 {"metadata":{"emulator":{"name":"dataconnect"},"message":"E0608 15:38:04.129162   20612 watch.go:116] watchAllDir unable to walk dir `c:\\Users\\NEW USER\\Desktop\\download (2)\\dataconnect`: GetFileAttributesEx c:\\Users\\NEW USER\\Desktop\\download (2)\\dataconnect: The system cannot find the file specified.\n"}}
[debug] [2026-06-08T14:38:04.132Z] E0608 15:38:04.130284   20612 watch.go:40] Failed to load config from "c:\\Users\\NEW USER\\Desktop\\download (2)\\dataconnect": could not find dataconnect.yaml in `c:\Users\NEW USER\Desktop\download (2)\dataconnect`
 {"metadata":{"emulator":{"name":"dataconnect"},"message":"E0608 15:38:04.130284   20612 watch.go:40] Failed to load config from \"c:\\\\Users\\\\NEW USER\\\\Desktop\\\\download (2)\\\\dataconnect\": could not find dataconnect.yaml in `c:\\Users\\NEW USER\\Desktop\\download (2)\\dataconnect`\n"}}
[debug] [2026-06-08T14:38:14.130Z] E0608 15:38:14.129528   20612 watch.go:40] Failed to load config from "c:\\Users\\NEW USER\\Desktop\\download (2)\\dataconnect": could not find dataconnect.yaml in `c:\Users\NEW USER\Desktop\download (2)\dataconnect`
 {"metadata":{"emulator":{"name":"dataconnect"},"message":"E0608 15:38:14.129528   20612 watch.go:40] Failed to load config from \"c:\\\\Users\\\\NEW USER\\\\Desktop\\\\download (2)\\\\dataconnect\": could not find dataconnect.yaml in `c:\\Users\\NEW USER\\Desktop\\download (2)\\dataconnect`\n"}}
[debug] [2026-06-08T14:38:24.130Z] E0608 15:38:24.129896   20612 watch.go:40] Failed to load config from "c:\\Users\\NEW USER\\Desktop\\download (2)\\dataconnect": could not find dataconnect.yaml in `c:\Users\NEW USER\Desktop\download (2)\dataconnect`
 {"metadata":{"emulator":{"name":"dataconnect"},"message":"E0608 15:38:24.129896   20612 watch.go:40] Failed to load config from \"c:\\\\Users\\\\NEW USER\\\\Desktop\\\\download (2)\\\\dataconnect\": could not find dataconnect.yaml in `c:\\Users\\NEW USER\\Desktop\\download (2)\\dataconnect`\n"}}
[debug] [2026-06-08T14:38:34.129Z] E0608 15:38:34.129103   20612 watch.go:40] Failed to load config from "c:\\Users\\NEW USER\\Desktop\\download (2)\\dataconnect": could not find dataconnect.yaml in `c:\Users\NEW USER\Desktop\download (2)\dataconnect`
 {"metadata":{"emulator":{"name":"dataconnect"},"message":"E0608 15:38:34.129103   20612 watch.go:40] Failed to load config from \"c:\\\\Users\\\\NEW USER\\\\Desktop\\\\download (2)\\\\dataconnect\": could not find dataconnect.yaml in `c:\\Users\\NEW USER\\Desktop\\download (2)\\dataconnect`\n"}}
[debug] [2026-06-08T14:38:44.128Z] E0608 15:38:44.128318   20612 watch.go:40] Failed to load config from "c:\\Users\\NEW USER\\Desktop\\download (2)\\dataconnect": could not find dataconnect.yaml in `c:\Users\NEW USER\Desktop\download (2)\dataconnect`
 {"metadata":{"emulator":{"name":"dataconnect"},"message":"E0608 15:38:44.128318   20612 watch.go:40] Failed to load config from \"c:\\\\Users\\\\NEW USER\\\\Desktop\\\\download (2)\\\\dataconnect\": could not find dataconnect.yaml in `c:\\Users\\NEW USER\\Desktop\\download (2)\\dataconnect`\n"}}
[debug] [2026-06-08T14:38:54.128Z] E0608 15:38:54.128321   20612 watch.go:40] Failed to load config from "c:\\Users\\NEW USER\\Desktop\\download (2)\\dataconnect": could not find dataconnect.yaml in `c:\Users\NEW USER\Desktop\download (2)\dataconnect`
 {"metadata":{"emulator":{"name":"dataconnect"},"message":"E0608 15:38:54.128321   20612 watch.go:40] Failed to load config from \"c:\\\\Users\\\\NEW USER\\\\Desktop\\\\download (2)\\\\dataconnect\": could not find dataconnect.yaml in `c:\\Users\\NEW USER\\Desktop\\download (2)\\dataconnect`\n"}}
[debug] [2026-06-08T14:39:04.128Z] E0608 15:39:04.128416   20612 watch.go:116] watchAllDir unable to walk dir `c:\Users\NEW USER\Desktop\download (2)\dataconnect`: GetFileAttributesEx c:\Users\NEW USER\Desktop\download (2)\dataconnect: The system cannot find the file specified.
 {"metadata":{"emulator":{"name":"dataconnect"},"message":"E0608 15:39:04.128416   20612 watch.go:116] watchAllDir unable to walk dir `c:\\Users\\NEW USER\\Desktop\\download (2)\\dataconnect`: GetFileAttributesEx c:\\Users\\NEW USER\\Desktop\\download (2)\\dataconnect: The system cannot find the file specified.\n"}}
[debug] [2026-06-08T14:39:04.129Z] E0608 15:39:04.128416   20612 watch.go:40] Failed to load config from "c:\\Users\\NEW USER\\Desktop\\download (2)\\dataconnect": could not find dataconnect.yaml in `c:\Users\NEW USER\Desktop\download (2)\dataconnect`
 {"metadata":{"emulator":{"name":"dataconnect"},"message":"E0608 15:39:04.128416   20612 watch.go:40] Failed to load config from \"c:\\\\Users\\\\NEW USER\\\\Desktop\\\\download (2)\\\\dataconnect\": could not find dataconnect.yaml in `c:\\Users\\NEW USER\\Desktop\\download (2)\\dataconnect`\n"}}
[debug] [2026-06-08T14:39:14.128Z] E0608 15:39:14.128656   20612 watch.go:40] Failed to load config from "c:\\Users\\NEW USER\\Desktop\\download (2)\\dataconnect": could not find dataconnect.yaml in `c:\Users\NEW USER\Desktop\download (2)\dataconnect`
 {"metadata":{"emulator":{"name":"dataconnect"},"message":"E0608 15:39:14.128656   20612 watch.go:40] Failed to load config from \"c:\\\\Users\\\\NEW USER\\\\Desktop\\\\download (2)\\\\dataconnect\": could not find dataconnect.yaml in `c:\\Users\\NEW USER\\Desktop\\download (2)\\dataconnect`\n"}}
[debug] [2026-06-08T14:39:24.129Z] E0608 15:39:24.129011   20612 watch.go:40] Failed to load config from "c:\\Users\\NEW USER\\Desktop\\download (2)\\dataconnect": could not find dataconnect.yaml in `c:\Users\NEW USER\Desktop\download (2)\dataconnect`
 {"metadata":{"emulator":{"name":"dataconnect"},"message":"E0608 15:39:24.129011   20612 watch.go:40] Failed to load config from \"c:\\\\Users\\\\NEW USER\\\\Desktop\\\\download (2)\\\\dataconnect\": could not find dataconnect.yaml in `c:\\Users\\NEW USER\\Desktop\\download (2)\\dataconnect`\n"}}
[debug] [2026-06-08T14:39:34.128Z] E0608 15:39:34.128667   20612 watch.go:40] Failed to load config from "c:\\Users\\NEW USER\\Desktop\\download (2)\\dataconnect": could not find dataconnect.yaml in `c:\Users\NEW USER\Desktop\download (2)\dataconnect`
 {"metadata":{"emulator":{"name":"dataconnect"},"message":"E0608 15:39:34.128667   20612 watch.go:40] Failed to load config from \"c:\\\\Users\\\\NEW USER\\\\Desktop\\\\download (2)\\\\dataconnect\": could not find dataconnect.yaml in `c:\\Users\\NEW USER\\Desktop\\download (2)\\dataconnect`\n"}}
[debug] [2026-06-08T14:39:44.129Z] E0608 15:39:44.128754   20612 watch.go:40] Failed to load config from "c:\\Users\\NEW USER\\Desktop\\download (2)\\dataconnect": could not find dataconnect.yaml in `c:\Users\NEW USER\Desktop\download (2)\dataconnect`
 {"metadata":{"emulator":{"name":"dataconnect"},"message":"E0608 15:39:44.128754   20612 watch.go:40] Failed to load config from \"c:\\\\Users\\\\NEW USER\\\\Desktop\\\\download (2)\\\\dataconnect\": could not find dataconnect.yaml in `c:\\Users\\NEW USER\\Desktop\\download (2)\\dataconnect`\n"}}
[debug] [2026-06-08T14:39:54.131Z] E0608 15:39:54.130131   20612 watch.go:40] Failed to load config from "c:\\Users\\NEW USER\\Desktop\\download (2)\\dataconnect": could not find dataconnect.yaml in `c:\Users\NEW USER\Desktop\download (2)\dataconnect`
 {"metadata":{"emulator":{"name":"dataconnect"},"message":"E0608 15:39:54.130131   20612 watch.go:40] Failed to load config from \"c:\\\\Users\\\\NEW USER\\\\Desktop\\\\download (2)\\\\dataconnect\": could not find dataconnect.yaml in `c:\\Users\\NEW USER\\Desktop\\download (2)\\dataconnect`\n"}}
[debug] [2026-06-08T14:40:04.128Z] E0608 15:40:04.128168   20612 watch.go:116] watchAllDir unable to walk dir `c:\Users\NEW USER\Desktop\download (2)\dataconnect`: GetFileAttributesEx c:\Users\NEW USER\Desktop\download (2)\dataconnect: The system cannot find the file specified.
 {"metadata":{"emulator":{"name":"dataconnect"},"message":"E0608 15:40:04.128168   20612 watch.go:116] watchAllDir unable to walk dir `c:\\Users\\NEW USER\\Desktop\\download (2)\\dataconnect`: GetFileAttributesEx c:\\Users\\NEW USER\\Desktop\\download (2)\\dataconnect: The system cannot find the file specified.\n"}}
[debug] [2026-06-08T14:40:04.128Z] E0608 15:40:04.128168   20612 watch.go:40] Failed to load config from "c:\\Users\\NEW USER\\Desktop\\download (2)\\dataconnect": could not find dataconnect.yaml in `c:\Users\NEW USER\Desktop\download (2)\dataconnect`
 {"metadata":{"emulator":{"name":"dataconnect"},"message":"E0608 15:40:04.128168   20612 watch.go:40] Failed to load config from \"c:\\\\Users\\\\NEW USER\\\\Desktop\\\\download (2)\\\\dataconnect\": could not find dataconnect.yaml in `c:\\Users\\NEW USER\\Desktop\\download (2)\\dataconnect`\n"}}
[debug] [2026-06-08T14:40:14.129Z] E0608 15:40:14.129178   20612 watch.go:40] Failed to load config from "c:\\Users\\NEW USER\\Desktop\\download (2)\\dataconnect": could not find dataconnect.yaml in `c:\Users\NEW USER\Desktop\download (2)\dataconnect`
 {"metadata":{"emulator":{"name":"dataconnect"},"message":"E0608 15:40:14.129178   20612 watch.go:40] Failed to load config from \"c:\\\\Users\\\\NEW USER\\\\Desktop\\\\download (2)\\\\dataconnect\": could not find dataconnect.yaml in `c:\\Users\\NEW USER\\Desktop\\download (2)\\dataconnect`\n"}}
[debug] [2026-06-08T14:40:24.129Z] E0608 15:40:24.128617   20612 watch.go:40] Failed to load config from "c:\\Users\\NEW USER\\Desktop\\download (2)\\dataconnect": could not find dataconnect.yaml in `c:\Users\NEW USER\Desktop\download (2)\dataconnect`
 {"metadata":{"emulator":{"name":"dataconnect"},"message":"E0608 15:40:24.128617   20612 watch.go:40] Failed to load config from \"c:\\\\Users\\\\NEW USER\\\\Desktop\\\\download (2)\\\\dataconnect\": could not find dataconnect.yaml in `c:\\Users\\NEW USER\\Desktop\\download (2)\\dataconnect`\n"}}
[debug] [2026-06-08T14:40:34.130Z] E0608 15:40:34.129868   20612 watch.go:40] Failed to load config from "c:\\Users\\NEW USER\\Desktop\\download (2)\\dataconnect": could not find dataconnect.yaml in `c:\Users\NEW USER\Desktop\download (2)\dataconnect`
 {"metadata":{"emulator":{"name":"dataconnect"},"message":"E0608 15:40:34.129868   20612 watch.go:40] Failed to load config from \"c:\\\\Users\\\\NEW USER\\\\Desktop\\\\download (2)\\\\dataconnect\": could not find dataconnect.yaml in `c:\\Users\\NEW USER\\Desktop\\download (2)\\dataconnect`\n"}}
[debug] [2026-06-08T14:40:44.129Z] E0608 15:40:44.129250   20612 watch.go:40] Failed to load config from "c:\\Users\\NEW USER\\Desktop\\download (2)\\dataconnect": could not find dataconnect.yaml in `c:\Users\NEW USER\Desktop\download (2)\dataconnect`
 {"metadata":{"emulator":{"name":"dataconnect"},"message":"E0608 15:40:44.129250   20612 watch.go:40] Failed to load config from \"c:\\\\Users\\\\NEW USER\\\\Desktop\\\\download (2)\\\\dataconnect\": could not find dataconnect.yaml in `c:\\Users\\NEW USER\\Desktop\\download (2)\\dataconnect`\n"}}
[debug] [2026-06-08T14:40:54.130Z] E0608 15:40:54.129703   20612 watch.go:40] Failed to load config from "c:\\Users\\NEW USER\\Desktop\\download (2)\\dataconnect": could not find dataconnect.yaml in `c:\Users\NEW USER\Desktop\download (2)\dataconnect`
 {"metadata":{"emulator":{"name":"dataconnect"},"message":"E0608 15:40:54.129703   20612 watch.go:40] Failed to load config from \"c:\\\\Users\\\\NEW USER\\\\Desktop\\\\download (2)\\\\dataconnect\": could not find dataconnect.yaml in `c:\\Users\\NEW USER\\Desktop\\download (2)\\dataconnect`\n"}}
[debug] [2026-06-08T14:41:04.130Z] E0608 15:41:04.129827   20612 watch.go:116] watchAllDir unable to walk dir `c:\Users\NEW USER\Desktop\download (2)\dataconnect`: GetFileAttributesEx c:\Users\NEW USER\Desktop\download (2)\dataconnect: The system cannot find the file specified.
E0608 15:41:04.130140   20612 watch.go:40] Failed to load config from "c:\\Users\\NEW USER\\Desktop\\download (2)\\dataconnect": could not find dataconnect.yaml in `c:\Users\NEW USER\Desktop\download (2)\dataconnect`
 {"metadata":{"emulator":{"name":"dataconnect"},"message":"E0608 15:41:04.129827   20612 watch.go:116] watchAllDir unable to walk dir `c:\\Users\\NEW USER\\Desktop\\download (2)\\dataconnect`: GetFileAttributesEx c:\\Users\\NEW USER\\Desktop\\download (2)\\dataconnect: The system cannot find the file specified.\nE0608 15:41:04.130140   20612 watch.go:40] Failed to load config from \"c:\\\\Users\\\\NEW USER\\\\Desktop\\\\download (2)\\\\dataconnect\": could not find dataconnect.yaml in `c:\\Users\\NEW USER\\Desktop\\download (2)\\dataconnect`\n"}}
[debug] [2026-06-08T14:41:14.128Z] E0608 15:41:14.128743   20612 watch.go:40] Failed to load config from "c:\\Users\\NEW USER\\Desktop\\download (2)\\dataconnect": could not find dataconnect.yaml in `c:\Users\NEW USER\Desktop\download (2)\dataconnect`
 {"metadata":{"emulator":{"name":"dataconnect"},"message":"E0608 15:41:14.128743   20612 watch.go:40] Failed to load config from \"c:\\\\Users\\\\NEW USER\\\\Desktop\\\\download (2)\\\\dataconnect\": could not find dataconnect.yaml in `c:\\Users\\NEW USER\\Desktop\\download (2)\\dataconnect`\n"}}
[debug] [2026-06-08T14:41:24.129Z] E0608 15:41:24.129336   20612 watch.go:40] Failed to load config from "c:\\Users\\NEW USER\\Desktop\\download (2)\\dataconnect": could not find dataconnect.yaml in `c:\Users\NEW USER\Desktop\download (2)\dataconnect`
 {"metadata":{"emulator":{"name":"dataconnect"},"message":"E0608 15:41:24.129336   20612 watch.go:40] Failed to load config from \"c:\\\\Users\\\\NEW USER\\\\Desktop\\\\download (2)\\\\dataconnect\": could not find dataconnect.yaml in `c:\\Users\\NEW USER\\Desktop\\download (2)\\dataconnect`\n"}}
[info] [Firebase Plugin] Stopping SQL Connect toolkit
[debug] [2026-06-08T15:17:25.976Z] [Firebase Plugin] Activating Firebase extension.
[debug] [2026-06-08T15:17:31.842Z] [Firebase Plugin] requireAuthWrapper
[debug] [2026-06-08T15:17:31.844Z] > command requires scopes: ["email","openid","https://www.googleapis.com/auth/cloudplatformprojects.readonly","https://www.googleapis.com/auth/firebase","https://www.googleapis.com/auth/cloud-platform"]
[debug] [2026-06-08T15:17:31.845Z] > authorizing via signed-in user (kingjeo012@gmail.com)
[debug] [2026-06-08T15:17:31.847Z] Checked if tokens are valid: false, expires at: 1780924612360
[debug] [2026-06-08T15:17:31.848Z] Checked if tokens are valid: false, expires at: 1780924612360
[debug] [2026-06-08T15:17:31.848Z] > refreshing access token with scopes: []
[debug] [2026-06-08T15:17:31.849Z] >>> [apiv2][query] POST https://www.googleapis.com/oauth2/v3/token [none]
[debug] [2026-06-08T15:17:31.850Z] >>> [apiv2][body] POST https://www.googleapis.com/oauth2/v3/token [omitted]
[debug] [2026-06-08T15:17:31.858Z] [Firebase Plugin] VSCode notification server listening on port 40001
[info] [Firebase Plugin] Stopping SQL Connect toolkit
[debug] [2026-06-08T15:18:07.484Z] [Firebase Plugin] Activating Firebase extension.
[debug] [2026-06-08T15:18:11.521Z] [Firebase Plugin] requireAuthWrapper
[debug] [2026-06-08T15:18:11.526Z] > command requires scopes: ["email","openid","https://www.googleapis.com/auth/cloudplatformprojects.readonly","https://www.googleapis.com/auth/firebase","https://www.googleapis.com/auth/cloud-platform"]
[debug] [2026-06-08T15:18:11.527Z] > authorizing via signed-in user (kingjeo012@gmail.com)
[debug] [2026-06-08T15:18:11.536Z] Checked if tokens are valid: false, expires at: 1780924612360
[debug] [2026-06-08T15:18:11.536Z] Checked if tokens are valid: false, expires at: 1780924612360
[debug] [2026-06-08T15:18:11.538Z] > refreshing access token with scopes: []
[debug] [2026-06-08T15:18:11.541Z] >>> [apiv2][query] POST https://www.googleapis.com/oauth2/v3/token [none]
[debug] [2026-06-08T15:18:11.541Z] >>> [apiv2][body] POST https://www.googleapis.com/oauth2/v3/token [omitted]
[debug] [2026-06-08T15:18:11.573Z] [Firebase Plugin] VSCode notification server listening on port 40001
[info] [Firebase Plugin] Starting SQL Connect toolkit (version 3.4.10) on port 50001
[info] i  dataconnect: downloading dataconnect-emulator-3.4.10.exe... {"metadata":{"emulator":{"name":"dataconnect"},"message":"downloading dataconnect-emulator-3.4.10.exe..."}}
[debug] [2026-06-08T15:18:12.152Z] >>> [apiv2][query] GET https://storage.googleapis.com/firemat-preview-drop/emulator/dataconnect-emulator-windows-amd64-v3.4.10 
[debug] [2026-06-08T15:18:12.517Z] <<< [apiv2][status] POST https://www.googleapis.com/oauth2/v3/token 200
[debug] [2026-06-08T15:18:12.518Z] <<< [apiv2][body] POST https://www.googleapis.com/oauth2/v3/token [omitted]
[debug] [2026-06-08T15:18:12.734Z] [Firebase Plugin] User found:  kingjeo012@gmail.com
[info] [Firebase Plugin] (Core:Project) New user detected, fetching projects
[debug] [2026-06-08T15:18:12.740Z] Checked if tokens are valid: true, expires at: 1780935491518
[debug] [2026-06-08T15:18:12.742Z] >>> [apiv2][query] GET https://firebase.googleapis.com/v1beta1/projects pageSize=1000
[debug] [2026-06-08T15:18:12.821Z] <<< [apiv2][status] GET https://storage.googleapis.com/firemat-preview-drop/emulator/dataconnect-emulator-windows-amd64-v3.4.10 200
[debug] [2026-06-08T15:18:12.822Z] <<< [apiv2][body] GET https://storage.googleapis.com/firemat-preview-drop/emulator/dataconnect-emulator-windows-amd64-v3.4.10 [stream]
[debug] [2026-06-08T15:18:13.625Z] <<< [apiv2][status] GET https://firebase.googleapis.com/v1beta1/projects 200
[debug] [2026-06-08T15:18:13.625Z] <<< [apiv2][body] GET https://firebase.googleapis.com/v1beta1/projects [omitted]
[info] i  dataconnect: Removing outdated emulator files: dataconnect-emulator-3.4.8.exe {"metadata":{"emulator":{"name":"dataconnect"},"message":"Removing outdated emulator files: dataconnect-emulator-3.4.8.exe"}}
[debug] [2026-06-08T15:18:19.833Z] 'fdc build' failed with error: Unable to build your SQL Connect schema and connectors (exit code 1): E0608 16:18:19.827394   19664 cmd.go:43] Error loading data connect config: could not find dataconnect.yaml in `c:\Users\NEW USER\Desktop\download (2)\dataconnect`
 {"metadata":{"emulator":{"name":"dataconnect"},"message":"'fdc build' failed with error: Unable to build your SQL Connect schema and connectors (exit code 1): E0608 16:18:19.827394   19664 cmd.go:43] Error loading data connect config: could not find dataconnect.yaml in `c:\\Users\\NEW USER\\Desktop\\download (2)\\dataconnect`\n"}}
[debug] [2026-06-08T15:18:19.834Z] Ignoring unsupported arg: auto_download {"metadata":{"emulator":{"name":"dataconnect"},"message":"Ignoring unsupported arg: auto_download"}}
[debug] [2026-06-08T15:18:19.834Z] Ignoring unsupported arg: port {"metadata":{"emulator":{"name":"dataconnect"},"message":"Ignoring unsupported arg: port"}}
[debug] [2026-06-08T15:18:19.841Z] Starting SQL Connect Emulator with command {"binary":"C:\\Users\\NEW USER\\.cache\\firebase\\emulators\\dataconnect-emulator-3.4.10.exe","args":["--logtostderr","-v=2","dev","--listen=localhost:50001","--config_dir=c:\\Users\\NEW USER\\Desktop\\download (2)\\dataconnect","--enable_output_schema_extensions=true","--enable_output_generated_sdk=true"],"optionalArgs":["listen","config_dir","enable_output_schema_extensions","enable_output_generated_sdk"],"joinArgs":true,"shell":false,"port":9399} {"metadata":{"emulator":{"name":"dataconnect"},"message":"Starting SQL Connect Emulator with command {\"binary\":\"C:\\\\Users\\\\NEW USER\\\\.cache\\\\firebase\\\\emulators\\\\dataconnect-emulator-3.4.10.exe\",\"args\":[\"--logtostderr\",\"-v=2\",\"dev\",\"--listen=localhost:50001\",\"--config_dir=c:\\\\Users\\\\NEW USER\\\\Desktop\\\\download (2)\\\\dataconnect\",\"--enable_output_schema_extensions=true\",\"--enable_output_generated_sdk=true\"],\"optionalArgs\":[\"listen\",\"config_dir\",\"enable_output_schema_extensions\",\"enable_output_generated_sdk\"],\"joinArgs\":true,\"shell\":false,\"port\":9399}"}}
[info] i  dataconnect: SQL Connect Emulator logging to dataconnect-debug.log {"metadata":{"emulator":{"name":"dataconnect"},"message":"SQL Connect Emulator logging to \u001b[1mdataconnect-debug.log\u001b[22m"}}
[debug] [2026-06-08T15:18:19.897Z] E0608 16:18:19.892050   17928 dev.go:83] Failed to load initial config from "c:\\Users\\NEW USER\\Desktop\\download (2)\\dataconnect": could not find dataconnect.yaml in `c:\Users\NEW USER\Desktop\download (2)\dataconnect`
E0608 16:18:19.892050   17928 watch.go:116] watchAllDir unable to walk dir `c:\Users\NEW USER\Desktop\download (2)\dataconnect`: GetFileAttributesEx c:\Users\NEW USER\Desktop\download (2)\dataconnect: The system cannot find the file specified.
 {"metadata":{"emulator":{"name":"dataconnect"},"message":"E0608 16:18:19.892050   17928 dev.go:83] Failed to load initial config from \"c:\\\\Users\\\\NEW USER\\\\Desktop\\\\download (2)\\\\dataconnect\": could not find dataconnect.yaml in `c:\\Users\\NEW USER\\Desktop\\download (2)\\dataconnect`\nE0608 16:18:19.892050   17928 watch.go:116] watchAllDir unable to walk dir `c:\\Users\\NEW USER\\Desktop\\download (2)\\dataconnect`: GetFileAttributesEx c:\\Users\\NEW USER\\Desktop\\download (2)\\dataconnect: The system cannot find the file specified.\n"}}
[debug] [2026-06-08T15:18:19.904Z] I0608 16:18:19.904576   17928 dev.go:104] Listening on address (HTTP + gRPC): 127.0.0.1:50001
 {"metadata":{"emulator":{"name":"dataconnect"},"message":"I0608 16:18:19.904576   17928 dev.go:104] Listening on address (HTTP + gRPC): 127.0.0.1:50001\n"}}
[error] [Firebase Plugin] error:  {}
[debug] [2026-06-08T15:18:29.894Z] E0608 16:18:29.894287   17928 watch.go:40] Failed to load config from "c:\\Users\\NEW USER\\Desktop\\download (2)\\dataconnect": could not find dataconnect.yaml in `c:\Users\NEW USER\Desktop\download (2)\dataconnect`
 {"metadata":{"emulator":{"name":"dataconnect"},"message":"E0608 16:18:29.894287   17928 watch.go:40] Failed to load config from \"c:\\\\Users\\\\NEW USER\\\\Desktop\\\\download (2)\\\\dataconnect\": could not find dataconnect.yaml in `c:\\Users\\NEW USER\\Desktop\\download (2)\\dataconnect`\n"}}
[debug] [2026-06-08T15:18:39.894Z] E0608 16:18:39.893997   17928 watch.go:40] Failed to load config from "c:\\Users\\NEW USER\\Desktop\\download (2)\\dataconnect": could not find dataconnect.yaml in `c:\Users\NEW USER\Desktop\download (2)\dataconnect`
 {"metadata":{"emulator":{"name":"dataconnect"},"message":"E0608 16:18:39.893997   17928 watch.go:40] Failed to load config from \"c:\\\\Users\\\\NEW USER\\\\Desktop\\\\download (2)\\\\dataconnect\": could not find dataconnect.yaml in `c:\\Users\\NEW USER\\Desktop\\download (2)\\dataconnect`\n"}}
[debug] [2026-06-08T15:18:49.894Z] E0608 16:18:49.893549   17928 watch.go:40] Failed to load config from "c:\\Users\\NEW USER\\Desktop\\download (2)\\dataconnect": could not find dataconnect.yaml in `c:\Users\NEW USER\Desktop\download (2)\dataconnect`
 {"metadata":{"emulator":{"name":"dataconnect"},"message":"E0608 16:18:49.893549   17928 watch.go:40] Failed to load config from \"c:\\\\Users\\\\NEW USER\\\\Desktop\\\\download (2)\\\\dataconnect\": could not find dataconnect.yaml in `c:\\Users\\NEW USER\\Desktop\\download (2)\\dataconnect`\n"}}
[debug] [2026-06-08T15:18:59.893Z] E0608 16:18:59.893701   17928 watch.go:40] Failed to load config from "c:\\Users\\NEW USER\\Desktop\\download (2)\\dataconnect": could not find dataconnect.yaml in `c:\Users\NEW USER\Desktop\download (2)\dataconnect`
 {"metadata":{"emulator":{"name":"dataconnect"},"message":"E0608 16:18:59.893701   17928 watch.go:40] Failed to load config from \"c:\\\\Users\\\\NEW USER\\\\Desktop\\\\download (2)\\\\dataconnect\": could not find dataconnect.yaml in `c:\\Users\\NEW USER\\Desktop\\download (2)\\dataconnect`\n"}}
[debug] [2026-06-08T15:19:09.894Z] E0608 16:19:09.893550   17928 watch.go:40] Failed to load config from "c:\\Users\\NEW USER\\Desktop\\download (2)\\dataconnect": could not find dataconnect.yaml in `c:\Users\NEW USER\Desktop\download (2)\dataconnect`
 {"metadata":{"emulator":{"name":"dataconnect"},"message":"E0608 16:19:09.893550   17928 watch.go:40] Failed to load config from \"c:\\\\Users\\\\NEW USER\\\\Desktop\\\\download (2)\\\\dataconnect\": could not find dataconnect.yaml in `c:\\Users\\NEW USER\\Desktop\\download (2)\\dataconnect`\n"}}
[debug] [2026-06-08T15:19:19.893Z] E0608 16:19:19.893473   17928 watch.go:116] watchAllDir unable to walk dir `c:\Users\NEW USER\Desktop\download (2)\dataconnect`: GetFileAttributesEx c:\Users\NEW USER\Desktop\download (2)\dataconnect: The system cannot find the file specified.
E0608 16:19:19.893473   17928 watch.go:40] Failed to load config from "c:\\Users\\NEW USER\\Desktop\\download (2)\\dataconnect": could not find dataconnect.yaml in `c:\Users\NEW USER\Desktop\download (2)\dataconnect`
 {"metadata":{"emulator":{"name":"dataconnect"},"message":"E0608 16:19:19.893473   17928 watch.go:116] watchAllDir unable to walk dir `c:\\Users\\NEW USER\\Desktop\\download (2)\\dataconnect`: GetFileAttributesEx c:\\Users\\NEW USER\\Desktop\\download (2)\\dataconnect: The system cannot find the file specified.\nE0608 16:19:19.893473   17928 watch.go:40] Failed to load config from \"c:\\\\Users\\\\NEW USER\\\\Desktop\\\\download (2)\\\\dataconnect\": could not find dataconnect.yaml in `c:\\Users\\NEW USER\\Desktop\\download (2)\\dataconnect`\n"}}
[debug] [2026-06-08T15:19:29.894Z] E0608 16:19:29.894399   17928 watch.go:40] Failed to load config from "c:\\Users\\NEW USER\\Desktop\\download (2)\\dataconnect": could not find dataconnect.yaml in `c:\Users\NEW USER\Desktop\download (2)\dataconnect`
 {"metadata":{"emulator":{"name":"dataconnect"},"message":"E0608 16:19:29.894399   17928 watch.go:40] Failed to load config from \"c:\\\\Users\\\\NEW USER\\\\Desktop\\\\download (2)\\\\dataconnect\": could not find dataconnect.yaml in `c:\\Users\\NEW USER\\Desktop\\download (2)\\dataconnect`\n"}}
[debug] [2026-06-08T15:19:39.894Z] E0608 16:19:39.894323   17928 watch.go:40] Failed to load config from "c:\\Users\\NEW USER\\Desktop\\download (2)\\dataconnect": could not find dataconnect.yaml in `c:\Users\NEW USER\Desktop\download (2)\dataconnect`
 {"metadata":{"emulator":{"name":"dataconnect"},"message":"E0608 16:19:39.894323   17928 watch.go:40] Failed to load config from \"c:\\\\Users\\\\NEW USER\\\\Desktop\\\\download (2)\\\\dataconnect\": could not find dataconnect.yaml in `c:\\Users\\NEW USER\\Desktop\\download (2)\\dataconnect`\n"}}
[debug] [2026-06-08T15:19:49.894Z] E0608 16:19:49.893690   17928 watch.go:40] Failed to load config from "c:\\Users\\NEW USER\\Desktop\\download (2)\\dataconnect": could not find dataconnect.yaml in `c:\Users\NEW USER\Desktop\download (2)\dataconnect`
 {"metadata":{"emulator":{"name":"dataconnect"},"message":"E0608 16:19:49.893690   17928 watch.go:40] Failed to load config from \"c:\\\\Users\\\\NEW USER\\\\Desktop\\\\download (2)\\\\dataconnect\": could not find dataconnect.yaml in `c:\\Users\\NEW USER\\Desktop\\download (2)\\dataconnect`\n"}}
[debug] [2026-06-08T15:19:59.894Z] E0608 16:19:59.893870   17928 watch.go:40] Failed to load config from "c:\\Users\\NEW USER\\Desktop\\download (2)\\dataconnect": could not find dataconnect.yaml in `c:\Users\NEW USER\Desktop\download (2)\dataconnect`
 {"metadata":{"emulator":{"name":"dataconnect"},"message":"E0608 16:19:59.893870   17928 watch.go:40] Failed to load config from \"c:\\\\Users\\\\NEW USER\\\\Desktop\\\\download (2)\\\\dataconnect\": could not find dataconnect.yaml in `c:\\Users\\NEW USER\\Desktop\\download (2)\\dataconnect`\n"}}
[debug] [2026-06-08T15:20:09.894Z] E0608 16:20:09.893934   17928 watch.go:40] Failed to load config from "c:\\Users\\NEW USER\\Desktop\\download (2)\\dataconnect": could not find dataconnect.yaml in `c:\Users\NEW USER\Desktop\download (2)\dataconnect`
 {"metadata":{"emulator":{"name":"dataconnect"},"message":"E0608 16:20:09.893934   17928 watch.go:40] Failed to load config from \"c:\\\\Users\\\\NEW USER\\\\Desktop\\\\download (2)\\\\dataconnect\": could not find dataconnect.yaml in `c:\\Users\\NEW USER\\Desktop\\download (2)\\dataconnect`\n"}}
[debug] [2026-06-08T15:20:19.894Z] E0608 16:20:19.894153   17928 watch.go:116] watchAllDir unable to walk dir `c:\Users\NEW USER\Desktop\download (2)\dataconnect`: GetFileAttributesEx c:\Users\NEW USER\Desktop\download (2)\dataconnect: The system cannot find the file specified.
E0608 16:20:19.894153   17928 watch.go:40] Failed to load config from "c:\\Users\\NEW USER\\Desktop\\download (2)\\dataconnect": could not find dataconnect.yaml in `c:\Users\NEW USER\Desktop\download (2)\dataconnect`
 {"metadata":{"emulator":{"name":"dataconnect"},"message":"E0608 16:20:19.894153   17928 watch.go:116] watchAllDir unable to walk dir `c:\\Users\\NEW USER\\Desktop\\download (2)\\dataconnect`: GetFileAttributesEx c:\\Users\\NEW USER\\Desktop\\download (2)\\dataconnect: The system cannot find the file specified.\nE0608 16:20:19.894153   17928 watch.go:40] Failed to load config from \"c:\\\\Users\\\\NEW USER\\\\Desktop\\\\download (2)\\\\dataconnect\": could not find dataconnect.yaml in `c:\\Users\\NEW USER\\Desktop\\download (2)\\dataconnect`\n"}}
[debug] [2026-06-08T15:20:29.895Z] E0608 16:20:29.895184   17928 watch.go:40] Failed to load config from "c:\\Users\\NEW USER\\Desktop\\download (2)\\dataconnect": could not find dataconnect.yaml in `c:\Users\NEW USER\Desktop\download (2)\dataconnect`
 {"metadata":{"emulator":{"name":"dataconnect"},"message":"E0608 16:20:29.895184   17928 watch.go:40] Failed to load config from \"c:\\\\Users\\\\NEW USER\\\\Desktop\\\\download (2)\\\\dataconnect\": could not find dataconnect.yaml in `c:\\Users\\NEW USER\\Desktop\\download (2)\\dataconnect`\n"}}
[debug] [2026-06-08T15:20:39.894Z] E0608 16:20:39.893959   17928 watch.go:40] Failed to load config from "c:\\Users\\NEW USER\\Desktop\\download (2)\\dataconnect": could not find dataconnect.yaml in `c:\Users\NEW USER\Desktop\download (2)\dataconnect`
 {"metadata":{"emulator":{"name":"dataconnect"},"message":"E0608 16:20:39.893959   17928 watch.go:40] Failed to load config from \"c:\\\\Users\\\\NEW USER\\\\Desktop\\\\download (2)\\\\dataconnect\": could not find dataconnect.yaml in `c:\\Users\\NEW USER\\Desktop\\download (2)\\dataconnect`\n"}}
[debug] [2026-06-08T15:20:49.894Z] E0608 16:20:49.893858   17928 watch.go:40] Failed to load config from "c:\\Users\\NEW USER\\Desktop\\download (2)\\dataconnect": could not find dataconnect.yaml in `c:\Users\NEW USER\Desktop\download (2)\dataconnect`
 {"metadata":{"emulator":{"name":"dataconnect"},"message":"E0608 16:20:49.893858   17928 watch.go:40] Failed to load config from \"c:\\\\Users\\\\NEW USER\\\\Desktop\\\\download (2)\\\\dataconnect\": could not find dataconnect.yaml in `c:\\Users\\NEW USER\\Desktop\\download (2)\\dataconnect`\n"}}
[debug] [2026-06-08T15:20:59.893Z] E0608 16:20:59.893692   17928 watch.go:40] Failed to load config from "c:\\Users\\NEW USER\\Desktop\\download (2)\\dataconnect": could not find dataconnect.yaml in `c:\Users\NEW USER\Desktop\download (2)\dataconnect`
 {"metadata":{"emulator":{"name":"dataconnect"},"message":"E0608 16:20:59.893692   17928 watch.go:40] Failed to load config from \"c:\\\\Users\\\\NEW USER\\\\Desktop\\\\download (2)\\\\dataconnect\": could not find dataconnect.yaml in `c:\\Users\\NEW USER\\Desktop\\download (2)\\dataconnect`\n"}}
[debug] [2026-06-08T15:21:09.893Z] E0608 16:21:09.893639   17928 watch.go:40] Failed to load config from "c:\\Users\\NEW USER\\Desktop\\download (2)\\dataconnect": could not find dataconnect.yaml in `c:\Users\NEW USER\Desktop\download (2)\dataconnect`
 {"metadata":{"emulator":{"name":"dataconnect"},"message":"E0608 16:21:09.893639   17928 watch.go:40] Failed to load config from \"c:\\\\Users\\\\NEW USER\\\\Desktop\\\\download (2)\\\\dataconnect\": could not find dataconnect.yaml in `c:\\Users\\NEW USER\\Desktop\\download (2)\\dataconnect`\n"}}
[debug] [2026-06-08T15:21:19.893Z] E0608 16:21:19.893473   17928 watch.go:116] watchAllDir unable to walk dir `c:\Users\NEW USER\Desktop\download (2)\dataconnect`: GetFileAttributesEx c:\Users\NEW USER\Desktop\download (2)\dataconnect: The system cannot find the file specified.
 {"metadata":{"emulator":{"name":"dataconnect"},"message":"E0608 16:21:19.893473   17928 watch.go:116] watchAllDir unable to walk dir `c:\\Users\\NEW USER\\Desktop\\download (2)\\dataconnect`: GetFileAttributesEx c:\\Users\\NEW USER\\Desktop\\download (2)\\dataconnect: The system cannot find the file specified.\n"}}
[debug] [2026-06-08T15:21:19.893Z] E0608 16:21:19.893473   17928 watch.go:40] Failed to load config from "c:\\Users\\NEW USER\\Desktop\\download (2)\\dataconnect": could not find dataconnect.yaml in `c:\Users\NEW USER\Desktop\download (2)\dataconnect`
 {"metadata":{"emulator":{"name":"dataconnect"},"message":"E0608 16:21:19.893473   17928 watch.go:40] Failed to load config from \"c:\\\\Users\\\\NEW USER\\\\Desktop\\\\download (2)\\\\dataconnect\": could not find dataconnect.yaml in `c:\\Users\\NEW USER\\Desktop\\download (2)\\dataconnect`\n"}}
[debug] [2026-06-08T15:21:29.893Z] E0608 16:21:29.893868   17928 watch.go:40] Failed to load config from "c:\\Users\\NEW USER\\Desktop\\download (2)\\dataconnect": could not find dataconnect.yaml in `c:\Users\NEW USER\Desktop\download (2)\dataconnect`
 {"metadata":{"emulator":{"name":"dataconnect"},"message":"E0608 16:21:29.893868   17928 watch.go:40] Failed to load config from \"c:\\\\Users\\\\NEW USER\\\\Desktop\\\\download (2)\\\\dataconnect\": could not find dataconnect.yaml in `c:\\Users\\NEW USER\\Desktop\\download (2)\\dataconnect`\n"}}
[debug] [2026-06-08T15:21:39.895Z] E0608 16:21:39.893743   17928 watch.go:40] Failed to load config from "c:\\Users\\NEW USER\\Desktop\\download (2)\\dataconnect": could not find dataconnect.yaml in `c:\Users\NEW USER\Desktop\download (2)\dataconnect`
 {"metadata":{"emulator":{"name":"dataconnect"},"message":"E0608 16:21:39.893743   17928 watch.go:40] Failed to load config from \"c:\\\\Users\\\\NEW USER\\\\Desktop\\\\download (2)\\\\dataconnect\": could not find dataconnect.yaml in `c:\\Users\\NEW USER\\Desktop\\download (2)\\dataconnect`\n"}}
[debug] [2026-06-08T15:21:49.894Z] E0608 16:21:49.894800   17928 watch.go:40] Failed to load config from "c:\\Users\\NEW USER\\Desktop\\download (2)\\dataconnect": could not find dataconnect.yaml in `c:\Users\NEW USER\Desktop\download (2)\dataconnect`
 {"metadata":{"emulator":{"name":"dataconnect"},"message":"E0608 16:21:49.894800   17928 watch.go:40] Failed to load config from \"c:\\\\Users\\\\NEW USER\\\\Desktop\\\\download (2)\\\\dataconnect\": could not find dataconnect.yaml in `c:\\Users\\NEW USER\\Desktop\\download (2)\\dataconnect`\n"}}
[debug] [2026-06-08T15:21:59.897Z] E0608 16:21:59.895418   17928 watch.go:40] Failed to load config from "c:\\Users\\NEW USER\\Desktop\\download (2)\\dataconnect": could not find dataconnect.yaml in `c:\Users\NEW USER\Desktop\download (2)\dataconnect`
 {"metadata":{"emulator":{"name":"dataconnect"},"message":"E0608 16:21:59.895418   17928 watch.go:40] Failed to load config from \"c:\\\\Users\\\\NEW USER\\\\Desktop\\\\download (2)\\\\dataconnect\": could not find dataconnect.yaml in `c:\\Users\\NEW USER\\Desktop\\download (2)\\dataconnect`\n"}}
[debug] [2026-06-08T15:22:09.895Z] E0608 16:22:09.895253   17928 watch.go:40] Failed to load config from "c:\\Users\\NEW USER\\Desktop\\download (2)\\dataconnect": could not find dataconnect.yaml in `c:\Users\NEW USER\Desktop\download (2)\dataconnect`
 {"metadata":{"emulator":{"name":"dataconnect"},"message":"E0608 16:22:09.895253   17928 watch.go:40] Failed to load config from \"c:\\\\Users\\\\NEW USER\\\\Desktop\\\\download (2)\\\\dataconnect\": could not find dataconnect.yaml in `c:\\Users\\NEW USER\\Desktop\\download (2)\\dataconnect`\n"}}
[debug] [2026-06-08T15:22:19.894Z] E0608 16:22:19.893769   17928 watch.go:116] watchAllDir unable to walk dir `c:\Users\NEW USER\Desktop\download (2)\dataconnect`: GetFileAttributesEx c:\Users\NEW USER\Desktop\download (2)\dataconnect: The system cannot find the file specified.
E0608 16:22:19.893769   17928 watch.go:40] Failed to load config from "c:\\Users\\NEW USER\\Desktop\\download (2)\\dataconnect": could not find dataconnect.yaml in `c:\Users\NEW USER\Desktop\download (2)\dataconnect`
 {"metadata":{"emulator":{"name":"dataconnect"},"message":"E0608 16:22:19.893769   17928 watch.go:116] watchAllDir unable to walk dir `c:\\Users\\NEW USER\\Desktop\\download (2)\\dataconnect`: GetFileAttributesEx c:\\Users\\NEW USER\\Desktop\\download (2)\\dataconnect: The system cannot find the file specified.\nE0608 16:22:19.893769   17928 watch.go:40] Failed to load config from \"c:\\\\Users\\\\NEW USER\\\\Desktop\\\\download (2)\\\\dataconnect\": could not find dataconnect.yaml in `c:\\Users\\NEW USER\\Desktop\\download (2)\\dataconnect`\n"}}
[debug] [2026-06-08T15:22:29.894Z] E0608 16:22:29.893651   17928 watch.go:40] Failed to load config from "c:\\Users\\NEW USER\\Desktop\\download (2)\\dataconnect": could not find dataconnect.yaml in `c:\Users\NEW USER\Desktop\download (2)\dataconnect`
 {"metadata":{"emulator":{"name":"dataconnect"},"message":"E0608 16:22:29.893651   17928 watch.go:40] Failed to load config from \"c:\\\\Users\\\\NEW USER\\\\Desktop\\\\download (2)\\\\dataconnect\": could not find dataconnect.yaml in `c:\\Users\\NEW USER\\Desktop\\download (2)\\dataconnect`\n"}}
[debug] [2026-06-08T15:22:39.894Z] E0608 16:22:39.893592   17928 watch.go:40] Failed to load config from "c:\\Users\\NEW USER\\Desktop\\download (2)\\dataconnect": could not find dataconnect.yaml in `c:\Users\NEW USER\Desktop\download (2)\dataconnect`
 {"metadata":{"emulator":{"name":"dataconnect"},"message":"E0608 16:22:39.893592   17928 watch.go:40] Failed to load config from \"c:\\\\Users\\\\NEW USER\\\\Desktop\\\\download (2)\\\\dataconnect\": could not find dataconnect.yaml in `c:\\Users\\NEW USER\\Desktop\\download (2)\\dataconnect`\n"}}
[debug] [2026-06-08T15:22:49.894Z] E0608 16:22:49.893788   17928 watch.go:40] Failed to load config from "c:\\Users\\NEW USER\\Desktop\\download (2)\\dataconnect": could not find dataconnect.yaml in `c:\Users\NEW USER\Desktop\download (2)\dataconnect`
 {"metadata":{"emulator":{"name":"dataconnect"},"message":"E0608 16:22:49.893788   17928 watch.go:40] Failed to load config from \"c:\\\\Users\\\\NEW USER\\\\Desktop\\\\download (2)\\\\dataconnect\": could not find dataconnect.yaml in `c:\\Users\\NEW USER\\Desktop\\download (2)\\dataconnect`\n"}}
[debug] [2026-06-08T15:22:59.895Z] E0608 16:22:59.894605   17928 watch.go:40] Failed to load config from "c:\\Users\\NEW USER\\Desktop\\download (2)\\dataconnect": could not find dataconnect.yaml in `c:\Users\NEW USER\Desktop\download (2)\dataconnect`
 {"metadata":{"emulator":{"name":"dataconnect"},"message":"E0608 16:22:59.894605   17928 watch.go:40] Failed to load config from \"c:\\\\Users\\\\NEW USER\\\\Desktop\\\\download (2)\\\\dataconnect\": could not find dataconnect.yaml in `c:\\Users\\NEW USER\\Desktop\\download (2)\\dataconnect`\n"}}
[debug] [2026-06-08T15:23:09.894Z] E0608 16:23:09.893972   17928 watch.go:40] Failed to load config from "c:\\Users\\NEW USER\\Desktop\\download (2)\\dataconnect": could not find dataconnect.yaml in `c:\Users\NEW USER\Desktop\download (2)\dataconnect`
 {"metadata":{"emulator":{"name":"dataconnect"},"message":"E0608 16:23:09.893972   17928 watch.go:40] Failed to load config from \"c:\\\\Users\\\\NEW USER\\\\Desktop\\\\download (2)\\\\dataconnect\": could not find dataconnect.yaml in `c:\\Users\\NEW USER\\Desktop\\download (2)\\dataconnect`\n"}}
[debug] [2026-06-08T15:23:19.893Z] E0608 16:23:19.893409   17928 watch.go:116] watchAllDir unable to walk dir `c:\Users\NEW USER\Desktop\download (2)\dataconnect`: GetFileAttributesEx c:\Users\NEW USER\Desktop\download (2)\dataconnect: The system cannot find the file specified.
 {"metadata":{"emulator":{"name":"dataconnect"},"message":"E0608 16:23:19.893409   17928 watch.go:116] watchAllDir unable to walk dir `c:\\Users\\NEW USER\\Desktop\\download (2)\\dataconnect`: GetFileAttributesEx c:\\Users\\NEW USER\\Desktop\\download (2)\\dataconnect: The system cannot find the file specified.\n"}}
[debug] [2026-06-08T15:23:19.894Z] E0608 16:23:19.893409   17928 watch.go:40] Failed to load config from "c:\\Users\\NEW USER\\Desktop\\download (2)\\dataconnect": could not find dataconnect.yaml in `c:\Users\NEW USER\Desktop\download (2)\dataconnect`
 {"metadata":{"emulator":{"name":"dataconnect"},"message":"E0608 16:23:19.893409   17928 watch.go:40] Failed to load config from \"c:\\\\Users\\\\NEW USER\\\\Desktop\\\\download (2)\\\\dataconnect\": could not find dataconnect.yaml in `c:\\Users\\NEW USER\\Desktop\\download (2)\\dataconnect`\n"}}
[debug] [2026-06-08T15:23:29.894Z] E0608 16:23:29.893885   17928 watch.go:40] Failed to load config from "c:\\Users\\NEW USER\\Desktop\\download (2)\\dataconnect": could not find dataconnect.yaml in `c:\Users\NEW USER\Desktop\download (2)\dataconnect`
 {"metadata":{"emulator":{"name":"dataconnect"},"message":"E0608 16:23:29.893885   17928 watch.go:40] Failed to load config from \"c:\\\\Users\\\\NEW USER\\\\Desktop\\\\download (2)\\\\dataconnect\": could not find dataconnect.yaml in `c:\\Users\\NEW USER\\Desktop\\download (2)\\dataconnect`\n"}}
[debug] [2026-06-08T15:23:39.894Z] E0608 16:23:39.893862   17928 watch.go:40] Failed to load config from "c:\\Users\\NEW USER\\Desktop\\download (2)\\dataconnect": could not find dataconnect.yaml in `c:\Users\NEW USER\Desktop\download (2)\dataconnect`
 {"metadata":{"emulator":{"name":"dataconnect"},"message":"E0608 16:23:39.893862   17928 watch.go:40] Failed to load config from \"c:\\\\Users\\\\NEW USER\\\\Desktop\\\\download (2)\\\\dataconnect\": could not find dataconnect.yaml in `c:\\Users\\NEW USER\\Desktop\\download (2)\\dataconnect`\n"}}
[debug] [2026-06-08T15:23:49.893Z] E0608 16:23:49.893520   17928 watch.go:40] Failed to load config from "c:\\Users\\NEW USER\\Desktop\\download (2)\\dataconnect": could not find dataconnect.yaml in `c:\Users\NEW USER\Desktop\download (2)\dataconnect`
 {"metadata":{"emulator":{"name":"dataconnect"},"message":"E0608 16:23:49.893520   17928 watch.go:40] Failed to load config from \"c:\\\\Users\\\\NEW USER\\\\Desktop\\\\download (2)\\\\dataconnect\": could not find dataconnect.yaml in `c:\\Users\\NEW USER\\Desktop\\download (2)\\dataconnect`\n"}}
[debug] [2026-06-08T15:23:59.894Z] E0608 16:23:59.894400   17928 watch.go:40] Failed to load config from "c:\\Users\\NEW USER\\Desktop\\download (2)\\dataconnect": could not find dataconnect.yaml in `c:\Users\NEW USER\Desktop\download (2)\dataconnect`
 {"metadata":{"emulator":{"name":"dataconnect"},"message":"E0608 16:23:59.894400   17928 watch.go:40] Failed to load config from \"c:\\\\Users\\\\NEW USER\\\\Desktop\\\\download (2)\\\\dataconnect\": could not find dataconnect.yaml in `c:\\Users\\NEW USER\\Desktop\\download (2)\\dataconnect`\n"}}
[debug] [2026-06-08T15:24:09.893Z] E0608 16:24:09.894079   17928 watch.go:40] Failed to load config from "c:\\Users\\NEW USER\\Desktop\\download (2)\\dataconnect": could not find dataconnect.yaml in `c:\Users\NEW USER\Desktop\download (2)\dataconnect`
 {"metadata":{"emulator":{"name":"dataconnect"},"message":"E0608 16:24:09.894079   17928 watch.go:40] Failed to load config from \"c:\\\\Users\\\\NEW USER\\\\Desktop\\\\download (2)\\\\dataconnect\": could not find dataconnect.yaml in `c:\\Users\\NEW USER\\Desktop\\download (2)\\dataconnect`\n"}}
[debug] [2026-06-08T15:24:19.893Z] E0608 16:24:19.894158   17928 watch.go:116] watchAllDir unable to walk dir `c:\Users\NEW USER\Desktop\download (2)\dataconnect`: GetFileAttributesEx c:\Users\NEW USER\Desktop\download (2)\dataconnect: The system cannot find the file specified.
 {"metadata":{"emulator":{"name":"dataconnect"},"message":"E0608 16:24:19.894158   17928 watch.go:116] watchAllDir unable to walk dir `c:\\Users\\NEW USER\\Desktop\\download (2)\\dataconnect`: GetFileAttributesEx c:\\Users\\NEW USER\\Desktop\\download (2)\\dataconnect: The system cannot find the file specified.\n"}}
[debug] [2026-06-08T15:24:19.894Z] E0608 16:24:19.894158   17928 watch.go:40] Failed to load config from "c:\\Users\\NEW USER\\Desktop\\download (2)\\dataconnect": could not find dataconnect.yaml in `c:\Users\NEW USER\Desktop\download (2)\dataconnect`
 {"metadata":{"emulator":{"name":"dataconnect"},"message":"E0608 16:24:19.894158   17928 watch.go:40] Failed to load config from \"c:\\\\Users\\\\NEW USER\\\\Desktop\\\\download (2)\\\\dataconnect\": could not find dataconnect.yaml in `c:\\Users\\NEW USER\\Desktop\\download (2)\\dataconnect`\n"}}
[debug] [2026-06-08T15:24:29.893Z] E0608 16:24:29.893759   17928 watch.go:40] Failed to load config from "c:\\Users\\NEW USER\\Desktop\\download (2)\\dataconnect": could not find dataconnect.yaml in `c:\Users\NEW USER\Desktop\download (2)\dataconnect`
 {"metadata":{"emulator":{"name":"dataconnect"},"message":"E0608 16:24:29.893759   17928 watch.go:40] Failed to load config from \"c:\\\\Users\\\\NEW USER\\\\Desktop\\\\download (2)\\\\dataconnect\": could not find dataconnect.yaml in `c:\\Users\\NEW USER\\Desktop\\download (2)\\dataconnect`\n"}}
[debug] [2026-06-08T15:24:39.893Z] E0608 16:24:39.894289   17928 watch.go:40] Failed to load config from "c:\\Users\\NEW USER\\Desktop\\download (2)\\dataconnect": could not find dataconnect.yaml in `c:\Users\NEW USER\Desktop\download (2)\dataconnect`
 {"metadata":{"emulator":{"name":"dataconnect"},"message":"E0608 16:24:39.894289   17928 watch.go:40] Failed to load config from \"c:\\\\Users\\\\NEW USER\\\\Desktop\\\\download (2)\\\\dataconnect\": could not find dataconnect.yaml in `c:\\Users\\NEW USER\\Desktop\\download (2)\\dataconnect`\n"}}
[debug] [2026-06-08T15:24:49.893Z] E0608 16:24:49.893758   17928 watch.go:40] Failed to load config from "c:\\Users\\NEW USER\\Desktop\\download (2)\\dataconnect": could not find dataconnect.yaml in `c:\Users\NEW USER\Desktop\download (2)\dataconnect`
 {"metadata":{"emulator":{"name":"dataconnect"},"message":"E0608 16:24:49.893758   17928 watch.go:40] Failed to load config from \"c:\\\\Users\\\\NEW USER\\\\Desktop\\\\download (2)\\\\dataconnect\": could not find dataconnect.yaml in `c:\\Users\\NEW USER\\Desktop\\download (2)\\dataconnect`\n"}}
[debug] [2026-06-08T15:24:59.893Z] E0608 16:24:59.893602   17928 watch.go:40] Failed to load config from "c:\\Users\\NEW USER\\Desktop\\download (2)\\dataconnect": could not find dataconnect.yaml in `c:\Users\NEW USER\Desktop\download (2)\dataconnect`
 {"metadata":{"emulator":{"name":"dataconnect"},"message":"E0608 16:24:59.893602   17928 watch.go:40] Failed to load config from \"c:\\\\Users\\\\NEW USER\\\\Desktop\\\\download (2)\\\\dataconnect\": could not find dataconnect.yaml in `c:\\Users\\NEW USER\\Desktop\\download (2)\\dataconnect`\n"}}
[debug] [2026-06-08T15:25:09.892Z] E0608 16:25:09.893873   17928 watch.go:40] Failed to load config from "c:\\Users\\NEW USER\\Desktop\\download (2)\\dataconnect": could not find dataconnect.yaml in `c:\Users\NEW USER\Desktop\download (2)\dataconnect`
 {"metadata":{"emulator":{"name":"dataconnect"},"message":"E0608 16:25:09.893873   17928 watch.go:40] Failed to load config from \"c:\\\\Users\\\\NEW USER\\\\Desktop\\\\download (2)\\\\dataconnect\": could not find dataconnect.yaml in `c:\\Users\\NEW USER\\Desktop\\download (2)\\dataconnect`\n"}}
[debug] [2026-06-08T15:25:19.892Z] E0608 16:25:19.893448   17928 watch.go:116] watchAllDir unable to walk dir `c:\Users\NEW USER\Desktop\download (2)\dataconnect`: GetFileAttributesEx c:\Users\NEW USER\Desktop\download (2)\dataconnect: The system cannot find the file specified.
E0608 16:25:19.893448   17928 watch.go:40] Failed to load config from "c:\\Users\\NEW USER\\Desktop\\download (2)\\dataconnect": could not find dataconnect.yaml in `c:\Users\NEW USER\Desktop\download (2)\dataconnect`
 {"metadata":{"emulator":{"name":"dataconnect"},"message":"E0608 16:25:19.893448   17928 watch.go:116] watchAllDir unable to walk dir `c:\\Users\\NEW USER\\Desktop\\download (2)\\dataconnect`: GetFileAttributesEx c:\\Users\\NEW USER\\Desktop\\download (2)\\dataconnect: The system cannot find the file specified.\nE0608 16:25:19.893448   17928 watch.go:40] Failed to load config from \"c:\\\\Users\\\\NEW USER\\\\Desktop\\\\download (2)\\\\dataconnect\": could not find dataconnect.yaml in `c:\\Users\\NEW USER\\Desktop\\download (2)\\dataconnect`\n"}}
[debug] [2026-06-08T15:25:29.893Z] E0608 16:25:29.893630   17928 watch.go:40] Failed to load config from "c:\\Users\\NEW USER\\Desktop\\download (2)\\dataconnect": could not find dataconnect.yaml in `c:\Users\NEW USER\Desktop\download (2)\dataconnect`
 {"metadata":{"emulator":{"name":"dataconnect"},"message":"E0608 16:25:29.893630   17928 watch.go:40] Failed to load config from \"c:\\\\Users\\\\NEW USER\\\\Desktop\\\\download (2)\\\\dataconnect\": could not find dataconnect.yaml in `c:\\Users\\NEW USER\\Desktop\\download (2)\\dataconnect`\n"}}
[debug] [2026-06-08T15:25:39.893Z] E0608 16:25:39.893816   17928 watch.go:40] Failed to load config from "c:\\Users\\NEW USER\\Desktop\\download (2)\\dataconnect": could not find dataconnect.yaml in `c:\Users\NEW USER\Desktop\download (2)\dataconnect`
 {"metadata":{"emulator":{"name":"dataconnect"},"message":"E0608 16:25:39.893816   17928 watch.go:40] Failed to load config from \"c:\\\\Users\\\\NEW USER\\\\Desktop\\\\download (2)\\\\dataconnect\": could not find dataconnect.yaml in `c:\\Users\\NEW USER\\Desktop\\download (2)\\dataconnect`\n"}}
[debug] [2026-06-08T15:25:49.893Z] E0608 16:25:49.894036   17928 watch.go:40] Failed to load config from "c:\\Users\\NEW USER\\Desktop\\download (2)\\dataconnect": could not find dataconnect.yaml in `c:\Users\NEW USER\Desktop\download (2)\dataconnect`
 {"metadata":{"emulator":{"name":"dataconnect"},"message":"E0608 16:25:49.894036   17928 watch.go:40] Failed to load config from \"c:\\\\Users\\\\NEW USER\\\\Desktop\\\\download (2)\\\\dataconnect\": could not find dataconnect.yaml in `c:\\Users\\NEW USER\\Desktop\\download (2)\\dataconnect`\n"}}
[debug] [2026-06-08T15:25:59.892Z] E0608 16:25:59.893829   17928 watch.go:40] Failed to load config from "c:\\Users\\NEW USER\\Desktop\\download (2)\\dataconnect": could not find dataconnect.yaml in `c:\Users\NEW USER\Desktop\download (2)\dataconnect`
 {"metadata":{"emulator":{"name":"dataconnect"},"message":"E0608 16:25:59.893829   17928 watch.go:40] Failed to load config from \"c:\\\\Users\\\\NEW USER\\\\Desktop\\\\download (2)\\\\dataconnect\": could not find dataconnect.yaml in `c:\\Users\\NEW USER\\Desktop\\download (2)\\dataconnect`\n"}}
[debug] [2026-06-08T15:26:09.896Z] E0608 16:26:09.896425   17928 watch.go:40] Failed to load config from "c:\\Users\\NEW USER\\Desktop\\download (2)\\dataconnect": could not find dataconnect.yaml in `c:\Users\NEW USER\Desktop\download (2)\dataconnect`
 {"metadata":{"emulator":{"name":"dataconnect"},"message":"E0608 16:26:09.896425   17928 watch.go:40] Failed to load config from \"c:\\\\Users\\\\NEW USER\\\\Desktop\\\\download (2)\\\\dataconnect\": could not find dataconnect.yaml in `c:\\Users\\NEW USER\\Desktop\\download (2)\\dataconnect`\n"}}
[debug] [2026-06-08T15:26:19.894Z] E0608 16:26:19.894215   17928 watch.go:116] watchAllDir unable to walk dir `c:\Users\NEW USER\Desktop\download (2)\dataconnect`: GetFileAttributesEx c:\Users\NEW USER\Desktop\download (2)\dataconnect: The system cannot find the file specified.
 {"metadata":{"emulator":{"name":"dataconnect"},"message":"E0608 16:26:19.894215   17928 watch.go:116] watchAllDir unable to walk dir `c:\\Users\\NEW USER\\Desktop\\download (2)\\dataconnect`: GetFileAttributesEx c:\\Users\\NEW USER\\Desktop\\download (2)\\dataconnect: The system cannot find the file specified.\n"}}
[debug] [2026-06-09T17:02:44.889Z] [Firebase Plugin] Activating Firebase extension.
[debug] [2026-06-09T17:02:52.426Z] [Firebase Plugin] requireAuthWrapper
[debug] [2026-06-09T17:02:52.434Z] > command requires scopes: ["email","openid","https://www.googleapis.com/auth/cloudplatformprojects.readonly","https://www.googleapis.com/auth/firebase","https://www.googleapis.com/auth/cloud-platform"]
[debug] [2026-06-09T17:02:52.435Z] > authorizing via signed-in user (kingjeo012@gmail.com)
[debug] [2026-06-09T17:02:52.447Z] Checked if tokens are valid: false, expires at: 1780980570603
[debug] [2026-06-09T17:02:52.448Z] Checked if tokens are valid: false, expires at: 1780980570603
[debug] [2026-06-09T17:02:52.450Z] > refreshing access token with scopes: []
[debug] [2026-06-09T17:02:52.456Z] >>> [apiv2][query] POST https://www.googleapis.com/oauth2/v3/token [none]
[debug] [2026-06-09T17:02:52.457Z] >>> [apiv2][body] POST https://www.googleapis.com/oauth2/v3/token [omitted]
[debug] [2026-06-09T17:02:52.500Z] [Firebase Plugin] VSCode notification server listening on port 40001
[info] [Firebase Plugin] Starting SQL Connect toolkit (version 3.4.10) on port 50001
[debug] [2026-06-09T17:02:54.284Z] 'fdc build' failed with error: Unable to build your SQL Connect schema and connectors (exit code 1): E0609 18:02:54.272561   23276 cmd.go:43] Error loading data connect config: could not find dataconnect.yaml in `c:\Users\NEW USER\Desktop\download (2)\dataconnect`
 {"metadata":{"emulator":{"name":"dataconnect"},"message":"'fdc build' failed with error: Unable to build your SQL Connect schema and connectors (exit code 1): E0609 18:02:54.272561   23276 cmd.go:43] Error loading data connect config: could not find dataconnect.yaml in `c:\\Users\\NEW USER\\Desktop\\download (2)\\dataconnect`\n"}}
[debug] [2026-06-09T17:02:54.287Z] Ignoring unsupported arg: auto_download {"metadata":{"emulator":{"name":"dataconnect"},"message":"Ignoring unsupported arg: auto_download"}}
[debug] [2026-06-09T17:02:54.287Z] Ignoring unsupported arg: port {"metadata":{"emulator":{"name":"dataconnect"},"message":"Ignoring unsupported arg: port"}}
[debug] [2026-06-09T17:02:54.288Z] Starting SQL Connect Emulator with command {"binary":"C:\\Users\\NEW USER\\.cache\\firebase\\emulators\\dataconnect-emulator-3.4.10.exe","args":["--logtostderr","-v=2","dev","--listen=localhost:50001","--config_dir=c:\\Users\\NEW USER\\Desktop\\download (2)\\dataconnect","--enable_output_schema_extensions=true","--enable_output_generated_sdk=true"],"optionalArgs":["listen","config_dir","enable_output_schema_extensions","enable_output_generated_sdk"],"joinArgs":true,"shell":false,"port":9399} {"metadata":{"emulator":{"name":"dataconnect"},"message":"Starting SQL Connect Emulator with command {\"binary\":\"C:\\\\Users\\\\NEW USER\\\\.cache\\\\firebase\\\\emulators\\\\dataconnect-emulator-3.4.10.exe\",\"args\":[\"--logtostderr\",\"-v=2\",\"dev\",\"--listen=localhost:50001\",\"--config_dir=c:\\\\Users\\\\NEW USER\\\\Desktop\\\\download (2)\\\\dataconnect\",\"--enable_output_schema_extensions=true\",\"--enable_output_generated_sdk=true\"],\"optionalArgs\":[\"listen\",\"config_dir\",\"enable_output_schema_extensions\",\"enable_output_generated_sdk\"],\"joinArgs\":true,\"shell\":false,\"port\":9399}"}}
[info] i  dataconnect: SQL Connect Emulator logging to dataconnect-debug.log {"metadata":{"emulator":{"name":"dataconnect"},"message":"SQL Connect Emulator logging to \u001b[1mdataconnect-debug.log\u001b[22m"}}
[debug] [2026-06-09T17:02:54.442Z] E0609 18:02:54.388111   25512 dev.go:83] Failed to load initial config from "c:\\Users\\NEW USER\\Desktop\\download (2)\\dataconnect": could not find dataconnect.yaml in `c:\Users\NEW USER\Desktop\download (2)\dataconnect`
E0609 18:02:54.390131   25512 watch.go:116] watchAllDir unable to walk dir `c:\Users\NEW USER\Desktop\download (2)\dataconnect`: GetFileAttributesEx c:\Users\NEW USER\Desktop\download (2)\dataconnect: The system cannot find the file specified.
I0609 18:02:54.427908   25512 dev.go:104] Listening on address (HTTP + gRPC): 127.0.0.1:50001
 {"metadata":{"emulator":{"name":"dataconnect"},"message":"E0609 18:02:54.388111   25512 dev.go:83] Failed to load initial config from \"c:\\\\Users\\\\NEW USER\\\\Desktop\\\\download (2)\\\\dataconnect\": could not find dataconnect.yaml in `c:\\Users\\NEW USER\\Desktop\\download (2)\\dataconnect`\nE0609 18:02:54.390131   25512 watch.go:116] watchAllDir unable to walk dir `c:\\Users\\NEW USER\\Desktop\\download (2)\\dataconnect`: GetFileAttributesEx c:\\Users\\NEW USER\\Desktop\\download (2)\\dataconnect: The system cannot find the file specified.\nI0609 18:02:54.427908   25512 dev.go:104] Listening on address (HTTP + gRPC): 127.0.0.1:50001\n"}}
[debug] [2026-06-09T17:02:54.732Z] <<< [apiv2][status] POST https://www.googleapis.com/oauth2/v3/token 200
[debug] [2026-06-09T17:02:54.732Z] <<< [apiv2][body] POST https://www.googleapis.com/oauth2/v3/token [omitted]
[debug] [2026-06-09T17:02:54.793Z] [Firebase Plugin] User found:  kingjeo012@gmail.com
[info] [Firebase Plugin] (Core:Project) New user detected, fetching projects
[debug] [2026-06-09T17:02:54.797Z] Checked if tokens are valid: true, expires at: 1781028173733
[debug] [2026-06-09T17:02:54.799Z] >>> [apiv2][query] GET https://firebase.googleapis.com/v1beta1/projects pageSize=1000
[error] [Firebase Plugin] error:  {}
[debug] [2026-06-09T17:02:55.789Z] <<< [apiv2][status] GET https://firebase.googleapis.com/v1beta1/projects 200
[debug] [2026-06-09T17:02:55.789Z] <<< [apiv2][body] GET https://firebase.googleapis.com/v1beta1/projects [omitted]
[debug] [2026-06-09T17:03:04.391Z] E0609 18:03:04.390883   25512 watch.go:40] Failed to load config from "c:\\Users\\NEW USER\\Desktop\\download (2)\\dataconnect": could not find dataconnect.yaml in `c:\Users\NEW USER\Desktop\download (2)\dataconnect`
 {"metadata":{"emulator":{"name":"dataconnect"},"message":"E0609 18:03:04.390883   25512 watch.go:40] Failed to load config from \"c:\\\\Users\\\\NEW USER\\\\Desktop\\\\download (2)\\\\dataconnect\": could not find dataconnect.yaml in `c:\\Users\\NEW USER\\Desktop\\download (2)\\dataconnect`\n"}}
[debug] [2026-06-09T17:03:14.390Z] E0609 18:03:14.390433   25512 watch.go:40] Failed to load config from "c:\\Users\\NEW USER\\Desktop\\download (2)\\dataconnect": could not find dataconnect.yaml in `c:\Users\NEW USER\Desktop\download (2)\dataconnect`
 {"metadata":{"emulator":{"name":"dataconnect"},"message":"E0609 18:03:14.390433   25512 watch.go:40] Failed to load config from \"c:\\\\Users\\\\NEW USER\\\\Desktop\\\\download (2)\\\\dataconnect\": could not find dataconnect.yaml in `c:\\Users\\NEW USER\\Desktop\\download (2)\\dataconnect`\n"}}
[debug] [2026-06-09T17:03:24.390Z] E0609 18:03:24.391602   25512 watch.go:40] Failed to load config from "c:\\Users\\NEW USER\\Desktop\\download (2)\\dataconnect": could not find dataconnect.yaml in `c:\Users\NEW USER\Desktop\download (2)\dataconnect`
 {"metadata":{"emulator":{"name":"dataconnect"},"message":"E0609 18:03:24.391602   25512 watch.go:40] Failed to load config from \"c:\\\\Users\\\\NEW USER\\\\Desktop\\\\download (2)\\\\dataconnect\": could not find dataconnect.yaml in `c:\\Users\\NEW USER\\Desktop\\download (2)\\dataconnect`\n"}}
[debug] [2026-06-09T17:03:34.391Z] E0609 18:03:34.391466   25512 watch.go:40] Failed to load config from "c:\\Users\\NEW USER\\Desktop\\download (2)\\dataconnect": could not find dataconnect.yaml in `c:\Users\NEW USER\Desktop\download (2)\dataconnect`
 {"metadata":{"emulator":{"name":"dataconnect"},"message":"E0609 18:03:34.391466   25512 watch.go:40] Failed to load config from \"c:\\\\Users\\\\NEW USER\\\\Desktop\\\\download (2)\\\\dataconnect\": could not find dataconnect.yaml in `c:\\Users\\NEW USER\\Desktop\\download (2)\\dataconnect`\n"}}
[debug] [2026-06-09T17:03:44.392Z] E0609 18:03:44.392881   25512 watch.go:40] Failed to load config from "c:\\Users\\NEW USER\\Desktop\\download (2)\\dataconnect": could not find dataconnect.yaml in `c:\Users\NEW USER\Desktop\download (2)\dataconnect`
 {"metadata":{"emulator":{"name":"dataconnect"},"message":"E0609 18:03:44.392881   25512 watch.go:40] Failed to load config from \"c:\\\\Users\\\\NEW USER\\\\Desktop\\\\download (2)\\\\dataconnect\": could not find dataconnect.yaml in `c:\\Users\\NEW USER\\Desktop\\download (2)\\dataconnect`\n"}}
[debug] [2026-06-09T17:03:54.390Z] E0609 18:03:54.391085   25512 watch.go:116] watchAllDir unable to walk dir `c:\Users\NEW USER\Desktop\download (2)\dataconnect`: GetFileAttributesEx c:\Users\NEW USER\Desktop\download (2)\dataconnect: The system cannot find the file specified.
 {"metadata":{"emulator":{"name":"dataconnect"},"message":"E0609 18:03:54.391085   25512 watch.go:116] watchAllDir unable to walk dir `c:\\Users\\NEW USER\\Desktop\\download (2)\\dataconnect`: GetFileAttributesEx c:\\Users\\NEW USER\\Desktop\\download (2)\\dataconnect: The system cannot find the file specified.\n"}}
[debug] [2026-06-09T17:03:54.395Z] E0609 18:03:54.391085   25512 watch.go:40] Failed to load config from "c:\\Users\\NEW USER\\Desktop\\download (2)\\dataconnect": could not find dataconnect.yaml in `c:\Users\NEW USER\Desktop\download (2)\dataconnect`
 {"metadata":{"emulator":{"name":"dataconnect"},"message":"E0609 18:03:54.391085   25512 watch.go:40] Failed to load config from \"c:\\\\Users\\\\NEW USER\\\\Desktop\\\\download (2)\\\\dataconnect\": could not find dataconnect.yaml in `c:\\Users\\NEW USER\\Desktop\\download (2)\\dataconnect`\n"}}
[debug] [2026-06-09T17:04:04.389Z] E0609 18:04:04.390376   25512 watch.go:40] Failed to load config from "c:\\Users\\NEW USER\\Desktop\\download (2)\\dataconnect": could not find dataconnect.yaml in `c:\Users\NEW USER\Desktop\download (2)\dataconnect`
 {"metadata":{"emulator":{"name":"dataconnect"},"message":"E0609 18:04:04.390376   25512 watch.go:40] Failed to load config from \"c:\\\\Users\\\\NEW USER\\\\Desktop\\\\download (2)\\\\dataconnect\": could not find dataconnect.yaml in `c:\\Users\\NEW USER\\Desktop\\download (2)\\dataconnect`\n"}}
[debug] [2026-06-09T17:04:14.393Z] E0609 18:04:14.393560   25512 watch.go:40] Failed to load config from "c:\\Users\\NEW USER\\Desktop\\download (2)\\dataconnect": could not find dataconnect.yaml in `c:\Users\NEW USER\Desktop\download (2)\dataconnect`
 {"metadata":{"emulator":{"name":"dataconnect"},"message":"E0609 18:04:14.393560   25512 watch.go:40] Failed to load config from \"c:\\\\Users\\\\NEW USER\\\\Desktop\\\\download (2)\\\\dataconnect\": could not find dataconnect.yaml in `c:\\Users\\NEW USER\\Desktop\\download (2)\\dataconnect`\n"}}
[debug] [2026-06-09T17:04:24.391Z] E0609 18:04:24.390506   25512 watch.go:40] Failed to load config from "c:\\Users\\NEW USER\\Desktop\\download (2)\\dataconnect": could not find dataconnect.yaml in `c:\Users\NEW USER\Desktop\download (2)\dataconnect`
 {"metadata":{"emulator":{"name":"dataconnect"},"message":"E0609 18:04:24.390506   25512 watch.go:40] Failed to load config from \"c:\\\\Users\\\\NEW USER\\\\Desktop\\\\download (2)\\\\dataconnect\": could not find dataconnect.yaml in `c:\\Users\\NEW USER\\Desktop\\download (2)\\dataconnect`\n"}}
[debug] [2026-06-09T17:04:34.391Z] E0609 18:04:34.391532   25512 watch.go:40] Failed to load config from "c:\\Users\\NEW USER\\Desktop\\download (2)\\dataconnect": could not find dataconnect.yaml in `c:\Users\NEW USER\Desktop\download (2)\dataconnect`
 {"metadata":{"emulator":{"name":"dataconnect"},"message":"E0609 18:04:34.391532   25512 watch.go:40] Failed to load config from \"c:\\\\Users\\\\NEW USER\\\\Desktop\\\\download (2)\\\\dataconnect\": could not find dataconnect.yaml in `c:\\Users\\NEW USER\\Desktop\\download (2)\\dataconnect`\n"}}
[debug] [2026-06-09T17:04:44.393Z] E0609 18:04:44.392306   25512 watch.go:40] Failed to load config from "c:\\Users\\NEW USER\\Desktop\\download (2)\\dataconnect": could not find dataconnect.yaml in `c:\Users\NEW USER\Desktop\download (2)\dataconnect`
 {"metadata":{"emulator":{"name":"dataconnect"},"message":"E0609 18:04:44.392306   25512 watch.go:40] Failed to load config from \"c:\\\\Users\\\\NEW USER\\\\Desktop\\\\download (2)\\\\dataconnect\": could not find dataconnect.yaml in `c:\\Users\\NEW USER\\Desktop\\download (2)\\dataconnect`\n"}}
[debug] [2026-06-09T17:04:54.392Z] E0609 18:04:54.391249   25512 watch.go:116] watchAllDir unable to walk dir `c:\Users\NEW USER\Desktop\download (2)\dataconnect`: GetFileAttributesEx c:\Users\NEW USER\Desktop\download (2)\dataconnect: The system cannot find the file specified.
 {"metadata":{"emulator":{"name":"dataconnect"},"message":"E0609 18:04:54.391249   25512 watch.go:116] watchAllDir unable to walk dir `c:\\Users\\NEW USER\\Desktop\\download (2)\\dataconnect`: GetFileAttributesEx c:\\Users\\NEW USER\\Desktop\\download (2)\\dataconnect: The system cannot find the file specified.\n"}}
[debug] [2026-06-09T17:04:54.395Z] E0609 18:04:54.393256   25512 watch.go:40] Failed to load config from "c:\\Users\\NEW USER\\Desktop\\download (2)\\dataconnect": could not find dataconnect.yaml in `c:\Users\NEW USER\Desktop\download (2)\dataconnect`
 {"metadata":{"emulator":{"name":"dataconnect"},"message":"E0609 18:04:54.393256   25512 watch.go:40] Failed to load config from \"c:\\\\Users\\\\NEW USER\\\\Desktop\\\\download (2)\\\\dataconnect\": could not find dataconnect.yaml in `c:\\Users\\NEW USER\\Desktop\\download (2)\\dataconnect`\n"}}
[debug] [2026-06-09T17:05:04.400Z] E0609 18:05:04.399234   25512 watch.go:40] Failed to load config from "c:\\Users\\NEW USER\\Desktop\\download (2)\\dataconnect": could not find dataconnect.yaml in `c:\Users\NEW USER\Desktop\download (2)\dataconnect`
 {"metadata":{"emulator":{"name":"dataconnect"},"message":"E0609 18:05:04.399234   25512 watch.go:40] Failed to load config from \"c:\\\\Users\\\\NEW USER\\\\Desktop\\\\download (2)\\\\dataconnect\": could not find dataconnect.yaml in `c:\\Users\\NEW USER\\Desktop\\download (2)\\dataconnect`\n"}}
[debug] [2026-06-09T17:05:14.391Z] E0609 18:05:14.391224   25512 watch.go:40] Failed to load config from "c:\\Users\\NEW USER\\Desktop\\download (2)\\dataconnect": could not find dataconnect.yaml in `c:\Users\NEW USER\Desktop\download (2)\dataconnect`
 {"metadata":{"emulator":{"name":"dataconnect"},"message":"E0609 18:05:14.391224   25512 watch.go:40] Failed to load config from \"c:\\\\Users\\\\NEW USER\\\\Desktop\\\\download (2)\\\\dataconnect\": could not find dataconnect.yaml in `c:\\Users\\NEW USER\\Desktop\\download (2)\\dataconnect`\n"}}
[debug] [2026-06-09T17:05:24.391Z] E0609 18:05:24.390815   25512 watch.go:40] Failed to load config from "c:\\Users\\NEW USER\\Desktop\\download (2)\\dataconnect": could not find dataconnect.yaml in `c:\Users\NEW USER\Desktop\download (2)\dataconnect`
 {"metadata":{"emulator":{"name":"dataconnect"},"message":"E0609 18:05:24.390815   25512 watch.go:40] Failed to load config from \"c:\\\\Users\\\\NEW USER\\\\Desktop\\\\download (2)\\\\dataconnect\": could not find dataconnect.yaml in `c:\\Users\\NEW USER\\Desktop\\download (2)\\dataconnect`\n"}}
[debug] [2026-06-09T17:05:34.391Z] E0609 18:05:34.391296   25512 watch.go:40] Failed to load config from "c:\\Users\\NEW USER\\Desktop\\download (2)\\dataconnect": could not find dataconnect.yaml in `c:\Users\NEW USER\Desktop\download (2)\dataconnect`
 {"metadata":{"emulator":{"name":"dataconnect"},"message":"E0609 18:05:34.391296   25512 watch.go:40] Failed to load config from \"c:\\\\Users\\\\NEW USER\\\\Desktop\\\\download (2)\\\\dataconnect\": could not find dataconnect.yaml in `c:\\Users\\NEW USER\\Desktop\\download (2)\\dataconnect`\n"}}
[debug] [2026-06-09T17:05:44.391Z] E0609 18:05:44.391382   25512 watch.go:40] Failed to load config from "c:\\Users\\NEW USER\\Desktop\\download (2)\\dataconnect": could not find dataconnect.yaml in `c:\Users\NEW USER\Desktop\download (2)\dataconnect`
 {"metadata":{"emulator":{"name":"dataconnect"},"message":"E0609 18:05:44.391382   25512 watch.go:40] Failed to load config from \"c:\\\\Users\\\\NEW USER\\\\Desktop\\\\download (2)\\\\dataconnect\": could not find dataconnect.yaml in `c:\\Users\\NEW USER\\Desktop\\download (2)\\dataconnect`\n"}}
[debug] [2026-06-09T17:05:54.393Z] E0609 18:05:54.393288   25512 watch.go:116] watchAllDir unable to walk dir `c:\Users\NEW USER\Desktop\download (2)\dataconnect`: GetFileAttributesEx c:\Users\NEW USER\Desktop\download (2)\dataconnect: The system cannot find the file specified.
E0609 18:05:54.393740   25512 watch.go:40] Failed to load config from "c:\\Users\\NEW USER\\Desktop\\download (2)\\dataconnect": could not find dataconnect.yaml in `c:\Users\NEW USER\Desktop\download (2)\dataconnect`
 {"metadata":{"emulator":{"name":"dataconnect"},"message":"E0609 18:05:54.393288   25512 watch.go:116] watchAllDir unable to walk dir `c:\\Users\\NEW USER\\Desktop\\download (2)\\dataconnect`: GetFileAttributesEx c:\\Users\\NEW USER\\Desktop\\download (2)\\dataconnect: The system cannot find the file specified.\nE0609 18:05:54.393740   25512 watch.go:40] Failed to load config from \"c:\\\\Users\\\\NEW USER\\\\Desktop\\\\download (2)\\\\dataconnect\": could not find dataconnect.yaml in `c:\\Users\\NEW USER\\Desktop\\download (2)\\dataconnect`\n"}}
[debug] [2026-06-09T17:06:04.391Z] E0609 18:06:04.391184   25512 watch.go:40] Failed to load config from "c:\\Users\\NEW USER\\Desktop\\download (2)\\dataconnect": could not find dataconnect.yaml in `c:\Users\NEW USER\Desktop\download (2)\dataconnect`
 {"metadata":{"emulator":{"name":"dataconnect"},"message":"E0609 18:06:04.391184   25512 watch.go:40] Failed to load config from \"c:\\\\Users\\\\NEW USER\\\\Desktop\\\\download (2)\\\\dataconnect\": could not find dataconnect.yaml in `c:\\Users\\NEW USER\\Desktop\\download (2)\\dataconnect`\n"}}
[debug] [2026-06-09T17:06:14.392Z] E0609 18:06:14.392043   25512 watch.go:40] Failed to load config from "c:\\Users\\NEW USER\\Desktop\\download (2)\\dataconnect": could not find dataconnect.yaml in `c:\Users\NEW USER\Desktop\download (2)\dataconnect`
 {"metadata":{"emulator":{"name":"dataconnect"},"message":"E0609 18:06:14.392043   25512 watch.go:40] Failed to load config from \"c:\\\\Users\\\\NEW USER\\\\Desktop\\\\download (2)\\\\dataconnect\": could not find dataconnect.yaml in `c:\\Users\\NEW USER\\Desktop\\download (2)\\dataconnect`\n"}}
[debug] [2026-06-09T17:06:24.391Z] E0609 18:06:24.391328   25512 watch.go:40] Failed to load config from "c:\\Users\\NEW USER\\Desktop\\download (2)\\dataconnect": could not find dataconnect.yaml in `c:\Users\NEW USER\Desktop\download (2)\dataconnect`
 {"metadata":{"emulator":{"name":"dataconnect"},"message":"E0609 18:06:24.391328   25512 watch.go:40] Failed to load config from \"c:\\\\Users\\\\NEW USER\\\\Desktop\\\\download (2)\\\\dataconnect\": could not find dataconnect.yaml in `c:\\Users\\NEW USER\\Desktop\\download (2)\\dataconnect`\n"}}
[debug] [2026-06-09T17:06:34.390Z] E0609 18:06:34.390403   25512 watch.go:40] Failed to load config from "c:\\Users\\NEW USER\\Desktop\\download (2)\\dataconnect": could not find dataconnect.yaml in `c:\Users\NEW USER\Desktop\download (2)\dataconnect`
 {"metadata":{"emulator":{"name":"dataconnect"},"message":"E0609 18:06:34.390403   25512 watch.go:40] Failed to load config from \"c:\\\\Users\\\\NEW USER\\\\Desktop\\\\download (2)\\\\dataconnect\": could not find dataconnect.yaml in `c:\\Users\\NEW USER\\Desktop\\download (2)\\dataconnect`\n"}}
[debug] [2026-06-09T17:06:44.392Z] E0609 18:06:44.391354   25512 watch.go:40] Failed to load config from "c:\\Users\\NEW USER\\Desktop\\download (2)\\dataconnect": could not find dataconnect.yaml in `c:\Users\NEW USER\Desktop\download (2)\dataconnect`
 {"metadata":{"emulator":{"name":"dataconnect"},"message":"E0609 18:06:44.391354   25512 watch.go:40] Failed to load config from \"c:\\\\Users\\\\NEW USER\\\\Desktop\\\\download (2)\\\\dataconnect\": could not find dataconnect.yaml in `c:\\Users\\NEW USER\\Desktop\\download (2)\\dataconnect`\n"}}
[debug] [2026-06-09T17:06:54.391Z] E0609 18:06:54.391424   25512 watch.go:116] watchAllDir unable to walk dir `c:\Users\NEW USER\Desktop\download (2)\dataconnect`: GetFileAttributesEx c:\Users\NEW USER\Desktop\download (2)\dataconnect: The system cannot find the file specified.
 {"metadata":{"emulator":{"name":"dataconnect"},"message":"E0609 18:06:54.391424   25512 watch.go:116] watchAllDir unable to walk dir `c:\\Users\\NEW USER\\Desktop\\download (2)\\dataconnect`: GetFileAttributesEx c:\\Users\\NEW USER\\Desktop\\download (2)\\dataconnect: The system cannot find the file specified.\n"}}
[debug] [2026-06-09T17:06:54.393Z] E0609 18:06:54.392125   25512 watch.go:40] Failed to load config from "c:\\Users\\NEW USER\\Desktop\\download (2)\\dataconnect": could not find dataconnect.yaml in `c:\Users\NEW USER\Desktop\download (2)\dataconnect`
 {"metadata":{"emulator":{"name":"dataconnect"},"message":"E0609 18:06:54.392125   25512 watch.go:40] Failed to load config from \"c:\\\\Users\\\\NEW USER\\\\Desktop\\\\download (2)\\\\dataconnect\": could not find dataconnect.yaml in `c:\\Users\\NEW USER\\Desktop\\download (2)\\dataconnect`\n"}}
[debug] [2026-06-09T17:07:04.395Z] E0609 18:07:04.394699   25512 watch.go:40] Failed to load config from "c:\\Users\\NEW USER\\Desktop\\download (2)\\dataconnect": could not find dataconnect.yaml in `c:\Users\NEW USER\Desktop\download (2)\dataconnect`
 {"metadata":{"emulator":{"name":"dataconnect"},"message":"E0609 18:07:04.394699   25512 watch.go:40] Failed to load config from \"c:\\\\Users\\\\NEW USER\\\\Desktop\\\\download (2)\\\\dataconnect\": could not find dataconnect.yaml in `c:\\Users\\NEW USER\\Desktop\\download (2)\\dataconnect`\n"}}
[debug] [2026-06-09T17:07:14.394Z] E0609 18:07:14.393226   25512 watch.go:40] Failed to load config from "c:\\Users\\NEW USER\\Desktop\\download (2)\\dataconnect": could not find dataconnect.yaml in `c:\Users\NEW USER\Desktop\download (2)\dataconnect`
 {"metadata":{"emulator":{"name":"dataconnect"},"message":"E0609 18:07:14.393226   25512 watch.go:40] Failed to load config from \"c:\\\\Users\\\\NEW USER\\\\Desktop\\\\download (2)\\\\dataconnect\": could not find dataconnect.yaml in `c:\\Users\\NEW USER\\Desktop\\download (2)\\dataconnect`\n"}}
[debug] [2026-06-09T17:07:24.397Z] E0609 18:07:24.392842   25512 watch.go:40] Failed to load config from "c:\\Users\\NEW USER\\Desktop\\download (2)\\dataconnect": could not find dataconnect.yaml in `c:\Users\NEW USER\Desktop\download (2)\dataconnect`
 {"metadata":{"emulator":{"name":"dataconnect"},"message":"E0609 18:07:24.392842   25512 watch.go:40] Failed to load config from \"c:\\\\Users\\\\NEW USER\\\\Desktop\\\\download (2)\\\\dataconnect\": could not find dataconnect.yaml in `c:\\Users\\NEW USER\\Desktop\\download (2)\\dataconnect`\n"}}
[debug] [2026-06-09T17:07:34.405Z] E0609 18:07:34.403496   25512 watch.go:40] Failed to load config from "c:\\Users\\NEW USER\\Desktop\\download (2)\\dataconnect": could not find dataconnect.yaml in `c:\Users\NEW USER\Desktop\download (2)\dataconnect`
 {"metadata":{"emulator":{"name":"dataconnect"},"message":"E0609 18:07:34.403496   25512 watch.go:40] Failed to load config from \"c:\\\\Users\\\\NEW USER\\\\Desktop\\\\download (2)\\\\dataconnect\": could not find dataconnect.yaml in `c:\\Users\\NEW USER\\Desktop\\download (2)\\dataconnect`\n"}}
[debug] [2026-06-09T17:07:44.392Z] E0609 18:07:44.391665   25512 watch.go:40] Failed to load config from "c:\\Users\\NEW USER\\Desktop\\download (2)\\dataconnect": could not find dataconnect.yaml in `c:\Users\NEW USER\Desktop\download (2)\dataconnect`
 {"metadata":{"emulator":{"name":"dataconnect"},"message":"E0609 18:07:44.391665   25512 watch.go:40] Failed to load config from \"c:\\\\Users\\\\NEW USER\\\\Desktop\\\\download (2)\\\\dataconnect\": could not find dataconnect.yaml in `c:\\Users\\NEW USER\\Desktop\\download (2)\\dataconnect`\n"}}
[debug] [2026-06-09T17:07:54.393Z] E0609 18:07:54.391642   25512 watch.go:116] watchAllDir unable to walk dir `c:\Users\NEW USER\Desktop\download (2)\dataconnect`: GetFileAttributesEx c:\Users\NEW USER\Desktop\download (2)\dataconnect: The system cannot find the file specified.
 {"metadata":{"emulator":{"name":"dataconnect"},"message":"E0609 18:07:54.391642   25512 watch.go:116] watchAllDir unable to walk dir `c:\\Users\\NEW USER\\Desktop\\download (2)\\dataconnect`: GetFileAttributesEx c:\\Users\\NEW USER\\Desktop\\download (2)\\dataconnect: The system cannot find the file specified.\n"}}
[debug] [2026-06-09T17:07:54.395Z] E0609 18:07:54.393034   25512 watch.go:40] Failed to load config from "c:\\Users\\NEW USER\\Desktop\\download (2)\\dataconnect": could not find dataconnect.yaml in `c:\Users\NEW USER\Desktop\download (2)\dataconnect`
 {"metadata":{"emulator":{"name":"dataconnect"},"message":"E0609 18:07:54.393034   25512 watch.go:40] Failed to load config from \"c:\\\\Users\\\\NEW USER\\\\Desktop\\\\download (2)\\\\dataconnect\": could not find dataconnect.yaml in `c:\\Users\\NEW USER\\Desktop\\download (2)\\dataconnect`\n"}}
[debug] [2026-06-09T17:08:04.392Z] E0609 18:08:04.391841   25512 watch.go:40] Failed to load config from "c:\\Users\\NEW USER\\Desktop\\download (2)\\dataconnect": could not find dataconnect.yaml in `c:\Users\NEW USER\Desktop\download (2)\dataconnect`
 {"metadata":{"emulator":{"name":"dataconnect"},"message":"E0609 18:08:04.391841   25512 watch.go:40] Failed to load config from \"c:\\\\Users\\\\NEW USER\\\\Desktop\\\\download (2)\\\\dataconnect\": could not find dataconnect.yaml in `c:\\Users\\NEW USER\\Desktop\\download (2)\\dataconnect`\n"}}
[debug] [2026-06-09T17:08:14.403Z] E0609 18:08:14.394147   25512 watch.go:40] Failed to load config from "c:\\Users\\NEW USER\\Desktop\\download (2)\\dataconnect": could not find dataconnect.yaml in `c:\Users\NEW USER\Desktop\download (2)\dataconnect`
 {"metadata":{"emulator":{"name":"dataconnect"},"message":"E0609 18:08:14.394147   25512 watch.go:40] Failed to load config from \"c:\\\\Users\\\\NEW USER\\\\Desktop\\\\download (2)\\\\dataconnect\": could not find dataconnect.yaml in `c:\\Users\\NEW USER\\Desktop\\download (2)\\dataconnect`\n"}}
[debug] [2026-06-09T17:08:24.392Z] E0609 18:08:24.391248   25512 watch.go:40] Failed to load config from "c:\\Users\\NEW USER\\Desktop\\download (2)\\dataconnect": could not find dataconnect.yaml in `c:\Users\NEW USER\Desktop\download (2)\dataconnect`
 {"metadata":{"emulator":{"name":"dataconnect"},"message":"E0609 18:08:24.391248   25512 watch.go:40] Failed to load config from \"c:\\\\Users\\\\NEW USER\\\\Desktop\\\\download (2)\\\\dataconnect\": could not find dataconnect.yaml in `c:\\Users\\NEW USER\\Desktop\\download (2)\\dataconnect`\n"}}
[debug] [2026-06-09T17:08:34.389Z] E0609 18:08:34.390461   25512 watch.go:40] Failed to load config from "c:\\Users\\NEW USER\\Desktop\\download (2)\\dataconnect": could not find dataconnect.yaml in `c:\Users\NEW USER\Desktop\download (2)\dataconnect`
 {"metadata":{"emulator":{"name":"dataconnect"},"message":"E0609 18:08:34.390461   25512 watch.go:40] Failed to load config from \"c:\\\\Users\\\\NEW USER\\\\Desktop\\\\download (2)\\\\dataconnect\": could not find dataconnect.yaml in `c:\\Users\\NEW USER\\Desktop\\download (2)\\dataconnect`\n"}}
[debug] [2026-06-09T17:08:44.390Z] E0609 18:08:44.391260   25512 watch.go:40] Failed to load config from "c:\\Users\\NEW USER\\Desktop\\download (2)\\dataconnect": could not find dataconnect.yaml in `c:\Users\NEW USER\Desktop\download (2)\dataconnect`
 {"metadata":{"emulator":{"name":"dataconnect"},"message":"E0609 18:08:44.391260   25512 watch.go:40] Failed to load config from \"c:\\\\Users\\\\NEW USER\\\\Desktop\\\\download (2)\\\\dataconnect\": could not find dataconnect.yaml in `c:\\Users\\NEW USER\\Desktop\\download (2)\\dataconnect`\n"}}
[debug] [2026-06-09T17:08:54.390Z] E0609 18:08:54.391887   25512 watch.go:116] watchAllDir unable to walk dir `c:\Users\NEW USER\Desktop\download (2)\dataconnect`: GetFileAttributesEx c:\Users\NEW USER\Desktop\download (2)\dataconnect: The system cannot find the file specified.
E0609 18:08:54.391887   25512 watch.go:40] Failed to load config from "c:\\Users\\NEW USER\\Desktop\\download (2)\\dataconnect": could not find dataconnect.yaml in `c:\Users\NEW USER\Desktop\download (2)\dataconnect`
 {"metadata":{"emulator":{"name":"dataconnect"},"message":"E0609 18:08:54.391887   25512 watch.go:116] watchAllDir unable to walk dir `c:\\Users\\NEW USER\\Desktop\\download (2)\\dataconnect`: GetFileAttributesEx c:\\Users\\NEW USER\\Desktop\\download (2)\\dataconnect: The system cannot find the file specified.\nE0609 18:08:54.391887   25512 watch.go:40] Failed to load config from \"c:\\\\Users\\\\NEW USER\\\\Desktop\\\\download (2)\\\\dataconnect\": could not find dataconnect.yaml in `c:\\Users\\NEW USER\\Desktop\\download (2)\\dataconnect`\n"}}
[debug] [2026-06-09T17:09:04.391Z] E0609 18:09:04.391796   25512 watch.go:40] Failed to load config from "c:\\Users\\NEW USER\\Desktop\\download (2)\\dataconnect": could not find dataconnect.yaml in `c:\Users\NEW USER\Desktop\download (2)\dataconnect`
 {"metadata":{"emulator":{"name":"dataconnect"},"message":"E0609 18:09:04.391796   25512 watch.go:40] Failed to load config from \"c:\\\\Users\\\\NEW USER\\\\Desktop\\\\download (2)\\\\dataconnect\": could not find dataconnect.yaml in `c:\\Users\\NEW USER\\Desktop\\download (2)\\dataconnect`\n"}}
[debug] [2026-06-09T17:09:14.392Z] E0609 18:09:14.392140   25512 watch.go:40] Failed to load config from "c:\\Users\\NEW USER\\Desktop\\download (2)\\dataconnect": could not find dataconnect.yaml in `c:\Users\NEW USER\Desktop\download (2)\dataconnect`
 {"metadata":{"emulator":{"name":"dataconnect"},"message":"E0609 18:09:14.392140   25512 watch.go:40] Failed to load config from \"c:\\\\Users\\\\NEW USER\\\\Desktop\\\\download (2)\\\\dataconnect\": could not find dataconnect.yaml in `c:\\Users\\NEW USER\\Desktop\\download (2)\\dataconnect`\n"}}
[debug] [2026-06-09T17:09:24.391Z] E0609 18:09:24.391631   25512 watch.go:40] Failed to load config from "c:\\Users\\NEW USER\\Desktop\\download (2)\\dataconnect": could not find dataconnect.yaml in `c:\Users\NEW USER\Desktop\download (2)\dataconnect`
 {"metadata":{"emulator":{"name":"dataconnect"},"message":"E0609 18:09:24.391631   25512 watch.go:40] Failed to load config from \"c:\\\\Users\\\\NEW USER\\\\Desktop\\\\download (2)\\\\dataconnect\": could not find dataconnect.yaml in `c:\\Users\\NEW USER\\Desktop\\download (2)\\dataconnect`\n"}}
[debug] [2026-06-09T17:09:34.391Z] E0609 18:09:34.391380   25512 watch.go:40] Failed to load config from "c:\\Users\\NEW USER\\Desktop\\download (2)\\dataconnect": could not find dataconnect.yaml in `c:\Users\NEW USER\Desktop\download (2)\dataconnect`
 {"metadata":{"emulator":{"name":"dataconnect"},"message":"E0609 18:09:34.391380   25512 watch.go:40] Failed to load config from \"c:\\\\Users\\\\NEW USER\\\\Desktop\\\\download (2)\\\\dataconnect\": could not find dataconnect.yaml in `c:\\Users\\NEW USER\\Desktop\\download (2)\\dataconnect`\n"}}
[debug] [2026-06-09T17:09:44.392Z] E0609 18:09:44.391455   25512 watch.go:40] Failed to load config from "c:\\Users\\NEW USER\\Desktop\\download (2)\\dataconnect": could not find dataconnect.yaml in `c:\Users\NEW USER\Desktop\download (2)\dataconnect`
 {"metadata":{"emulator":{"name":"dataconnect"},"message":"E0609 18:09:44.391455   25512 watch.go:40] Failed to load config from \"c:\\\\Users\\\\NEW USER\\\\Desktop\\\\download (2)\\\\dataconnect\": could not find dataconnect.yaml in `c:\\Users\\NEW USER\\Desktop\\download (2)\\dataconnect`\n"}}
[debug] [2026-06-09T17:09:54.391Z] E0609 18:09:54.391035   25512 watch.go:116] watchAllDir unable to walk dir `c:\Users\NEW USER\Desktop\download (2)\dataconnect`: GetFileAttributesEx c:\Users\NEW USER\Desktop\download (2)\dataconnect: The system cannot find the file specified.
 {"metadata":{"emulator":{"name":"dataconnect"},"message":"E0609 18:09:54.391035   25512 watch.go:116] watchAllDir unable to walk dir `c:\\Users\\NEW USER\\Desktop\\download (2)\\dataconnect`: GetFileAttributesEx c:\\Users\\NEW USER\\Desktop\\download (2)\\dataconnect: The system cannot find the file specified.\n"}}
[debug] [2026-06-09T17:09:54.392Z] E0609 18:09:54.392830   25512 watch.go:40] Failed to load config from "c:\\Users\\NEW USER\\Desktop\\download (2)\\dataconnect": could not find dataconnect.yaml in `c:\Users\NEW USER\Desktop\download (2)\dataconnect`
 {"metadata":{"emulator":{"name":"dataconnect"},"message":"E0609 18:09:54.392830   25512 watch.go:40] Failed to load config from \"c:\\\\Users\\\\NEW USER\\\\Desktop\\\\download (2)\\\\dataconnect\": could not find dataconnect.yaml in `c:\\Users\\NEW USER\\Desktop\\download (2)\\dataconnect`\n"}}
[debug] [2026-06-09T17:10:04.390Z] E0609 18:10:04.390774   25512 watch.go:40] Failed to load config from "c:\\Users\\NEW USER\\Desktop\\download (2)\\dataconnect": could not find dataconnect.yaml in `c:\Users\NEW USER\Desktop\download (2)\dataconnect`
 {"metadata":{"emulator":{"name":"dataconnect"},"message":"E0609 18:10:04.390774   25512 watch.go:40] Failed to load config from \"c:\\\\Users\\\\NEW USER\\\\Desktop\\\\download (2)\\\\dataconnect\": could not find dataconnect.yaml in `c:\\Users\\NEW USER\\Desktop\\download (2)\\dataconnect`\n"}}
[debug] [2026-06-09T17:10:14.390Z] E0609 18:10:14.390446   25512 watch.go:40] Failed to load config from "c:\\Users\\NEW USER\\Desktop\\download (2)\\dataconnect": could not find dataconnect.yaml in `c:\Users\NEW USER\Desktop\download (2)\dataconnect`
 {"metadata":{"emulator":{"name":"dataconnect"},"message":"E0609 18:10:14.390446   25512 watch.go:40] Failed to load config from \"c:\\\\Users\\\\NEW USER\\\\Desktop\\\\download (2)\\\\dataconnect\": could not find dataconnect.yaml in `c:\\Users\\NEW USER\\Desktop\\download (2)\\dataconnect`\n"}}
[debug] [2026-06-09T17:10:24.392Z] E0609 18:10:24.391875   25512 watch.go:40] Failed to load config from "c:\\Users\\NEW USER\\Desktop\\download (2)\\dataconnect": could not find dataconnect.yaml in `c:\Users\NEW USER\Desktop\download (2)\dataconnect`
 {"metadata":{"emulator":{"name":"dataconnect"},"message":"E0609 18:10:24.391875   25512 watch.go:40] Failed to load config from \"c:\\\\Users\\\\NEW USER\\\\Desktop\\\\download (2)\\\\dataconnect\": could not find dataconnect.yaml in `c:\\Users\\NEW USER\\Desktop\\download (2)\\dataconnect`\n"}}
[debug] [2026-06-09T17:10:34.392Z] E0609 18:10:34.392418   25512 watch.go:40] Failed to load config from "c:\\Users\\NEW USER\\Desktop\\download (2)\\dataconnect": could not find dataconnect.yaml in `c:\Users\NEW USER\Desktop\download (2)\dataconnect`
 {"metadata":{"emulator":{"name":"dataconnect"},"message":"E0609 18:10:34.392418   25512 watch.go:40] Failed to load config from \"c:\\\\Users\\\\NEW USER\\\\Desktop\\\\download (2)\\\\dataconnect\": could not find dataconnect.yaml in `c:\\Users\\NEW USER\\Desktop\\download (2)\\dataconnect`\n"}}
[debug] [2026-06-09T17:10:44.392Z] E0609 18:10:44.391867   25512 watch.go:40] Failed to load config from "c:\\Users\\NEW USER\\Desktop\\download (2)\\dataconnect": could not find dataconnect.yaml in `c:\Users\NEW USER\Desktop\download (2)\dataconnect`
 {"metadata":{"emulator":{"name":"dataconnect"},"message":"E0609 18:10:44.391867   25512 watch.go:40] Failed to load config from \"c:\\\\Users\\\\NEW USER\\\\Desktop\\\\download (2)\\\\dataconnect\": could not find dataconnect.yaml in `c:\\Users\\NEW USER\\Desktop\\download (2)\\dataconnect`\n"}}
[debug] [2026-06-09T17:10:54.392Z] E0609 18:10:54.391398   25512 watch.go:116] watchAllDir unable to walk dir `c:\Users\NEW USER\Desktop\download (2)\dataconnect`: GetFileAttributesEx c:\Users\NEW USER\Desktop\download (2)\dataconnect: The system cannot find the file specified.
 {"metadata":{"emulator":{"name":"dataconnect"},"message":"E0609 18:10:54.391398   25512 watch.go:116] watchAllDir unable to walk dir `c:\\Users\\NEW USER\\Desktop\\download (2)\\dataconnect`: GetFileAttributesEx c:\\Users\\NEW USER\\Desktop\\download (2)\\dataconnect: The system cannot find the file specified.\n"}}
[debug] [2026-06-09T17:10:54.395Z] E0609 18:10:54.392161   25512 watch.go:40] Failed to load config from "c:\\Users\\NEW USER\\Desktop\\download (2)\\dataconnect": could not find dataconnect.yaml in `c:\Users\NEW USER\Desktop\download (2)\dataconnect`
 {"metadata":{"emulator":{"name":"dataconnect"},"message":"E0609 18:10:54.392161   25512 watch.go:40] Failed to load config from \"c:\\\\Users\\\\NEW USER\\\\Desktop\\\\download (2)\\\\dataconnect\": could not find dataconnect.yaml in `c:\\Users\\NEW USER\\Desktop\\download (2)\\dataconnect`\n"}}
[debug] [2026-06-09T17:11:04.393Z] E0609 18:11:04.392070   25512 watch.go:40] Failed to load config from "c:\\Users\\NEW USER\\Desktop\\download (2)\\dataconnect": could not find dataconnect.yaml in `c:\Users\NEW USER\Desktop\download (2)\dataconnect`
 {"metadata":{"emulator":{"name":"dataconnect"},"message":"E0609 18:11:04.392070   25512 watch.go:40] Failed to load config from \"c:\\\\Users\\\\NEW USER\\\\Desktop\\\\download (2)\\\\dataconnect\": could not find dataconnect.yaml in `c:\\Users\\NEW USER\\Desktop\\download (2)\\dataconnect`\n"}}
[debug] [2026-06-09T17:11:14.392Z] E0609 18:11:14.391305   25512 watch.go:40] Failed to load config from "c:\\Users\\NEW USER\\Desktop\\download (2)\\dataconnect": could not find dataconnect.yaml in `c:\Users\NEW USER\Desktop\download (2)\dataconnect`
 {"metadata":{"emulator":{"name":"dataconnect"},"message":"E0609 18:11:14.391305   25512 watch.go:40] Failed to load config from \"c:\\\\Users\\\\NEW USER\\\\Desktop\\\\download (2)\\\\dataconnect\": could not find dataconnect.yaml in `c:\\Users\\NEW USER\\Desktop\\download (2)\\dataconnect`\n"}}
[debug] [2026-06-09T17:11:24.391Z] E0609 18:11:24.391610   25512 watch.go:40] Failed to load config from "c:\\Users\\NEW USER\\Desktop\\download (2)\\dataconnect": could not find dataconnect.yaml in `c:\Users\NEW USER\Desktop\download (2)\dataconnect`
 {"metadata":{"emulator":{"name":"dataconnect"},"message":"E0609 18:11:24.391610   25512 watch.go:40] Failed to load config from \"c:\\\\Users\\\\NEW USER\\\\Desktop\\\\download (2)\\\\dataconnect\": could not find dataconnect.yaml in `c:\\Users\\NEW USER\\Desktop\\download (2)\\dataconnect`\n"}}
[debug] [2026-06-09T17:11:34.391Z] E0609 18:11:34.391856   25512 watch.go:40] Failed to load config from "c:\\Users\\NEW USER\\Desktop\\download (2)\\dataconnect": could not find dataconnect.yaml in `c:\Users\NEW USER\Desktop\download (2)\dataconnect`
 {"metadata":{"emulator":{"name":"dataconnect"},"message":"E0609 18:11:34.391856   25512 watch.go:40] Failed to load config from \"c:\\\\Users\\\\NEW USER\\\\Desktop\\\\download (2)\\\\dataconnect\": could not find dataconnect.yaml in `c:\\Users\\NEW USER\\Desktop\\download (2)\\dataconnect`\n"}}
[debug] [2026-06-09T17:11:44.392Z] E0609 18:11:44.392236   25512 watch.go:40] Failed to load config from "c:\\Users\\NEW USER\\Desktop\\download (2)\\dataconnect": could not find dataconnect.yaml in `c:\Users\NEW USER\Desktop\download (2)\dataconnect`
 {"metadata":{"emulator":{"name":"dataconnect"},"message":"E0609 18:11:44.392236   25512 watch.go:40] Failed to load config from \"c:\\\\Users\\\\NEW USER\\\\Desktop\\\\download (2)\\\\dataconnect\": could not find dataconnect.yaml in `c:\\Users\\NEW USER\\Desktop\\download (2)\\dataconnect`\n"}}
[debug] [2026-06-09T17:11:54.391Z] E0609 18:11:54.391192   25512 watch.go:116] watchAllDir unable to walk dir `c:\Users\NEW USER\Desktop\download (2)\dataconnect`: GetFileAttributesEx c:\Users\NEW USER\Desktop\download (2)\dataconnect: The system cannot find the file specified.
 {"metadata":{"emulator":{"name":"dataconnect"},"message":"E0609 18:11:54.391192   25512 watch.go:116] watchAllDir unable to walk dir `c:\\Users\\NEW USER\\Desktop\\download (2)\\dataconnect`: GetFileAttributesEx c:\\Users\\NEW USER\\Desktop\\download (2)\\dataconnect: The system cannot find the file specified.\n"}}
[debug] [2026-06-09T17:11:54.393Z] E0609 18:11:54.392315   25512 watch.go:40] Failed to load config from "c:\\Users\\NEW USER\\Desktop\\download (2)\\dataconnect": could not find dataconnect.yaml in `c:\Users\NEW USER\Desktop\download (2)\dataconnect`
 {"metadata":{"emulator":{"name":"dataconnect"},"message":"E0609 18:11:54.392315   25512 watch.go:40] Failed to load config from \"c:\\\\Users\\\\NEW USER\\\\Desktop\\\\download (2)\\\\dataconnect\": could not find dataconnect.yaml in `c:\\Users\\NEW USER\\Desktop\\download (2)\\dataconnect`\n"}}
[debug] [2026-06-09T17:12:04.390Z] E0609 18:12:04.391116   25512 watch.go:40] Failed to load config from "c:\\Users\\NEW USER\\Desktop\\download (2)\\dataconnect": could not find dataconnect.yaml in `c:\Users\NEW USER\Desktop\download (2)\dataconnect`
 {"metadata":{"emulator":{"name":"dataconnect"},"message":"E0609 18:12:04.391116   25512 watch.go:40] Failed to load config from \"c:\\\\Users\\\\NEW USER\\\\Desktop\\\\download (2)\\\\dataconnect\": could not find dataconnect.yaml in `c:\\Users\\NEW USER\\Desktop\\download (2)\\dataconnect`\n"}}
[debug] [2026-06-09T17:12:14.392Z] E0609 18:12:14.392256   25512 watch.go:40] Failed to load config from "c:\\Users\\NEW USER\\Desktop\\download (2)\\dataconnect": could not find dataconnect.yaml in `c:\Users\NEW USER\Desktop\download (2)\dataconnect`
 {"metadata":{"emulator":{"name":"dataconnect"},"message":"E0609 18:12:14.392256   25512 watch.go:40] Failed to load config from \"c:\\\\Users\\\\NEW USER\\\\Desktop\\\\download (2)\\\\dataconnect\": could not find dataconnect.yaml in `c:\\Users\\NEW USER\\Desktop\\download (2)\\dataconnect`\n"}}
[debug] [2026-06-09T17:12:24.392Z] E0609 18:12:24.391477   25512 watch.go:40] Failed to load config from "c:\\Users\\NEW USER\\Desktop\\download (2)\\dataconnect": could not find dataconnect.yaml in `c:\Users\NEW USER\Desktop\download (2)\dataconnect`
 {"metadata":{"emulator":{"name":"dataconnect"},"message":"E0609 18:12:24.391477   25512 watch.go:40] Failed to load config from \"c:\\\\Users\\\\NEW USER\\\\Desktop\\\\download (2)\\\\dataconnect\": could not find dataconnect.yaml in `c:\\Users\\NEW USER\\Desktop\\download (2)\\dataconnect`\n"}}
[debug] [2026-06-09T17:12:34.391Z] E0609 18:12:34.391390   25512 watch.go:40] Failed to load config from "c:\\Users\\NEW USER\\Desktop\\download (2)\\dataconnect": could not find dataconnect.yaml in `c:\Users\NEW USER\Desktop\download (2)\dataconnect`
 {"metadata":{"emulator":{"name":"dataconnect"},"message":"E0609 18:12:34.391390   25512 watch.go:40] Failed to load config from \"c:\\\\Users\\\\NEW USER\\\\Desktop\\\\download (2)\\\\dataconnect\": could not find dataconnect.yaml in `c:\\Users\\NEW USER\\Desktop\\download (2)\\dataconnect`\n"}}
[debug] [2026-06-09T17:12:44.392Z] E0609 18:12:44.392535   25512 watch.go:40] Failed to load config from "c:\\Users\\NEW USER\\Desktop\\download (2)\\dataconnect": could not find dataconnect.yaml in `c:\Users\NEW USER\Desktop\download (2)\dataconnect`
 {"metadata":{"emulator":{"name":"dataconnect"},"message":"E0609 18:12:44.392535   25512 watch.go:40] Failed to load config from \"c:\\\\Users\\\\NEW USER\\\\Desktop\\\\download (2)\\\\dataconnect\": could not find dataconnect.yaml in `c:\\Users\\NEW USER\\Desktop\\download (2)\\dataconnect`\n"}}
[debug] [2026-06-09T17:12:54.390Z] E0609 18:12:54.391003   25512 watch.go:116] watchAllDir unable to walk dir `c:\Users\NEW USER\Desktop\download (2)\dataconnect`: GetFileAttributesEx c:\Users\NEW USER\Desktop\download (2)\dataconnect: The system cannot find the file specified.
 {"metadata":{"emulator":{"name":"dataconnect"},"message":"E0609 18:12:54.391003   25512 watch.go:116] watchAllDir unable to walk dir `c:\\Users\\NEW USER\\Desktop\\download (2)\\dataconnect`: GetFileAttributesEx c:\\Users\\NEW USER\\Desktop\\download (2)\\dataconnect: The system cannot find the file specified.\n"}}
[debug] [2026-06-09T17:12:54.393Z] E0609 18:12:54.391714   25512 watch.go:40] Failed to load config from "c:\\Users\\NEW USER\\Desktop\\download (2)\\dataconnect": could not find dataconnect.yaml in `c:\Users\NEW USER\Desktop\download (2)\dataconnect`
 {"metadata":{"emulator":{"name":"dataconnect"},"message":"E0609 18:12:54.391714   25512 watch.go:40] Failed to load config from \"c:\\\\Users\\\\NEW USER\\\\Desktop\\\\download (2)\\\\dataconnect\": could not find dataconnect.yaml in `c:\\Users\\NEW USER\\Desktop\\download (2)\\dataconnect`\n"}}
[debug] [2026-06-09T17:13:04.390Z] E0609 18:13:04.390664   25512 watch.go:40] Failed to load config from "c:\\Users\\NEW USER\\Desktop\\download (2)\\dataconnect": could not find dataconnect.yaml in `c:\Users\NEW USER\Desktop\download (2)\dataconnect`
 {"metadata":{"emulator":{"name":"dataconnect"},"message":"E0609 18:13:04.390664   25512 watch.go:40] Failed to load config from \"c:\\\\Users\\\\NEW USER\\\\Desktop\\\\download (2)\\\\dataconnect\": could not find dataconnect.yaml in `c:\\Users\\NEW USER\\Desktop\\download (2)\\dataconnect`\n"}}
[debug] [2026-06-09T17:13:14.391Z] E0609 18:13:14.390557   25512 watch.go:40] Failed to load config from "c:\\Users\\NEW USER\\Desktop\\download (2)\\dataconnect": could not find dataconnect.yaml in `c:\Users\NEW USER\Desktop\download (2)\dataconnect`
 {"metadata":{"emulator":{"name":"dataconnect"},"message":"E0609 18:13:14.390557   25512 watch.go:40] Failed to load config from \"c:\\\\Users\\\\NEW USER\\\\Desktop\\\\download (2)\\\\dataconnect\": could not find dataconnect.yaml in `c:\\Users\\NEW USER\\Desktop\\download (2)\\dataconnect`\n"}}
[debug] [2026-06-09T17:13:24.392Z] E0609 18:13:24.391919   25512 watch.go:40] Failed to load config from "c:\\Users\\NEW USER\\Desktop\\download (2)\\dataconnect": could not find dataconnect.yaml in `c:\Users\NEW USER\Desktop\download (2)\dataconnect`
 {"metadata":{"emulator":{"name":"dataconnect"},"message":"E0609 18:13:24.391919   25512 watch.go:40] Failed to load config from \"c:\\\\Users\\\\NEW USER\\\\Desktop\\\\download (2)\\\\dataconnect\": could not find dataconnect.yaml in `c:\\Users\\NEW USER\\Desktop\\download (2)\\dataconnect`\n"}}
[debug] [2026-06-09T17:13:34.392Z] E0609 18:13:34.391902   25512 watch.go:40] Failed to load config from "c:\\Users\\NEW USER\\Desktop\\download (2)\\dataconnect": could not find dataconnect.yaml in `c:\Users\NEW USER\Desktop\download (2)\dataconnect`
 {"metadata":{"emulator":{"name":"dataconnect"},"message":"E0609 18:13:34.391902   25512 watch.go:40] Failed to load config from \"c:\\\\Users\\\\NEW USER\\\\Desktop\\\\download (2)\\\\dataconnect\": could not find dataconnect.yaml in `c:\\Users\\NEW USER\\Desktop\\download (2)\\dataconnect`\n"}}
[debug] [2026-06-09T17:13:44.391Z] E0609 18:13:44.391229   25512 watch.go:40] Failed to load config from "c:\\Users\\NEW USER\\Desktop\\download (2)\\dataconnect": could not find dataconnect.yaml in `c:\Users\NEW USER\Desktop\download (2)\dataconnect`
 {"metadata":{"emulator":{"name":"dataconnect"},"message":"E0609 18:13:44.391229   25512 watch.go:40] Failed to load config from \"c:\\\\Users\\\\NEW USER\\\\Desktop\\\\download (2)\\\\dataconnect\": could not find dataconnect.yaml in `c:\\Users\\NEW USER\\Desktop\\download (2)\\dataconnect`\n"}}
[debug] [2026-06-09T17:13:54.391Z] E0609 18:13:54.391435   25512 watch.go:116] watchAllDir unable to walk dir `c:\Users\NEW USER\Desktop\download (2)\dataconnect`: GetFileAttributesEx c:\Users\NEW USER\Desktop\download (2)\dataconnect: The system cannot find the file specified.
 {"metadata":{"emulator":{"name":"dataconnect"},"message":"E0609 18:13:54.391435   25512 watch.go:116] watchAllDir unable to walk dir `c:\\Users\\NEW USER\\Desktop\\download (2)\\dataconnect`: GetFileAttributesEx c:\\Users\\NEW USER\\Desktop\\download (2)\\dataconnect: The system cannot find the file specified.\n"}}
[debug] [2026-06-09T17:13:54.393Z] E0609 18:13:54.392050   25512 watch.go:40] Failed to load config from "c:\\Users\\NEW USER\\Desktop\\download (2)\\dataconnect": could not find dataconnect.yaml in `c:\Users\NEW USER\Desktop\download (2)\dataconnect`
 {"metadata":{"emulator":{"name":"dataconnect"},"message":"E0609 18:13:54.392050   25512 watch.go:40] Failed to load config from \"c:\\\\Users\\\\NEW USER\\\\Desktop\\\\download (2)\\\\dataconnect\": could not find dataconnect.yaml in `c:\\Users\\NEW USER\\Desktop\\download (2)\\dataconnect`\n"}}
[debug] [2026-06-09T17:14:04.391Z] E0609 18:14:04.391538   25512 watch.go:40] Failed to load config from "c:\\Users\\NEW USER\\Desktop\\download (2)\\dataconnect": could not find dataconnect.yaml in `c:\Users\NEW USER\Desktop\download (2)\dataconnect`
 {"metadata":{"emulator":{"name":"dataconnect"},"message":"E0609 18:14:04.391538   25512 watch.go:40] Failed to load config from \"c:\\\\Users\\\\NEW USER\\\\Desktop\\\\download (2)\\\\dataconnect\": could not find dataconnect.yaml in `c:\\Users\\NEW USER\\Desktop\\download (2)\\dataconnect`\n"}}
[debug] [2026-06-09T17:14:14.392Z] E0609 18:14:14.392178   25512 watch.go:40] Failed to load config from "c:\\Users\\NEW USER\\Desktop\\download (2)\\dataconnect": could not find dataconnect.yaml in `c:\Users\NEW USER\Desktop\download (2)\dataconnect`
 {"metadata":{"emulator":{"name":"dataconnect"},"message":"E0609 18:14:14.392178   25512 watch.go:40] Failed to load config from \"c:\\\\Users\\\\NEW USER\\\\Desktop\\\\download (2)\\\\dataconnect\": could not find dataconnect.yaml in `c:\\Users\\NEW USER\\Desktop\\download (2)\\dataconnect`\n"}}
[debug] [2026-06-09T17:14:24.392Z] E0609 18:14:24.391808   25512 watch.go:40] Failed to load config from "c:\\Users\\NEW USER\\Desktop\\download (2)\\dataconnect": could not find dataconnect.yaml in `c:\Users\NEW USER\Desktop\download (2)\dataconnect`
 {"metadata":{"emulator":{"name":"dataconnect"},"message":"E0609 18:14:24.391808   25512 watch.go:40] Failed to load config from \"c:\\\\Users\\\\NEW USER\\\\Desktop\\\\download (2)\\\\dataconnect\": could not find dataconnect.yaml in `c:\\Users\\NEW USER\\Desktop\\download (2)\\dataconnect`\n"}}
[debug] [2026-06-09T17:14:34.391Z] E0609 18:14:34.391844   25512 watch.go:40] Failed to load config from "c:\\Users\\NEW USER\\Desktop\\download (2)\\dataconnect": could not find dataconnect.yaml in `c:\Users\NEW USER\Desktop\download (2)\dataconnect`
 {"metadata":{"emulator":{"name":"dataconnect"},"message":"E0609 18:14:34.391844   25512 watch.go:40] Failed to load config from \"c:\\\\Users\\\\NEW USER\\\\Desktop\\\\download (2)\\\\dataconnect\": could not find dataconnect.yaml in `c:\\Users\\NEW USER\\Desktop\\download (2)\\dataconnect`\n"}}
[debug] [2026-06-09T17:14:44.391Z] E0609 18:14:44.391852   25512 watch.go:40] Failed to load config from "c:\\Users\\NEW USER\\Desktop\\download (2)\\dataconnect": could not find dataconnect.yaml in `c:\Users\NEW USER\Desktop\download (2)\dataconnect`
 {"metadata":{"emulator":{"name":"dataconnect"},"message":"E0609 18:14:44.391852   25512 watch.go:40] Failed to load config from \"c:\\\\Users\\\\NEW USER\\\\Desktop\\\\download (2)\\\\dataconnect\": could not find dataconnect.yaml in `c:\\Users\\NEW USER\\Desktop\\download (2)\\dataconnect`\n"}}
[debug] [2026-06-09T17:14:54.392Z] E0609 18:14:54.392023   25512 watch.go:116] watchAllDir unable to walk dir `c:\Users\NEW USER\Desktop\download (2)\dataconnect`: GetFileAttributesEx c:\Users\NEW USER\Desktop\download (2)\dataconnect: The system cannot find the file specified.
 {"metadata":{"emulator":{"name":"dataconnect"},"message":"E0609 18:14:54.392023   25512 watch.go:116] watchAllDir unable to walk dir `c:\\Users\\NEW USER\\Desktop\\download (2)\\dataconnect`: GetFileAttributesEx c:\\Users\\NEW USER\\Desktop\\download (2)\\dataconnect: The system cannot find the file specified.\n"}}
[debug] [2026-06-09T17:14:54.394Z] E0609 18:14:54.392668   25512 watch.go:40] Failed to load config from "c:\\Users\\NEW USER\\Desktop\\download (2)\\dataconnect": could not find dataconnect.yaml in `c:\Users\NEW USER\Desktop\download (2)\dataconnect`
 {"metadata":{"emulator":{"name":"dataconnect"},"message":"E0609 18:14:54.392668   25512 watch.go:40] Failed to load config from \"c:\\\\Users\\\\NEW USER\\\\Desktop\\\\download (2)\\\\dataconnect\": could not find dataconnect.yaml in `c:\\Users\\NEW USER\\Desktop\\download (2)\\dataconnect`\n"}}
[debug] [2026-06-09T17:15:04.391Z] E0609 18:15:04.391106   25512 watch.go:40] Failed to load config from "c:\\Users\\NEW USER\\Desktop\\download (2)\\dataconnect": could not find dataconnect.yaml in `c:\Users\NEW USER\Desktop\download (2)\dataconnect`
 {"metadata":{"emulator":{"name":"dataconnect"},"message":"E0609 18:15:04.391106   25512 watch.go:40] Failed to load config from \"c:\\\\Users\\\\NEW USER\\\\Desktop\\\\download (2)\\\\dataconnect\": could not find dataconnect.yaml in `c:\\Users\\NEW USER\\Desktop\\download (2)\\dataconnect`\n"}}
[debug] [2026-06-09T17:15:14.392Z] E0609 18:15:14.391678   25512 watch.go:40] Failed to load config from "c:\\Users\\NEW USER\\Desktop\\download (2)\\dataconnect": could not find dataconnect.yaml in `c:\Users\NEW USER\Desktop\download (2)\dataconnect`
 {"metadata":{"emulator":{"name":"dataconnect"},"message":"E0609 18:15:14.391678   25512 watch.go:40] Failed to load config from \"c:\\\\Users\\\\NEW USER\\\\Desktop\\\\download (2)\\\\dataconnect\": could not find dataconnect.yaml in `c:\\Users\\NEW USER\\Desktop\\download (2)\\dataconnect`\n"}}
[debug] [2026-06-09T17:15:24.391Z] E0609 18:15:24.391472   25512 watch.go:40] Failed to load config from "c:\\Users\\NEW USER\\Desktop\\download (2)\\dataconnect": could not find dataconnect.yaml in `c:\Users\NEW USER\Desktop\download (2)\dataconnect`
 {"metadata":{"emulator":{"name":"dataconnect"},"message":"E0609 18:15:24.391472   25512 watch.go:40] Failed to load config from \"c:\\\\Users\\\\NEW USER\\\\Desktop\\\\download (2)\\\\dataconnect\": could not find dataconnect.yaml in `c:\\Users\\NEW USER\\Desktop\\download (2)\\dataconnect`\n"}}
[debug] [2026-06-09T17:15:34.391Z] E0609 18:15:34.391446   25512 watch.go:40] Failed to load config from "c:\\Users\\NEW USER\\Desktop\\download (2)\\dataconnect": could not find dataconnect.yaml in `c:\Users\NEW USER\Desktop\download (2)\dataconnect`
 {"metadata":{"emulator":{"name":"dataconnect"},"message":"E0609 18:15:34.391446   25512 watch.go:40] Failed to load config from \"c:\\\\Users\\\\NEW USER\\\\Desktop\\\\download (2)\\\\dataconnect\": could not find dataconnect.yaml in `c:\\Users\\NEW USER\\Desktop\\download (2)\\dataconnect`\n"}}
[debug] [2026-06-09T17:15:44.392Z] E0609 18:15:44.392095   25512 watch.go:40] Failed to load config from "c:\\Users\\NEW USER\\Desktop\\download (2)\\dataconnect": could not find dataconnect.yaml in `c:\Users\NEW USER\Desktop\download (2)\dataconnect`
 {"metadata":{"emulator":{"name":"dataconnect"},"message":"E0609 18:15:44.392095   25512 watch.go:40] Failed to load config from \"c:\\\\Users\\\\NEW USER\\\\Desktop\\\\download (2)\\\\dataconnect\": could not find dataconnect.yaml in `c:\\Users\\NEW USER\\Desktop\\download (2)\\dataconnect`\n"}}
[debug] [2026-06-09T17:15:54.391Z] E0609 18:15:54.391613   25512 watch.go:116] watchAllDir unable to walk dir `c:\Users\NEW USER\Desktop\download (2)\dataconnect`: GetFileAttributesEx c:\Users\NEW USER\Desktop\download (2)\dataconnect: The system cannot find the file specified.
 {"metadata":{"emulator":{"name":"dataconnect"},"message":"E0609 18:15:54.391613   25512 watch.go:116] watchAllDir unable to walk dir `c:\\Users\\NEW USER\\Desktop\\download (2)\\dataconnect`: GetFileAttributesEx c:\\Users\\NEW USER\\Desktop\\download (2)\\dataconnect: The system cannot find the file specified.\n"}}
[debug] [2026-06-09T17:15:54.393Z] E0609 18:15:54.392208   25512 watch.go:40] Failed to load config from "c:\\Users\\NEW USER\\Desktop\\download (2)\\dataconnect": could not find dataconnect.yaml in `c:\Users\NEW USER\Desktop\download (2)\dataconnect`
 {"metadata":{"emulator":{"name":"dataconnect"},"message":"E0609 18:15:54.392208   25512 watch.go:40] Failed to load config from \"c:\\\\Users\\\\NEW USER\\\\Desktop\\\\download (2)\\\\dataconnect\": could not find dataconnect.yaml in `c:\\Users\\NEW USER\\Desktop\\download (2)\\dataconnect`\n"}}
[debug] [2026-06-09T17:16:04.391Z] E0609 18:16:04.391102   25512 watch.go:40] Failed to load config from "c:\\Users\\NEW USER\\Desktop\\download (2)\\dataconnect": could not find dataconnect.yaml in `c:\Users\NEW USER\Desktop\download (2)\dataconnect`
 {"metadata":{"emulator":{"name":"dataconnect"},"message":"E0609 18:16:04.391102   25512 watch.go:40] Failed to load config from \"c:\\\\Users\\\\NEW USER\\\\Desktop\\\\download (2)\\\\dataconnect\": could not find dataconnect.yaml in `c:\\Users\\NEW USER\\Desktop\\download (2)\\dataconnect`\n"}}
[debug] [2026-06-09T17:16:14.391Z] E0609 18:16:14.391394   25512 watch.go:40] Failed to load config from "c:\\Users\\NEW USER\\Desktop\\download (2)\\dataconnect": could not find dataconnect.yaml in `c:\Users\NEW USER\Desktop\download (2)\dataconnect`
 {"metadata":{"emulator":{"name":"dataconnect"},"message":"E0609 18:16:14.391394   25512 watch.go:40] Failed to load config from \"c:\\\\Users\\\\NEW USER\\\\Desktop\\\\download (2)\\\\dataconnect\": could not find dataconnect.yaml in `c:\\Users\\NEW USER\\Desktop\\download (2)\\dataconnect`\n"}}
[debug] [2026-06-09T17:16:24.391Z] E0609 18:16:24.391392   25512 watch.go:40] Failed to load config from "c:\\Users\\NEW USER\\Desktop\\download (2)\\dataconnect": could not find dataconnect.yaml in `c:\Users\NEW USER\Desktop\download (2)\dataconnect`
 {"metadata":{"emulator":{"name":"dataconnect"},"message":"E0609 18:16:24.391392   25512 watch.go:40] Failed to load config from \"c:\\\\Users\\\\NEW USER\\\\Desktop\\\\download (2)\\\\dataconnect\": could not find dataconnect.yaml in `c:\\Users\\NEW USER\\Desktop\\download (2)\\dataconnect`\n"}}
[debug] [2026-06-09T17:16:34.392Z] E0609 18:16:34.392489   25512 watch.go:40] Failed to load config from "c:\\Users\\NEW USER\\Desktop\\download (2)\\dataconnect": could not find dataconnect.yaml in `c:\Users\NEW USER\Desktop\download (2)\dataconnect`
 {"metadata":{"emulator":{"name":"dataconnect"},"message":"E0609 18:16:34.392489   25512 watch.go:40] Failed to load config from \"c:\\\\Users\\\\NEW USER\\\\Desktop\\\\download (2)\\\\dataconnect\": could not find dataconnect.yaml in `c:\\Users\\NEW USER\\Desktop\\download (2)\\dataconnect`\n"}}
[debug] [2026-06-09T17:16:44.393Z] E0609 18:16:44.393541   25512 watch.go:40] Failed to load config from "c:\\Users\\NEW USER\\Desktop\\download (2)\\dataconnect": could not find dataconnect.yaml in `c:\Users\NEW USER\Desktop\download (2)\dataconnect`
 {"metadata":{"emulator":{"name":"dataconnect"},"message":"E0609 18:16:44.393541   25512 watch.go:40] Failed to load config from \"c:\\\\Users\\\\NEW USER\\\\Desktop\\\\download (2)\\\\dataconnect\": could not find dataconnect.yaml in `c:\\Users\\NEW USER\\Desktop\\download (2)\\dataconnect`\n"}}
[debug] [2026-06-09T17:16:54.390Z] E0609 18:16:54.391123   25512 watch.go:116] watchAllDir unable to walk dir `c:\Users\NEW USER\Desktop\download (2)\dataconnect`: GetFileAttributesEx c:\Users\NEW USER\Desktop\download (2)\dataconnect: The system cannot find the file specified.
 {"metadata":{"emulator":{"name":"dataconnect"},"message":"E0609 18:16:54.391123   25512 watch.go:116] watchAllDir unable to walk dir `c:\\Users\\NEW USER\\Desktop\\download (2)\\dataconnect`: GetFileAttributesEx c:\\Users\\NEW USER\\Desktop\\download (2)\\dataconnect: The system cannot find the file specified.\n"}}
[debug] [2026-06-09T17:16:54.393Z] E0609 18:16:54.391795   25512 watch.go:40] Failed to load config from "c:\\Users\\NEW USER\\Desktop\\download (2)\\dataconnect": could not find dataconnect.yaml in `c:\Users\NEW USER\Desktop\download (2)\dataconnect`
 {"metadata":{"emulator":{"name":"dataconnect"},"message":"E0609 18:16:54.391795   25512 watch.go:40] Failed to load config from \"c:\\\\Users\\\\NEW USER\\\\Desktop\\\\download (2)\\\\dataconnect\": could not find dataconnect.yaml in `c:\\Users\\NEW USER\\Desktop\\download (2)\\dataconnect`\n"}}
[debug] [2026-06-09T17:17:04.399Z] E0609 18:17:04.399616   25512 watch.go:40] Failed to load config from "c:\\Users\\NEW USER\\Desktop\\download (2)\\dataconnect": could not find dataconnect.yaml in `c:\Users\NEW USER\Desktop\download (2)\dataconnect`
 {"metadata":{"emulator":{"name":"dataconnect"},"message":"E0609 18:17:04.399616   25512 watch.go:40] Failed to load config from \"c:\\\\Users\\\\NEW USER\\\\Desktop\\\\download (2)\\\\dataconnect\": could not find dataconnect.yaml in `c:\\Users\\NEW USER\\Desktop\\download (2)\\dataconnect`\n"}}
[debug] [2026-06-09T17:17:14.392Z] E0609 18:17:14.391583   25512 watch.go:40] Failed to load config from "c:\\Users\\NEW USER\\Desktop\\download (2)\\dataconnect": could not find dataconnect.yaml in `c:\Users\NEW USER\Desktop\download (2)\dataconnect`
 {"metadata":{"emulator":{"name":"dataconnect"},"message":"E0609 18:17:14.391583   25512 watch.go:40] Failed to load config from \"c:\\\\Users\\\\NEW USER\\\\Desktop\\\\download (2)\\\\dataconnect\": could not find dataconnect.yaml in `c:\\Users\\NEW USER\\Desktop\\download (2)\\dataconnect`\n"}}
[debug] [2026-06-09T17:17:24.391Z] E0609 18:17:24.391042   25512 watch.go:40] Failed to load config from "c:\\Users\\NEW USER\\Desktop\\download (2)\\dataconnect": could not find dataconnect.yaml in `c:\Users\NEW USER\Desktop\download (2)\dataconnect`
 {"metadata":{"emulator":{"name":"dataconnect"},"message":"E0609 18:17:24.391042   25512 watch.go:40] Failed to load config from \"c:\\\\Users\\\\NEW USER\\\\Desktop\\\\download (2)\\\\dataconnect\": could not find dataconnect.yaml in `c:\\Users\\NEW USER\\Desktop\\download (2)\\dataconnect`\n"}}
[debug] [2026-06-09T17:17:34.392Z] E0609 18:17:34.391656   25512 watch.go:40] Failed to load config from "c:\\Users\\NEW USER\\Desktop\\download (2)\\dataconnect": could not find dataconnect.yaml in `c:\Users\NEW USER\Desktop\download (2)\dataconnect`
 {"metadata":{"emulator":{"name":"dataconnect"},"message":"E0609 18:17:34.391656   25512 watch.go:40] Failed to load config from \"c:\\\\Users\\\\NEW USER\\\\Desktop\\\\download (2)\\\\dataconnect\": could not find dataconnect.yaml in `c:\\Users\\NEW USER\\Desktop\\download (2)\\dataconnect`\n"}}
[debug] [2026-06-09T17:17:44.391Z] E0609 18:17:44.390428   25512 watch.go:40] Failed to load config from "c:\\Users\\NEW USER\\Desktop\\download (2)\\dataconnect": could not find dataconnect.yaml in `c:\Users\NEW USER\Desktop\download (2)\dataconnect`
 {"metadata":{"emulator":{"name":"dataconnect"},"message":"E0609 18:17:44.390428   25512 watch.go:40] Failed to load config from \"c:\\\\Users\\\\NEW USER\\\\Desktop\\\\download (2)\\\\dataconnect\": could not find dataconnect.yaml in `c:\\Users\\NEW USER\\Desktop\\download (2)\\dataconnect`\n"}}
[debug] [2026-06-09T17:17:54.390Z] E0609 18:17:54.390284   25512 watch.go:116] watchAllDir unable to walk dir `c:\Users\NEW USER\Desktop\download (2)\dataconnect`: GetFileAttributesEx c:\Users\NEW USER\Desktop\download (2)\dataconnect: The system cannot find the file specified.
E0609 18:17:54.390284   25512 watch.go:40] Failed to load config from "c:\\Users\\NEW USER\\Desktop\\download (2)\\dataconnect": could not find dataconnect.yaml in `c:\Users\NEW USER\Desktop\download (2)\dataconnect`
 {"metadata":{"emulator":{"name":"dataconnect"},"message":"E0609 18:17:54.390284   25512 watch.go:116] watchAllDir unable to walk dir `c:\\Users\\NEW USER\\Desktop\\download (2)\\dataconnect`: GetFileAttributesEx c:\\Users\\NEW USER\\Desktop\\download (2)\\dataconnect: The system cannot find the file specified.\nE0609 18:17:54.390284   25512 watch.go:40] Failed to load config from \"c:\\\\Users\\\\NEW USER\\\\Desktop\\\\download (2)\\\\dataconnect\": could not find dataconnect.yaml in `c:\\Users\\NEW USER\\Desktop\\download (2)\\dataconnect`\n"}}
[debug] [2026-06-09T17:18:04.391Z] E0609 18:18:04.390538   25512 watch.go:40] Failed to load config from "c:\\Users\\NEW USER\\Desktop\\download (2)\\dataconnect": could not find dataconnect.yaml in `c:\Users\NEW USER\Desktop\download (2)\dataconnect`
 {"metadata":{"emulator":{"name":"dataconnect"},"message":"E0609 18:18:04.390538   25512 watch.go:40] Failed to load config from \"c:\\\\Users\\\\NEW USER\\\\Desktop\\\\download (2)\\\\dataconnect\": could not find dataconnect.yaml in `c:\\Users\\NEW USER\\Desktop\\download (2)\\dataconnect`\n"}}
[debug] [2026-06-09T17:18:14.391Z] E0609 18:18:14.390910   25512 watch.go:40] Failed to load config from "c:\\Users\\NEW USER\\Desktop\\download (2)\\dataconnect": could not find dataconnect.yaml in `c:\Users\NEW USER\Desktop\download (2)\dataconnect`
 {"metadata":{"emulator":{"name":"dataconnect"},"message":"E0609 18:18:14.390910   25512 watch.go:40] Failed to load config from \"c:\\\\Users\\\\NEW USER\\\\Desktop\\\\download (2)\\\\dataconnect\": could not find dataconnect.yaml in `c:\\Users\\NEW USER\\Desktop\\download (2)\\dataconnect`\n"}}
[debug] [2026-06-09T17:18:24.392Z] E0609 18:18:24.392328   25512 watch.go:40] Failed to load config from "c:\\Users\\NEW USER\\Desktop\\download (2)\\dataconnect": could not find dataconnect.yaml in `c:\Users\NEW USER\Desktop\download (2)\dataconnect`
 {"metadata":{"emulator":{"name":"dataconnect"},"message":"E0609 18:18:24.392328   25512 watch.go:40] Failed to load config from \"c:\\\\Users\\\\NEW USER\\\\Desktop\\\\download (2)\\\\dataconnect\": could not find dataconnect.yaml in `c:\\Users\\NEW USER\\Desktop\\download (2)\\dataconnect`\n"}}
[debug] [2026-06-09T17:18:34.390Z] E0609 18:18:34.390680   25512 watch.go:40] Failed to load config from "c:\\Users\\NEW USER\\Desktop\\download (2)\\dataconnect": could not find dataconnect.yaml in `c:\Users\NEW USER\Desktop\download (2)\dataconnect`
 {"metadata":{"emulator":{"name":"dataconnect"},"message":"E0609 18:18:34.390680   25512 watch.go:40] Failed to load config from \"c:\\\\Users\\\\NEW USER\\\\Desktop\\\\download (2)\\\\dataconnect\": could not find dataconnect.yaml in `c:\\Users\\NEW USER\\Desktop\\download (2)\\dataconnect`\n"}}
[debug] [2026-06-09T17:18:44.390Z] E0609 18:18:44.390495   25512 watch.go:40] Failed to load config from "c:\\Users\\NEW USER\\Desktop\\download (2)\\dataconnect": could not find dataconnect.yaml in `c:\Users\NEW USER\Desktop\download (2)\dataconnect`
 {"metadata":{"emulator":{"name":"dataconnect"},"message":"E0609 18:18:44.390495   25512 watch.go:40] Failed to load config from \"c:\\\\Users\\\\NEW USER\\\\Desktop\\\\download (2)\\\\dataconnect\": could not find dataconnect.yaml in `c:\\Users\\NEW USER\\Desktop\\download (2)\\dataconnect`\n"}}
[debug] [2026-06-09T17:18:54.391Z] E0609 18:18:54.390887   25512 watch.go:116] watchAllDir unable to walk dir `c:\Users\NEW USER\Desktop\download (2)\dataconnect`: GetFileAttributesEx c:\Users\NEW USER\Desktop\download (2)\dataconnect: The system cannot find the file specified.
E0609 18:18:54.391569   25512 watch.go:40] Failed to load config from "c:\\Users\\NEW USER\\Desktop\\download (2)\\dataconnect": could not find dataconnect.yaml in `c:\Users\NEW USER\Desktop\download (2)\dataconnect`
 {"metadata":{"emulator":{"name":"dataconnect"},"message":"E0609 18:18:54.390887   25512 watch.go:116] watchAllDir unable to walk dir `c:\\Users\\NEW USER\\Desktop\\download (2)\\dataconnect`: GetFileAttributesEx c:\\Users\\NEW USER\\Desktop\\download (2)\\dataconnect: The system cannot find the file specified.\nE0609 18:18:54.391569   25512 watch.go:40] Failed to load config from \"c:\\\\Users\\\\NEW USER\\\\Desktop\\\\download (2)\\\\dataconnect\": could not find dataconnect.yaml in `c:\\Users\\NEW USER\\Desktop\\download (2)\\dataconnect`\n"}}
[debug] [2026-06-09T17:19:04.391Z] E0609 18:19:04.391171   25512 watch.go:40] Failed to load config from "c:\\Users\\NEW USER\\Desktop\\download (2)\\dataconnect": could not find dataconnect.yaml in `c:\Users\NEW USER\Desktop\download (2)\dataconnect`
 {"metadata":{"emulator":{"name":"dataconnect"},"message":"E0609 18:19:04.391171   25512 watch.go:40] Failed to load config from \"c:\\\\Users\\\\NEW USER\\\\Desktop\\\\download (2)\\\\dataconnect\": could not find dataconnect.yaml in `c:\\Users\\NEW USER\\Desktop\\download (2)\\dataconnect`\n"}}
[debug] [2026-06-09T17:19:14.391Z] E0609 18:19:14.391309   25512 watch.go:40] Failed to load config from "c:\\Users\\NEW USER\\Desktop\\download (2)\\dataconnect": could not find dataconnect.yaml in `c:\Users\NEW USER\Desktop\download (2)\dataconnect`
 {"metadata":{"emulator":{"name":"dataconnect"},"message":"E0609 18:19:14.391309   25512 watch.go:40] Failed to load config from \"c:\\\\Users\\\\NEW USER\\\\Desktop\\\\download (2)\\\\dataconnect\": could not find dataconnect.yaml in `c:\\Users\\NEW USER\\Desktop\\download (2)\\dataconnect`\n"}}
[debug] [2026-06-09T17:19:24.393Z] E0609 18:19:24.391988   25512 watch.go:40] Failed to load config from "c:\\Users\\NEW USER\\Desktop\\download (2)\\dataconnect": could not find dataconnect.yaml in `c:\Users\NEW USER\Desktop\download (2)\dataconnect`
 {"metadata":{"emulator":{"name":"dataconnect"},"message":"E0609 18:19:24.391988   25512 watch.go:40] Failed to load config from \"c:\\\\Users\\\\NEW USER\\\\Desktop\\\\download (2)\\\\dataconnect\": could not find dataconnect.yaml in `c:\\Users\\NEW USER\\Desktop\\download (2)\\dataconnect`\n"}}
[debug] [2026-06-09T17:19:34.391Z] E0609 18:19:34.391414   25512 watch.go:40] Failed to load config from "c:\\Users\\NEW USER\\Desktop\\download (2)\\dataconnect": could not find dataconnect.yaml in `c:\Users\NEW USER\Desktop\download (2)\dataconnect`
 {"metadata":{"emulator":{"name":"dataconnect"},"message":"E0609 18:19:34.391414   25512 watch.go:40] Failed to load config from \"c:\\\\Users\\\\NEW USER\\\\Desktop\\\\download (2)\\\\dataconnect\": could not find dataconnect.yaml in `c:\\Users\\NEW USER\\Desktop\\download (2)\\dataconnect`\n"}}
[debug] [2026-06-09T17:19:44.392Z] E0609 18:19:44.392108   25512 watch.go:40] Failed to load config from "c:\\Users\\NEW USER\\Desktop\\download (2)\\dataconnect": could not find dataconnect.yaml in `c:\Users\NEW USER\Desktop\download (2)\dataconnect`
 {"metadata":{"emulator":{"name":"dataconnect"},"message":"E0609 18:19:44.392108   25512 watch.go:40] Failed to load config from \"c:\\\\Users\\\\NEW USER\\\\Desktop\\\\download (2)\\\\dataconnect\": could not find dataconnect.yaml in `c:\\Users\\NEW USER\\Desktop\\download (2)\\dataconnect`\n"}}
[debug] [2026-06-09T17:19:54.391Z] E0609 18:19:54.391252   25512 watch.go:116] watchAllDir unable to walk dir `c:\Users\NEW USER\Desktop\download (2)\dataconnect`: GetFileAttributesEx c:\Users\NEW USER\Desktop\download (2)\dataconnect: The system cannot find the file specified.
 {"metadata":{"emulator":{"name":"dataconnect"},"message":"E0609 18:19:54.391252   25512 watch.go:116] watchAllDir unable to walk dir `c:\\Users\\NEW USER\\Desktop\\download (2)\\dataconnect`: GetFileAttributesEx c:\\Users\\NEW USER\\Desktop\\download (2)\\dataconnect: The system cannot find the file specified.\n"}}
[debug] [2026-06-09T17:19:54.392Z] E0609 18:19:54.391252   25512 watch.go:40] Failed to load config from "c:\\Users\\NEW USER\\Desktop\\download (2)\\dataconnect": could not find dataconnect.yaml in `c:\Users\NEW USER\Desktop\download (2)\dataconnect`
 {"metadata":{"emulator":{"name":"dataconnect"},"message":"E0609 18:19:54.391252   25512 watch.go:40] Failed to load config from \"c:\\\\Users\\\\NEW USER\\\\Desktop\\\\download (2)\\\\dataconnect\": could not find dataconnect.yaml in `c:\\Users\\NEW USER\\Desktop\\download (2)\\dataconnect`\n"}}
[debug] [2026-06-09T17:20:04.391Z] E0609 18:20:04.391288   25512 watch.go:40] Failed to load config from "c:\\Users\\NEW USER\\Desktop\\download (2)\\dataconnect": could not find dataconnect.yaml in `c:\Users\NEW USER\Desktop\download (2)\dataconnect`
 {"metadata":{"emulator":{"name":"dataconnect"},"message":"E0609 18:20:04.391288   25512 watch.go:40] Failed to load config from \"c:\\\\Users\\\\NEW USER\\\\Desktop\\\\download (2)\\\\dataconnect\": could not find dataconnect.yaml in `c:\\Users\\NEW USER\\Desktop\\download (2)\\dataconnect`\n"}}
[debug] [2026-06-09T17:20:14.392Z] E0609 18:20:14.391689   25512 watch.go:40] Failed to load config from "c:\\Users\\NEW USER\\Desktop\\download (2)\\dataconnect": could not find dataconnect.yaml in `c:\Users\NEW USER\Desktop\download (2)\dataconnect`
 {"metadata":{"emulator":{"name":"dataconnect"},"message":"E0609 18:20:14.391689   25512 watch.go:40] Failed to load config from \"c:\\\\Users\\\\NEW USER\\\\Desktop\\\\download (2)\\\\dataconnect\": could not find dataconnect.yaml in `c:\\Users\\NEW USER\\Desktop\\download (2)\\dataconnect`\n"}}
[debug] [2026-06-09T17:20:24.392Z] E0609 18:20:24.392083   25512 watch.go:40] Failed to load config from "c:\\Users\\NEW USER\\Desktop\\download (2)\\dataconnect": could not find dataconnect.yaml in `c:\Users\NEW USER\Desktop\download (2)\dataconnect`
 {"metadata":{"emulator":{"name":"dataconnect"},"message":"E0609 18:20:24.392083   25512 watch.go:40] Failed to load config from \"c:\\\\Users\\\\NEW USER\\\\Desktop\\\\download (2)\\\\dataconnect\": could not find dataconnect.yaml in `c:\\Users\\NEW USER\\Desktop\\download (2)\\dataconnect`\n"}}
[debug] [2026-06-09T17:20:34.393Z] E0609 18:20:34.392058   25512 watch.go:40] Failed to load config from "c:\\Users\\NEW USER\\Desktop\\download (2)\\dataconnect": could not find dataconnect.yaml in `c:\Users\NEW USER\Desktop\download (2)\dataconnect`
 {"metadata":{"emulator":{"name":"dataconnect"},"message":"E0609 18:20:34.392058   25512 watch.go:40] Failed to load config from \"c:\\\\Users\\\\NEW USER\\\\Desktop\\\\download (2)\\\\dataconnect\": could not find dataconnect.yaml in `c:\\Users\\NEW USER\\Desktop\\download (2)\\dataconnect`\n"}}
[debug] [2026-06-09T17:20:44.391Z] E0609 18:20:44.390909   25512 watch.go:40] Failed to load config from "c:\\Users\\NEW USER\\Desktop\\download (2)\\dataconnect": could not find dataconnect.yaml in `c:\Users\NEW USER\Desktop\download (2)\dataconnect`
 {"metadata":{"emulator":{"name":"dataconnect"},"message":"E0609 18:20:44.390909   25512 watch.go:40] Failed to load config from \"c:\\\\Users\\\\NEW USER\\\\Desktop\\\\download (2)\\\\dataconnect\": could not find dataconnect.yaml in `c:\\Users\\NEW USER\\Desktop\\download (2)\\dataconnect`\n"}}
[debug] [2026-06-09T17:20:54.391Z] E0609 18:20:54.391319   25512 watch.go:116] watchAllDir unable to walk dir `c:\Users\NEW USER\Desktop\download (2)\dataconnect`: GetFileAttributesEx c:\Users\NEW USER\Desktop\download (2)\dataconnect: The system cannot find the file specified.
 {"metadata":{"emulator":{"name":"dataconnect"},"message":"E0609 18:20:54.391319   25512 watch.go:116] watchAllDir unable to walk dir `c:\\Users\\NEW USER\\Desktop\\download (2)\\dataconnect`: GetFileAttributesEx c:\\Users\\NEW USER\\Desktop\\download (2)\\dataconnect: The system cannot find the file specified.\n"}}
[debug] [2026-06-09T17:20:54.393Z] E0609 18:20:54.391664   25512 watch.go:40] Failed to load config from "c:\\Users\\NEW USER\\Desktop\\download (2)\\dataconnect": could not find dataconnect.yaml in `c:\Users\NEW USER\Desktop\download (2)\dataconnect`
 {"metadata":{"emulator":{"name":"dataconnect"},"message":"E0609 18:20:54.391664   25512 watch.go:40] Failed to load config from \"c:\\\\Users\\\\NEW USER\\\\Desktop\\\\download (2)\\\\dataconnect\": could not find dataconnect.yaml in `c:\\Users\\NEW USER\\Desktop\\download (2)\\dataconnect`\n"}}
[debug] [2026-06-09T17:21:04.392Z] E0609 18:21:04.391200   25512 watch.go:40] Failed to load config from "c:\\Users\\NEW USER\\Desktop\\download (2)\\dataconnect": could not find dataconnect.yaml in `c:\Users\NEW USER\Desktop\download (2)\dataconnect`
 {"metadata":{"emulator":{"name":"dataconnect"},"message":"E0609 18:21:04.391200   25512 watch.go:40] Failed to load config from \"c:\\\\Users\\\\NEW USER\\\\Desktop\\\\download (2)\\\\dataconnect\": could not find dataconnect.yaml in `c:\\Users\\NEW USER\\Desktop\\download (2)\\dataconnect`\n"}}
[debug] [2026-06-09T17:21:14.395Z] E0609 18:21:14.394168   25512 watch.go:40] Failed to load config from "c:\\Users\\NEW USER\\Desktop\\download (2)\\dataconnect": could not find dataconnect.yaml in `c:\Users\NEW USER\Desktop\download (2)\dataconnect`
 {"metadata":{"emulator":{"name":"dataconnect"},"message":"E0609 18:21:14.394168   25512 watch.go:40] Failed to load config from \"c:\\\\Users\\\\NEW USER\\\\Desktop\\\\download (2)\\\\dataconnect\": could not find dataconnect.yaml in `c:\\Users\\NEW USER\\Desktop\\download (2)\\dataconnect`\n"}}
[debug] [2026-06-09T17:21:24.391Z] E0609 18:21:24.391319   25512 watch.go:40] Failed to load config from "c:\\Users\\NEW USER\\Desktop\\download (2)\\dataconnect": could not find dataconnect.yaml in `c:\Users\NEW USER\Desktop\download (2)\dataconnect`
 {"metadata":{"emulator":{"name":"dataconnect"},"message":"E0609 18:21:24.391319   25512 watch.go:40] Failed to load config from \"c:\\\\Users\\\\NEW USER\\\\Desktop\\\\download (2)\\\\dataconnect\": could not find dataconnect.yaml in `c:\\Users\\NEW USER\\Desktop\\download (2)\\dataconnect`\n"}}
[debug] [2026-06-09T17:21:34.392Z] E0609 18:21:34.391651   25512 watch.go:40] Failed to load config from "c:\\Users\\NEW USER\\Desktop\\download (2)\\dataconnect": could not find dataconnect.yaml in `c:\Users\NEW USER\Desktop\download (2)\dataconnect`
 {"metadata":{"emulator":{"name":"dataconnect"},"message":"E0609 18:21:34.391651   25512 watch.go:40] Failed to load config from \"c:\\\\Users\\\\NEW USER\\\\Desktop\\\\download (2)\\\\dataconnect\": could not find dataconnect.yaml in `c:\\Users\\NEW USER\\Desktop\\download (2)\\dataconnect`\n"}}
[debug] [2026-06-09T17:21:44.392Z] E0609 18:21:44.392028   25512 watch.go:40] Failed to load config from "c:\\Users\\NEW USER\\Desktop\\download (2)\\dataconnect": could not find dataconnect.yaml in `c:\Users\NEW USER\Desktop\download (2)\dataconnect`
 {"metadata":{"emulator":{"name":"dataconnect"},"message":"E0609 18:21:44.392028   25512 watch.go:40] Failed to load config from \"c:\\\\Users\\\\NEW USER\\\\Desktop\\\\download (2)\\\\dataconnect\": could not find dataconnect.yaml in `c:\\Users\\NEW USER\\Desktop\\download (2)\\dataconnect`\n"}}
[debug] [2026-06-09T17:21:54.392Z] E0609 18:21:54.391668   25512 watch.go:116] watchAllDir unable to walk dir `c:\Users\NEW USER\Desktop\download (2)\dataconnect`: GetFileAttributesEx c:\Users\NEW USER\Desktop\download (2)\dataconnect: The system cannot find the file specified.
 {"metadata":{"emulator":{"name":"dataconnect"},"message":"E0609 18:21:54.391668   25512 watch.go:116] watchAllDir unable to walk dir `c:\\Users\\NEW USER\\Desktop\\download (2)\\dataconnect`: GetFileAttributesEx c:\\Users\\NEW USER\\Desktop\\download (2)\\dataconnect: The system cannot find the file specified.\n"}}
[debug] [2026-06-09T17:21:54.395Z] E0609 18:21:54.392303   25512 watch.go:40] Failed to load config from "c:\\Users\\NEW USER\\Desktop\\download (2)\\dataconnect": could not find dataconnect.yaml in `c:\Users\NEW USER\Desktop\download (2)\dataconnect`
 {"metadata":{"emulator":{"name":"dataconnect"},"message":"E0609 18:21:54.392303   25512 watch.go:40] Failed to load config from \"c:\\\\Users\\\\NEW USER\\\\Desktop\\\\download (2)\\\\dataconnect\": could not find dataconnect.yaml in `c:\\Users\\NEW USER\\Desktop\\download (2)\\dataconnect`\n"}}
[debug] [2026-06-09T17:22:04.391Z] E0609 18:22:04.391306   25512 watch.go:40] Failed to load config from "c:\\Users\\NEW USER\\Desktop\\download (2)\\dataconnect": could not find dataconnect.yaml in `c:\Users\NEW USER\Desktop\download (2)\dataconnect`
 {"metadata":{"emulator":{"name":"dataconnect"},"message":"E0609 18:22:04.391306   25512 watch.go:40] Failed to load config from \"c:\\\\Users\\\\NEW USER\\\\Desktop\\\\download (2)\\\\dataconnect\": could not find dataconnect.yaml in `c:\\Users\\NEW USER\\Desktop\\download (2)\\dataconnect`\n"}}
[debug] [2026-06-09T17:22:14.392Z] E0609 18:22:14.391910   25512 watch.go:40] Failed to load config from "c:\\Users\\NEW USER\\Desktop\\download (2)\\dataconnect": could not find dataconnect.yaml in `c:\Users\NEW USER\Desktop\download (2)\dataconnect`
 {"metadata":{"emulator":{"name":"dataconnect"},"message":"E0609 18:22:14.391910   25512 watch.go:40] Failed to load config from \"c:\\\\Users\\\\NEW USER\\\\Desktop\\\\download (2)\\\\dataconnect\": could not find dataconnect.yaml in `c:\\Users\\NEW USER\\Desktop\\download (2)\\dataconnect`\n"}}
[debug] [2026-06-09T17:22:24.391Z] E0609 18:22:24.391032   25512 watch.go:40] Failed to load config from "c:\\Users\\NEW USER\\Desktop\\download (2)\\dataconnect": could not find dataconnect.yaml in `c:\Users\NEW USER\Desktop\download (2)\dataconnect`
 {"metadata":{"emulator":{"name":"dataconnect"},"message":"E0609 18:22:24.391032   25512 watch.go:40] Failed to load config from \"c:\\\\Users\\\\NEW USER\\\\Desktop\\\\download (2)\\\\dataconnect\": could not find dataconnect.yaml in `c:\\Users\\NEW USER\\Desktop\\download (2)\\dataconnect`\n"}}
[debug] [2026-06-09T17:22:34.391Z] E0609 18:22:34.391434   25512 watch.go:40] Failed to load config from "c:\\Users\\NEW USER\\Desktop\\download (2)\\dataconnect": could not find dataconnect.yaml in `c:\Users\NEW USER\Desktop\download (2)\dataconnect`
 {"metadata":{"emulator":{"name":"dataconnect"},"message":"E0609 18:22:34.391434   25512 watch.go:40] Failed to load config from \"c:\\\\Users\\\\NEW USER\\\\Desktop\\\\download (2)\\\\dataconnect\": could not find dataconnect.yaml in `c:\\Users\\NEW USER\\Desktop\\download (2)\\dataconnect`\n"}}
[debug] [2026-06-09T17:22:44.391Z] E0609 18:22:44.391677   25512 watch.go:40] Failed to load config from "c:\\Users\\NEW USER\\Desktop\\download (2)\\dataconnect": could not find dataconnect.yaml in `c:\Users\NEW USER\Desktop\download (2)\dataconnect`
 {"metadata":{"emulator":{"name":"dataconnect"},"message":"E0609 18:22:44.391677   25512 watch.go:40] Failed to load config from \"c:\\\\Users\\\\NEW USER\\\\Desktop\\\\download (2)\\\\dataconnect\": could not find dataconnect.yaml in `c:\\Users\\NEW USER\\Desktop\\download (2)\\dataconnect`\n"}}
[debug] [2026-06-09T17:22:54.391Z] E0609 18:22:54.391268   25512 watch.go:116] watchAllDir unable to walk dir `c:\Users\NEW USER\Desktop\download (2)\dataconnect`: GetFileAttributesEx c:\Users\NEW USER\Desktop\download (2)\dataconnect: The system cannot find the file specified.
 {"metadata":{"emulator":{"name":"dataconnect"},"message":"E0609 18:22:54.391268   25512 watch.go:116] watchAllDir unable to walk dir `c:\\Users\\NEW USER\\Desktop\\download (2)\\dataconnect`: GetFileAttributesEx c:\\Users\\NEW USER\\Desktop\\download (2)\\dataconnect: The system cannot find the file specified.\n"}}
[debug] [2026-06-09T17:22:54.393Z] E0609 18:22:54.391885   25512 watch.go:40] Failed to load config from "c:\\Users\\NEW USER\\Desktop\\download (2)\\dataconnect": could not find dataconnect.yaml in `c:\Users\NEW USER\Desktop\download (2)\dataconnect`
 {"metadata":{"emulator":{"name":"dataconnect"},"message":"E0609 18:22:54.391885   25512 watch.go:40] Failed to load config from \"c:\\\\Users\\\\NEW USER\\\\Desktop\\\\download (2)\\\\dataconnect\": could not find dataconnect.yaml in `c:\\Users\\NEW USER\\Desktop\\download (2)\\dataconnect`\n"}}
[debug] [2026-06-09T17:23:04.390Z] E0609 18:23:04.390707   25512 watch.go:40] Failed to load config from "c:\\Users\\NEW USER\\Desktop\\download (2)\\dataconnect": could not find dataconnect.yaml in `c:\Users\NEW USER\Desktop\download (2)\dataconnect`
 {"metadata":{"emulator":{"name":"dataconnect"},"message":"E0609 18:23:04.390707   25512 watch.go:40] Failed to load config from \"c:\\\\Users\\\\NEW USER\\\\Desktop\\\\download (2)\\\\dataconnect\": could not find dataconnect.yaml in `c:\\Users\\NEW USER\\Desktop\\download (2)\\dataconnect`\n"}}
[debug] [2026-06-09T17:23:14.392Z] E0609 18:23:14.391645   25512 watch.go:40] Failed to load config from "c:\\Users\\NEW USER\\Desktop\\download (2)\\dataconnect": could not find dataconnect.yaml in `c:\Users\NEW USER\Desktop\download (2)\dataconnect`
 {"metadata":{"emulator":{"name":"dataconnect"},"message":"E0609 18:23:14.391645   25512 watch.go:40] Failed to load config from \"c:\\\\Users\\\\NEW USER\\\\Desktop\\\\download (2)\\\\dataconnect\": could not find dataconnect.yaml in `c:\\Users\\NEW USER\\Desktop\\download (2)\\dataconnect`\n"}}
[debug] [2026-06-09T17:23:24.392Z] E0609 18:23:24.392544   25512 watch.go:40] Failed to load config from "c:\\Users\\NEW USER\\Desktop\\download (2)\\dataconnect": could not find dataconnect.yaml in `c:\Users\NEW USER\Desktop\download (2)\dataconnect`
 {"metadata":{"emulator":{"name":"dataconnect"},"message":"E0609 18:23:24.392544   25512 watch.go:40] Failed to load config from \"c:\\\\Users\\\\NEW USER\\\\Desktop\\\\download (2)\\\\dataconnect\": could not find dataconnect.yaml in `c:\\Users\\NEW USER\\Desktop\\download (2)\\dataconnect`\n"}}
[debug] [2026-06-09T17:23:34.391Z] E0609 18:23:34.392260   25512 watch.go:40] Failed to load config from "c:\\Users\\NEW USER\\Desktop\\download (2)\\dataconnect": could not find dataconnect.yaml in `c:\Users\NEW USER\Desktop\download (2)\dataconnect`
 {"metadata":{"emulator":{"name":"dataconnect"},"message":"E0609 18:23:34.392260   25512 watch.go:40] Failed to load config from \"c:\\\\Users\\\\NEW USER\\\\Desktop\\\\download (2)\\\\dataconnect\": could not find dataconnect.yaml in `c:\\Users\\NEW USER\\Desktop\\download (2)\\dataconnect`\n"}}
[debug] [2026-06-09T17:23:44.390Z] E0609 18:23:44.390947   25512 watch.go:40] Failed to load config from "c:\\Users\\NEW USER\\Desktop\\download (2)\\dataconnect": could not find dataconnect.yaml in `c:\Users\NEW USER\Desktop\download (2)\dataconnect`
 {"metadata":{"emulator":{"name":"dataconnect"},"message":"E0609 18:23:44.390947   25512 watch.go:40] Failed to load config from \"c:\\\\Users\\\\NEW USER\\\\Desktop\\\\download (2)\\\\dataconnect\": could not find dataconnect.yaml in `c:\\Users\\NEW USER\\Desktop\\download (2)\\dataconnect`\n"}}
[debug] [2026-06-09T17:23:54.392Z] E0609 18:23:54.391986   25512 watch.go:116] watchAllDir unable to walk dir `c:\Users\NEW USER\Desktop\download (2)\dataconnect`: GetFileAttributesEx c:\Users\NEW USER\Desktop\download (2)\dataconnect: The system cannot find the file specified.
 {"metadata":{"emulator":{"name":"dataconnect"},"message":"E0609 18:23:54.391986   25512 watch.go:116] watchAllDir unable to walk dir `c:\\Users\\NEW USER\\Desktop\\download (2)\\dataconnect`: GetFileAttributesEx c:\\Users\\NEW USER\\Desktop\\download (2)\\dataconnect: The system cannot find the file specified.\n"}}
[debug] [2026-06-09T17:23:54.394Z] E0609 18:23:54.393625   25512 watch.go:40] Failed to load config from "c:\\Users\\NEW USER\\Desktop\\download (2)\\dataconnect": could not find dataconnect.yaml in `c:\Users\NEW USER\Desktop\download (2)\dataconnect`
 {"metadata":{"emulator":{"name":"dataconnect"},"message":"E0609 18:23:54.393625   25512 watch.go:40] Failed to load config from \"c:\\\\Users\\\\NEW USER\\\\Desktop\\\\download (2)\\\\dataconnect\": could not find dataconnect.yaml in `c:\\Users\\NEW USER\\Desktop\\download (2)\\dataconnect`\n"}}
[debug] [2026-06-09T17:24:04.391Z] E0609 18:24:04.391360   25512 watch.go:40] Failed to load config from "c:\\Users\\NEW USER\\Desktop\\download (2)\\dataconnect": could not find dataconnect.yaml in `c:\Users\NEW USER\Desktop\download (2)\dataconnect`
 {"metadata":{"emulator":{"name":"dataconnect"},"message":"E0609 18:24:04.391360   25512 watch.go:40] Failed to load config from \"c:\\\\Users\\\\NEW USER\\\\Desktop\\\\download (2)\\\\dataconnect\": could not find dataconnect.yaml in `c:\\Users\\NEW USER\\Desktop\\download (2)\\dataconnect`\n"}}
[debug] [2026-06-09T17:24:14.392Z] E0609 18:24:14.391876   25512 watch.go:40] Failed to load config from "c:\\Users\\NEW USER\\Desktop\\download (2)\\dataconnect": could not find dataconnect.yaml in `c:\Users\NEW USER\Desktop\download (2)\dataconnect`
 {"metadata":{"emulator":{"name":"dataconnect"},"message":"E0609 18:24:14.391876   25512 watch.go:40] Failed to load config from \"c:\\\\Users\\\\NEW USER\\\\Desktop\\\\download (2)\\\\dataconnect\": could not find dataconnect.yaml in `c:\\Users\\NEW USER\\Desktop\\download (2)\\dataconnect`\n"}}
[debug] [2026-06-09T17:24:24.391Z] E0609 18:24:24.391825   25512 watch.go:40] Failed to load config from "c:\\Users\\NEW USER\\Desktop\\download (2)\\dataconnect": could not find dataconnect.yaml in `c:\Users\NEW USER\Desktop\download (2)\dataconnect`
 {"metadata":{"emulator":{"name":"dataconnect"},"message":"E0609 18:24:24.391825   25512 watch.go:40] Failed to load config from \"c:\\\\Users\\\\NEW USER\\\\Desktop\\\\download (2)\\\\dataconnect\": could not find dataconnect.yaml in `c:\\Users\\NEW USER\\Desktop\\download (2)\\dataconnect`\n"}}
[debug] [2026-06-09T17:24:34.390Z] E0609 18:24:34.390749   25512 watch.go:40] Failed to load config from "c:\\Users\\NEW USER\\Desktop\\download (2)\\dataconnect": could not find dataconnect.yaml in `c:\Users\NEW USER\Desktop\download (2)\dataconnect`
 {"metadata":{"emulator":{"name":"dataconnect"},"message":"E0609 18:24:34.390749   25512 watch.go:40] Failed to load config from \"c:\\\\Users\\\\NEW USER\\\\Desktop\\\\download (2)\\\\dataconnect\": could not find dataconnect.yaml in `c:\\Users\\NEW USER\\Desktop\\download (2)\\dataconnect`\n"}}
[debug] [2026-06-09T17:24:44.389Z] E0609 18:24:44.390371   25512 watch.go:40] Failed to load config from "c:\\Users\\NEW USER\\Desktop\\download (2)\\dataconnect": could not find dataconnect.yaml in `c:\Users\NEW USER\Desktop\download (2)\dataconnect`
 {"metadata":{"emulator":{"name":"dataconnect"},"message":"E0609 18:24:44.390371   25512 watch.go:40] Failed to load config from \"c:\\\\Users\\\\NEW USER\\\\Desktop\\\\download (2)\\\\dataconnect\": could not find dataconnect.yaml in `c:\\Users\\NEW USER\\Desktop\\download (2)\\dataconnect`\n"}}
[debug] [2026-06-09T17:24:54.393Z] E0609 18:24:54.394235   25512 watch.go:116] watchAllDir unable to walk dir `c:\Users\NEW USER\Desktop\download (2)\dataconnect`: GetFileAttributesEx c:\Users\NEW USER\Desktop\download (2)\dataconnect: The system cannot find the file specified.
 {"metadata":{"emulator":{"name":"dataconnect"},"message":"E0609 18:24:54.394235   25512 watch.go:116] watchAllDir unable to walk dir `c:\\Users\\NEW USER\\Desktop\\download (2)\\dataconnect`: GetFileAttributesEx c:\\Users\\NEW USER\\Desktop\\download (2)\\dataconnect: The system cannot find the file specified.\n"}}
[debug] [2026-06-09T17:24:54.397Z] E0609 18:24:54.394748   25512 watch.go:40] Failed to load config from "c:\\Users\\NEW USER\\Desktop\\download (2)\\dataconnect": could not find dataconnect.yaml in `c:\Users\NEW USER\Desktop\download (2)\dataconnect`
 {"metadata":{"emulator":{"name":"dataconnect"},"message":"E0609 18:24:54.394748   25512 watch.go:40] Failed to load config from \"c:\\\\Users\\\\NEW USER\\\\Desktop\\\\download (2)\\\\dataconnect\": could not find dataconnect.yaml in `c:\\Users\\NEW USER\\Desktop\\download (2)\\dataconnect`\n"}}
[debug] [2026-06-09T17:25:04.392Z] E0609 18:25:04.392420   25512 watch.go:40] Failed to load config from "c:\\Users\\NEW USER\\Desktop\\download (2)\\dataconnect": could not find dataconnect.yaml in `c:\Users\NEW USER\Desktop\download (2)\dataconnect`
 {"metadata":{"emulator":{"name":"dataconnect"},"message":"E0609 18:25:04.392420   25512 watch.go:40] Failed to load config from \"c:\\\\Users\\\\NEW USER\\\\Desktop\\\\download (2)\\\\dataconnect\": could not find dataconnect.yaml in `c:\\Users\\NEW USER\\Desktop\\download (2)\\dataconnect`\n"}}
[debug] [2026-06-09T17:25:14.391Z] E0609 18:25:14.391175   25512 watch.go:40] Failed to load config from "c:\\Users\\NEW USER\\Desktop\\download (2)\\dataconnect": could not find dataconnect.yaml in `c:\Users\NEW USER\Desktop\download (2)\dataconnect`
 {"metadata":{"emulator":{"name":"dataconnect"},"message":"E0609 18:25:14.391175   25512 watch.go:40] Failed to load config from \"c:\\\\Users\\\\NEW USER\\\\Desktop\\\\download (2)\\\\dataconnect\": could not find dataconnect.yaml in `c:\\Users\\NEW USER\\Desktop\\download (2)\\dataconnect`\n"}}
[debug] [2026-06-09T17:25:24.392Z] E0609 18:25:24.392424   25512 watch.go:40] Failed to load config from "c:\\Users\\NEW USER\\Desktop\\download (2)\\dataconnect": could not find dataconnect.yaml in `c:\Users\NEW USER\Desktop\download (2)\dataconnect`
 {"metadata":{"emulator":{"name":"dataconnect"},"message":"E0609 18:25:24.392424   25512 watch.go:40] Failed to load config from \"c:\\\\Users\\\\NEW USER\\\\Desktop\\\\download (2)\\\\dataconnect\": could not find dataconnect.yaml in `c:\\Users\\NEW USER\\Desktop\\download (2)\\dataconnect`\n"}}
[debug] [2026-06-09T17:25:34.392Z] E0609 18:25:34.392100   25512 watch.go:40] Failed to load config from "c:\\Users\\NEW USER\\Desktop\\download (2)\\dataconnect": could not find dataconnect.yaml in `c:\Users\NEW USER\Desktop\download (2)\dataconnect`
 {"metadata":{"emulator":{"name":"dataconnect"},"message":"E0609 18:25:34.392100   25512 watch.go:40] Failed to load config from \"c:\\\\Users\\\\NEW USER\\\\Desktop\\\\download (2)\\\\dataconnect\": could not find dataconnect.yaml in `c:\\Users\\NEW USER\\Desktop\\download (2)\\dataconnect`\n"}}
[debug] [2026-06-09T17:25:44.392Z] E0609 18:25:44.392318   25512 watch.go:40] Failed to load config from "c:\\Users\\NEW USER\\Desktop\\download (2)\\dataconnect": could not find dataconnect.yaml in `c:\Users\NEW USER\Desktop\download (2)\dataconnect`
 {"metadata":{"emulator":{"name":"dataconnect"},"message":"E0609 18:25:44.392318   25512 watch.go:40] Failed to load config from \"c:\\\\Users\\\\NEW USER\\\\Desktop\\\\download (2)\\\\dataconnect\": could not find dataconnect.yaml in `c:\\Users\\NEW USER\\Desktop\\download (2)\\dataconnect`\n"}}
[debug] [2026-06-09T17:25:54.391Z] E0609 18:25:54.391197   25512 watch.go:116] watchAllDir unable to walk dir `c:\Users\NEW USER\Desktop\download (2)\dataconnect`: GetFileAttributesEx c:\Users\NEW USER\Desktop\download (2)\dataconnect: The system cannot find the file specified.
 {"metadata":{"emulator":{"name":"dataconnect"},"message":"E0609 18:25:54.391197   25512 watch.go:116] watchAllDir unable to walk dir `c:\\Users\\NEW USER\\Desktop\\download (2)\\dataconnect`: GetFileAttributesEx c:\\Users\\NEW USER\\Desktop\\download (2)\\dataconnect: The system cannot find the file specified.\n"}}
[debug] [2026-06-09T17:25:54.394Z] E0609 18:25:54.392701   25512 watch.go:40] Failed to load config from "c:\\Users\\NEW USER\\Desktop\\download (2)\\dataconnect": could not find dataconnect.yaml in `c:\Users\NEW USER\Desktop\download (2)\dataconnect`
 {"metadata":{"emulator":{"name":"dataconnect"},"message":"E0609 18:25:54.392701   25512 watch.go:40] Failed to load config from \"c:\\\\Users\\\\NEW USER\\\\Desktop\\\\download (2)\\\\dataconnect\": could not find dataconnect.yaml in `c:\\Users\\NEW USER\\Desktop\\download (2)\\dataconnect`\n"}}
[debug] [2026-06-09T17:26:04.394Z] E0609 18:26:04.392842   25512 watch.go:40] Failed to load config from "c:\\Users\\NEW USER\\Desktop\\download (2)\\dataconnect": could not find dataconnect.yaml in `c:\Users\NEW USER\Desktop\download (2)\dataconnect`
 {"metadata":{"emulator":{"name":"dataconnect"},"message":"E0609 18:26:04.392842   25512 watch.go:40] Failed to load config from \"c:\\\\Users\\\\NEW USER\\\\Desktop\\\\download (2)\\\\dataconnect\": could not find dataconnect.yaml in `c:\\Users\\NEW USER\\Desktop\\download (2)\\dataconnect`\n"}}
[debug] [2026-06-09T17:26:14.393Z] E0609 18:26:14.392817   25512 watch.go:40] Failed to load config from "c:\\Users\\NEW USER\\Desktop\\download (2)\\dataconnect": could not find dataconnect.yaml in `c:\Users\NEW USER\Desktop\download (2)\dataconnect`
 {"metadata":{"emulator":{"name":"dataconnect"},"message":"E0609 18:26:14.392817   25512 watch.go:40] Failed to load config from \"c:\\\\Users\\\\NEW USER\\\\Desktop\\\\download (2)\\\\dataconnect\": could not find dataconnect.yaml in `c:\\Users\\NEW USER\\Desktop\\download (2)\\dataconnect`\n"}}
[debug] [2026-06-09T17:26:24.391Z] E0609 18:26:24.390803   25512 watch.go:40] Failed to load config from "c:\\Users\\NEW USER\\Desktop\\download (2)\\dataconnect": could not find dataconnect.yaml in `c:\Users\NEW USER\Desktop\download (2)\dataconnect`
 {"metadata":{"emulator":{"name":"dataconnect"},"message":"E0609 18:26:24.390803   25512 watch.go:40] Failed to load config from \"c:\\\\Users\\\\NEW USER\\\\Desktop\\\\download (2)\\\\dataconnect\": could not find dataconnect.yaml in `c:\\Users\\NEW USER\\Desktop\\download (2)\\dataconnect`\n"}}
[debug] [2026-06-09T17:26:34.392Z] E0609 18:26:34.391532   25512 watch.go:40] Failed to load config from "c:\\Users\\NEW USER\\Desktop\\download (2)\\dataconnect": could not find dataconnect.yaml in `c:\Users\NEW USER\Desktop\download (2)\dataconnect`
 {"metadata":{"emulator":{"name":"dataconnect"},"message":"E0609 18:26:34.391532   25512 watch.go:40] Failed to load config from \"c:\\\\Users\\\\NEW USER\\\\Desktop\\\\download (2)\\\\dataconnect\": could not find dataconnect.yaml in `c:\\Users\\NEW USER\\Desktop\\download (2)\\dataconnect`\n"}}
[debug] [2026-06-09T17:26:44.393Z] E0609 18:26:44.392376   25512 watch.go:40] Failed to load config from "c:\\Users\\NEW USER\\Desktop\\download (2)\\dataconnect": could not find dataconnect.yaml in `c:\Users\NEW USER\Desktop\download (2)\dataconnect`
 {"metadata":{"emulator":{"name":"dataconnect"},"message":"E0609 18:26:44.392376   25512 watch.go:40] Failed to load config from \"c:\\\\Users\\\\NEW USER\\\\Desktop\\\\download (2)\\\\dataconnect\": could not find dataconnect.yaml in `c:\\Users\\NEW USER\\Desktop\\download (2)\\dataconnect`\n"}}
[debug] [2026-06-09T17:26:54.391Z] E0609 18:26:54.391035   25512 watch.go:116] watchAllDir unable to walk dir `c:\Users\NEW USER\Desktop\download (2)\dataconnect`: GetFileAttributesEx c:\Users\NEW USER\Desktop\download (2)\dataconnect: The system cannot find the file specified.
 {"metadata":{"emulator":{"name":"dataconnect"},"message":"E0609 18:26:54.391035   25512 watch.go:116] watchAllDir unable to walk dir `c:\\Users\\NEW USER\\Desktop\\download (2)\\dataconnect`: GetFileAttributesEx c:\\Users\\NEW USER\\Desktop\\download (2)\\dataconnect: The system cannot find the file specified.\n"}}
[debug] [2026-06-09T17:26:54.394Z] E0609 18:26:54.392959   25512 watch.go:40] Failed to load config from "c:\\Users\\NEW USER\\Desktop\\download (2)\\dataconnect": could not find dataconnect.yaml in `c:\Users\NEW USER\Desktop\download (2)\dataconnect`
 {"metadata":{"emulator":{"name":"dataconnect"},"message":"E0609 18:26:54.392959   25512 watch.go:40] Failed to load config from \"c:\\\\Users\\\\NEW USER\\\\Desktop\\\\download (2)\\\\dataconnect\": could not find dataconnect.yaml in `c:\\Users\\NEW USER\\Desktop\\download (2)\\dataconnect`\n"}}
[debug] [2026-06-09T17:27:04.393Z] E0609 18:27:04.392287   25512 watch.go:40] Failed to load config from "c:\\Users\\NEW USER\\Desktop\\download (2)\\dataconnect": could not find dataconnect.yaml in `c:\Users\NEW USER\Desktop\download (2)\dataconnect`
 {"metadata":{"emulator":{"name":"dataconnect"},"message":"E0609 18:27:04.392287   25512 watch.go:40] Failed to load config from \"c:\\\\Users\\\\NEW USER\\\\Desktop\\\\download (2)\\\\dataconnect\": could not find dataconnect.yaml in `c:\\Users\\NEW USER\\Desktop\\download (2)\\dataconnect`\n"}}
[debug] [2026-06-09T17:27:14.393Z] E0609 18:27:14.392443   25512 watch.go:40] Failed to load config from "c:\\Users\\NEW USER\\Desktop\\download (2)\\dataconnect": could not find dataconnect.yaml in `c:\Users\NEW USER\Desktop\download (2)\dataconnect`
 {"metadata":{"emulator":{"name":"dataconnect"},"message":"E0609 18:27:14.392443   25512 watch.go:40] Failed to load config from \"c:\\\\Users\\\\NEW USER\\\\Desktop\\\\download (2)\\\\dataconnect\": could not find dataconnect.yaml in `c:\\Users\\NEW USER\\Desktop\\download (2)\\dataconnect`\n"}}
[debug] [2026-06-09T17:27:24.392Z] E0609 18:27:24.391664   25512 watch.go:40] Failed to load config from "c:\\Users\\NEW USER\\Desktop\\download (2)\\dataconnect": could not find dataconnect.yaml in `c:\Users\NEW USER\Desktop\download (2)\dataconnect`
 {"metadata":{"emulator":{"name":"dataconnect"},"message":"E0609 18:27:24.391664   25512 watch.go:40] Failed to load config from \"c:\\\\Users\\\\NEW USER\\\\Desktop\\\\download (2)\\\\dataconnect\": could not find dataconnect.yaml in `c:\\Users\\NEW USER\\Desktop\\download (2)\\dataconnect`\n"}}
[debug] [2026-06-09T17:27:34.392Z] E0609 18:27:34.392574   25512 watch.go:40] Failed to load config from "c:\\Users\\NEW USER\\Desktop\\download (2)\\dataconnect": could not find dataconnect.yaml in `c:\Users\NEW USER\Desktop\download (2)\dataconnect`
 {"metadata":{"emulator":{"name":"dataconnect"},"message":"E0609 18:27:34.392574   25512 watch.go:40] Failed to load config from \"c:\\\\Users\\\\NEW USER\\\\Desktop\\\\download (2)\\\\dataconnect\": could not find dataconnect.yaml in `c:\\Users\\NEW USER\\Desktop\\download (2)\\dataconnect`\n"}}
[debug] [2026-06-09T17:27:44.391Z] E0609 18:27:44.392142   25512 watch.go:40] Failed to load config from "c:\\Users\\NEW USER\\Desktop\\download (2)\\dataconnect": could not find dataconnect.yaml in `c:\Users\NEW USER\Desktop\download (2)\dataconnect`
 {"metadata":{"emulator":{"name":"dataconnect"},"message":"E0609 18:27:44.392142   25512 watch.go:40] Failed to load config from \"c:\\\\Users\\\\NEW USER\\\\Desktop\\\\download (2)\\\\dataconnect\": could not find dataconnect.yaml in `c:\\Users\\NEW USER\\Desktop\\download (2)\\dataconnect`\n"}}
[debug] [2026-06-09T17:27:54.390Z] E0609 18:27:54.391163   25512 watch.go:116] watchAllDir unable to walk dir `c:\Users\NEW USER\Desktop\download (2)\dataconnect`: GetFileAttributesEx c:\Users\NEW USER\Desktop\download (2)\dataconnect: The system cannot find the file specified.
 {"metadata":{"emulator":{"name":"dataconnect"},"message":"E0609 18:27:54.391163   25512 watch.go:116] watchAllDir unable to walk dir `c:\\Users\\NEW USER\\Desktop\\download (2)\\dataconnect`: GetFileAttributesEx c:\\Users\\NEW USER\\Desktop\\download (2)\\dataconnect: The system cannot find the file specified.\n"}}
[debug] [2026-06-09T17:27:54.395Z] E0609 18:27:54.392570   25512 watch.go:40] Failed to load config from "c:\\Users\\NEW USER\\Desktop\\download (2)\\dataconnect": could not find dataconnect.yaml in `c:\Users\NEW USER\Desktop\download (2)\dataconnect`
 {"metadata":{"emulator":{"name":"dataconnect"},"message":"E0609 18:27:54.392570   25512 watch.go:40] Failed to load config from \"c:\\\\Users\\\\NEW USER\\\\Desktop\\\\download (2)\\\\dataconnect\": could not find dataconnect.yaml in `c:\\Users\\NEW USER\\Desktop\\download (2)\\dataconnect`\n"}}
[debug] [2026-06-09T17:28:04.391Z] E0609 18:28:04.392484   25512 watch.go:40] Failed to load config from "c:\\Users\\NEW USER\\Desktop\\download (2)\\dataconnect": could not find dataconnect.yaml in `c:\Users\NEW USER\Desktop\download (2)\dataconnect`
 {"metadata":{"emulator":{"name":"dataconnect"},"message":"E0609 18:28:04.392484   25512 watch.go:40] Failed to load config from \"c:\\\\Users\\\\NEW USER\\\\Desktop\\\\download (2)\\\\dataconnect\": could not find dataconnect.yaml in `c:\\Users\\NEW USER\\Desktop\\download (2)\\dataconnect`\n"}}
[debug] [2026-06-09T17:28:14.392Z] E0609 18:28:14.393012   25512 watch.go:40] Failed to load config from "c:\\Users\\NEW USER\\Desktop\\download (2)\\dataconnect": could not find dataconnect.yaml in `c:\Users\NEW USER\Desktop\download (2)\dataconnect`
 {"metadata":{"emulator":{"name":"dataconnect"},"message":"E0609 18:28:14.393012   25512 watch.go:40] Failed to load config from \"c:\\\\Users\\\\NEW USER\\\\Desktop\\\\download (2)\\\\dataconnect\": could not find dataconnect.yaml in `c:\\Users\\NEW USER\\Desktop\\download (2)\\dataconnect`\n"}}
[debug] [2026-06-09T17:28:24.392Z] E0609 18:28:24.392842   25512 watch.go:40] Failed to load config from "c:\\Users\\NEW USER\\Desktop\\download (2)\\dataconnect": could not find dataconnect.yaml in `c:\Users\NEW USER\Desktop\download (2)\dataconnect`
 {"metadata":{"emulator":{"name":"dataconnect"},"message":"E0609 18:28:24.392842   25512 watch.go:40] Failed to load config from \"c:\\\\Users\\\\NEW USER\\\\Desktop\\\\download (2)\\\\dataconnect\": could not find dataconnect.yaml in `c:\\Users\\NEW USER\\Desktop\\download (2)\\dataconnect`\n"}}
[debug] [2026-06-09T17:28:34.391Z] E0609 18:28:34.392142   25512 watch.go:40] Failed to load config from "c:\\Users\\NEW USER\\Desktop\\download (2)\\dataconnect": could not find dataconnect.yaml in `c:\Users\NEW USER\Desktop\download (2)\dataconnect`
 {"metadata":{"emulator":{"name":"dataconnect"},"message":"E0609 18:28:34.392142   25512 watch.go:40] Failed to load config from \"c:\\\\Users\\\\NEW USER\\\\Desktop\\\\download (2)\\\\dataconnect\": could not find dataconnect.yaml in `c:\\Users\\NEW USER\\Desktop\\download (2)\\dataconnect`\n"}}
[debug] [2026-06-09T17:28:44.391Z] E0609 18:28:44.392402   25512 watch.go:40] Failed to load config from "c:\\Users\\NEW USER\\Desktop\\download (2)\\dataconnect": could not find dataconnect.yaml in `c:\Users\NEW USER\Desktop\download (2)\dataconnect`
 {"metadata":{"emulator":{"name":"dataconnect"},"message":"E0609 18:28:44.392402   25512 watch.go:40] Failed to load config from \"c:\\\\Users\\\\NEW USER\\\\Desktop\\\\download (2)\\\\dataconnect\": could not find dataconnect.yaml in `c:\\Users\\NEW USER\\Desktop\\download (2)\\dataconnect`\n"}}
[debug] [2026-06-09T17:28:54.390Z] E0609 18:28:54.390339   25512 watch.go:116] watchAllDir unable to walk dir `c:\Users\NEW USER\Desktop\download (2)\dataconnect`: GetFileAttributesEx c:\Users\NEW USER\Desktop\download (2)\dataconnect: The system cannot find the file specified.
E0609 18:28:54.391033   25512 watch.go:40] Failed to load config from "c:\\Users\\NEW USER\\Desktop\\download (2)\\dataconnect": could not find dataconnect.yaml in `c:\Users\NEW USER\Desktop\download (2)\dataconnect`
 {"metadata":{"emulator":{"name":"dataconnect"},"message":"E0609 18:28:54.390339   25512 watch.go:116] watchAllDir unable to walk dir `c:\\Users\\NEW USER\\Desktop\\download (2)\\dataconnect`: GetFileAttributesEx c:\\Users\\NEW USER\\Desktop\\download (2)\\dataconnect: The system cannot find the file specified.\nE0609 18:28:54.391033   25512 watch.go:40] Failed to load config from \"c:\\\\Users\\\\NEW USER\\\\Desktop\\\\download (2)\\\\dataconnect\": could not find dataconnect.yaml in `c:\\Users\\NEW USER\\Desktop\\download (2)\\dataconnect`\n"}}
[debug] [2026-06-09T17:29:04.391Z] E0609 18:29:04.391733   25512 watch.go:40] Failed to load config from "c:\\Users\\NEW USER\\Desktop\\download (2)\\dataconnect": could not find dataconnect.yaml in `c:\Users\NEW USER\Desktop\download (2)\dataconnect`
 {"metadata":{"emulator":{"name":"dataconnect"},"message":"E0609 18:29:04.391733   25512 watch.go:40] Failed to load config from \"c:\\\\Users\\\\NEW USER\\\\Desktop\\\\download (2)\\\\dataconnect\": could not find dataconnect.yaml in `c:\\Users\\NEW USER\\Desktop\\download (2)\\dataconnect`\n"}}
[debug] [2026-06-09T17:29:14.391Z] E0609 18:29:14.391843   25512 watch.go:40] Failed to load config from "c:\\Users\\NEW USER\\Desktop\\download (2)\\dataconnect": could not find dataconnect.yaml in `c:\Users\NEW USER\Desktop\download (2)\dataconnect`
 {"metadata":{"emulator":{"name":"dataconnect"},"message":"E0609 18:29:14.391843   25512 watch.go:40] Failed to load config from \"c:\\\\Users\\\\NEW USER\\\\Desktop\\\\download (2)\\\\dataconnect\": could not find dataconnect.yaml in `c:\\Users\\NEW USER\\Desktop\\download (2)\\dataconnect`\n"}}
[debug] [2026-06-09T17:29:24.391Z] E0609 18:29:24.392452   25512 watch.go:40] Failed to load config from "c:\\Users\\NEW USER\\Desktop\\download (2)\\dataconnect": could not find dataconnect.yaml in `c:\Users\NEW USER\Desktop\download (2)\dataconnect`
 {"metadata":{"emulator":{"name":"dataconnect"},"message":"E0609 18:29:24.392452   25512 watch.go:40] Failed to load config from \"c:\\\\Users\\\\NEW USER\\\\Desktop\\\\download (2)\\\\dataconnect\": could not find dataconnect.yaml in `c:\\Users\\NEW USER\\Desktop\\download (2)\\dataconnect`\n"}}
[debug] [2026-06-09T17:29:34.392Z] E0609 18:29:34.393449   25512 watch.go:40] Failed to load config from "c:\\Users\\NEW USER\\Desktop\\download (2)\\dataconnect": could not find dataconnect.yaml in `c:\Users\NEW USER\Desktop\download (2)\dataconnect`
 {"metadata":{"emulator":{"name":"dataconnect"},"message":"E0609 18:29:34.393449   25512 watch.go:40] Failed to load config from \"c:\\\\Users\\\\NEW USER\\\\Desktop\\\\download (2)\\\\dataconnect\": could not find dataconnect.yaml in `c:\\Users\\NEW USER\\Desktop\\download (2)\\dataconnect`\n"}}
[debug] [2026-06-09T17:29:44.391Z] E0609 18:29:44.392655   25512 watch.go:40] Failed to load config from "c:\\Users\\NEW USER\\Desktop\\download (2)\\dataconnect": could not find dataconnect.yaml in `c:\Users\NEW USER\Desktop\download (2)\dataconnect`
 {"metadata":{"emulator":{"name":"dataconnect"},"message":"E0609 18:29:44.392655   25512 watch.go:40] Failed to load config from \"c:\\\\Users\\\\NEW USER\\\\Desktop\\\\download (2)\\\\dataconnect\": could not find dataconnect.yaml in `c:\\Users\\NEW USER\\Desktop\\download (2)\\dataconnect`\n"}}
[debug] [2026-06-09T17:29:54.390Z] E0609 18:29:54.391361   25512 watch.go:116] watchAllDir unable to walk dir `c:\Users\NEW USER\Desktop\download (2)\dataconnect`: GetFileAttributesEx c:\Users\NEW USER\Desktop\download (2)\dataconnect: The system cannot find the file specified.
 {"metadata":{"emulator":{"name":"dataconnect"},"message":"E0609 18:29:54.391361   25512 watch.go:116] watchAllDir unable to walk dir `c:\\Users\\NEW USER\\Desktop\\download (2)\\dataconnect`: GetFileAttributesEx c:\\Users\\NEW USER\\Desktop\\download (2)\\dataconnect: The system cannot find the file specified.\n"}}
[debug] [2026-06-09T17:29:54.393Z] E0609 18:29:54.392003   25512 watch.go:40] Failed to load config from "c:\\Users\\NEW USER\\Desktop\\download (2)\\dataconnect": could not find dataconnect.yaml in `c:\Users\NEW USER\Desktop\download (2)\dataconnect`
 {"metadata":{"emulator":{"name":"dataconnect"},"message":"E0609 18:29:54.392003   25512 watch.go:40] Failed to load config from \"c:\\\\Users\\\\NEW USER\\\\Desktop\\\\download (2)\\\\dataconnect\": could not find dataconnect.yaml in `c:\\Users\\NEW USER\\Desktop\\download (2)\\dataconnect`\n"}}
[debug] [2026-06-09T17:30:04.391Z] E0609 18:30:04.392459   25512 watch.go:40] Failed to load config from "c:\\Users\\NEW USER\\Desktop\\download (2)\\dataconnect": could not find dataconnect.yaml in `c:\Users\NEW USER\Desktop\download (2)\dataconnect`
 {"metadata":{"emulator":{"name":"dataconnect"},"message":"E0609 18:30:04.392459   25512 watch.go:40] Failed to load config from \"c:\\\\Users\\\\NEW USER\\\\Desktop\\\\download (2)\\\\dataconnect\": could not find dataconnect.yaml in `c:\\Users\\NEW USER\\Desktop\\download (2)\\dataconnect`\n"}}
[debug] [2026-06-09T17:30:14.390Z] E0609 18:30:14.391438   25512 watch.go:40] Failed to load config from "c:\\Users\\NEW USER\\Desktop\\download (2)\\dataconnect": could not find dataconnect.yaml in `c:\Users\NEW USER\Desktop\download (2)\dataconnect`
 {"metadata":{"emulator":{"name":"dataconnect"},"message":"E0609 18:30:14.391438   25512 watch.go:40] Failed to load config from \"c:\\\\Users\\\\NEW USER\\\\Desktop\\\\download (2)\\\\dataconnect\": could not find dataconnect.yaml in `c:\\Users\\NEW USER\\Desktop\\download (2)\\dataconnect`\n"}}
[debug] [2026-06-09T17:30:24.391Z] E0609 18:30:24.391993   25512 watch.go:40] Failed to load config from "c:\\Users\\NEW USER\\Desktop\\download (2)\\dataconnect": could not find dataconnect.yaml in `c:\Users\NEW USER\Desktop\download (2)\dataconnect`
 {"metadata":{"emulator":{"name":"dataconnect"},"message":"E0609 18:30:24.391993   25512 watch.go:40] Failed to load config from \"c:\\\\Users\\\\NEW USER\\\\Desktop\\\\download (2)\\\\dataconnect\": could not find dataconnect.yaml in `c:\\Users\\NEW USER\\Desktop\\download (2)\\dataconnect`\n"}}
[debug] [2026-06-09T17:30:34.391Z] E0609 18:30:34.392400   25512 watch.go:40] Failed to load config from "c:\\Users\\NEW USER\\Desktop\\download (2)\\dataconnect": could not find dataconnect.yaml in `c:\Users\NEW USER\Desktop\download (2)\dataconnect`
 {"metadata":{"emulator":{"name":"dataconnect"},"message":"E0609 18:30:34.392400   25512 watch.go:40] Failed to load config from \"c:\\\\Users\\\\NEW USER\\\\Desktop\\\\download (2)\\\\dataconnect\": could not find dataconnect.yaml in `c:\\Users\\NEW USER\\Desktop\\download (2)\\dataconnect`\n"}}
[debug] [2026-06-09T17:30:44.391Z] E0609 18:30:44.391520   25512 watch.go:40] Failed to load config from "c:\\Users\\NEW USER\\Desktop\\download (2)\\dataconnect": could not find dataconnect.yaml in `c:\Users\NEW USER\Desktop\download (2)\dataconnect`
 {"metadata":{"emulator":{"name":"dataconnect"},"message":"E0609 18:30:44.391520   25512 watch.go:40] Failed to load config from \"c:\\\\Users\\\\NEW USER\\\\Desktop\\\\download (2)\\\\dataconnect\": could not find dataconnect.yaml in `c:\\Users\\NEW USER\\Desktop\\download (2)\\dataconnect`\n"}}
[debug] [2026-06-09T17:30:54.402Z] E0609 18:30:54.403306   25512 watch.go:116] watchAllDir unable to walk dir `c:\Users\NEW USER\Desktop\download (2)\dataconnect`: GetFileAttributesEx c:\Users\NEW USER\Desktop\download (2)\dataconnect: The system cannot find the file specified.
 {"metadata":{"emulator":{"name":"dataconnect"},"message":"E0609 18:30:54.403306   25512 watch.go:116] watchAllDir unable to walk dir `c:\\Users\\NEW USER\\Desktop\\download (2)\\dataconnect`: GetFileAttributesEx c:\\Users\\NEW USER\\Desktop\\download (2)\\dataconnect: The system cannot find the file specified.\n"}}
[debug] [2026-06-09T17:30:54.404Z] E0609 18:30:54.404327   25512 watch.go:40] Failed to load config from "c:\\Users\\NEW USER\\Desktop\\download (2)\\dataconnect": could not find dataconnect.yaml in `c:\Users\NEW USER\Desktop\download (2)\dataconnect`
 {"metadata":{"emulator":{"name":"dataconnect"},"message":"E0609 18:30:54.404327   25512 watch.go:40] Failed to load config from \"c:\\\\Users\\\\NEW USER\\\\Desktop\\\\download (2)\\\\dataconnect\": could not find dataconnect.yaml in `c:\\Users\\NEW USER\\Desktop\\download (2)\\dataconnect`\n"}}
[debug] [2026-06-09T17:31:04.395Z] E0609 18:31:04.395012   25512 watch.go:40] Failed to load config from "c:\\Users\\NEW USER\\Desktop\\download (2)\\dataconnect": could not find dataconnect.yaml in `c:\Users\NEW USER\Desktop\download (2)\dataconnect`
 {"metadata":{"emulator":{"name":"dataconnect"},"message":"E0609 18:31:04.395012   25512 watch.go:40] Failed to load config from \"c:\\\\Users\\\\NEW USER\\\\Desktop\\\\download (2)\\\\dataconnect\": could not find dataconnect.yaml in `c:\\Users\\NEW USER\\Desktop\\download (2)\\dataconnect`\n"}}
[debug] [2026-06-09T17:31:14.391Z] E0609 18:31:14.391220   25512 watch.go:40] Failed to load config from "c:\\Users\\NEW USER\\Desktop\\download (2)\\dataconnect": could not find dataconnect.yaml in `c:\Users\NEW USER\Desktop\download (2)\dataconnect`
 {"metadata":{"emulator":{"name":"dataconnect"},"message":"E0609 18:31:14.391220   25512 watch.go:40] Failed to load config from \"c:\\\\Users\\\\NEW USER\\\\Desktop\\\\download (2)\\\\dataconnect\": could not find dataconnect.yaml in `c:\\Users\\NEW USER\\Desktop\\download (2)\\dataconnect`\n"}}
[debug] [2026-06-09T17:31:24.391Z] E0609 18:31:24.391167   25512 watch.go:40] Failed to load config from "c:\\Users\\NEW USER\\Desktop\\download (2)\\dataconnect": could not find dataconnect.yaml in `c:\Users\NEW USER\Desktop\download (2)\dataconnect`
 {"metadata":{"emulator":{"name":"dataconnect"},"message":"E0609 18:31:24.391167   25512 watch.go:40] Failed to load config from \"c:\\\\Users\\\\NEW USER\\\\Desktop\\\\download (2)\\\\dataconnect\": could not find dataconnect.yaml in `c:\\Users\\NEW USER\\Desktop\\download (2)\\dataconnect`\n"}}
[debug] [2026-06-09T17:31:34.390Z] E0609 18:31:34.390893   25512 watch.go:40] Failed to load config from "c:\\Users\\NEW USER\\Desktop\\download (2)\\dataconnect": could not find dataconnect.yaml in `c:\Users\NEW USER\Desktop\download (2)\dataconnect`
 {"metadata":{"emulator":{"name":"dataconnect"},"message":"E0609 18:31:34.390893   25512 watch.go:40] Failed to load config from \"c:\\\\Users\\\\NEW USER\\\\Desktop\\\\download (2)\\\\dataconnect\": could not find dataconnect.yaml in `c:\\Users\\NEW USER\\Desktop\\download (2)\\dataconnect`\n"}}
[debug] [2026-06-09T17:31:44.391Z] E0609 18:31:44.391850   25512 watch.go:40] Failed to load config from "c:\\Users\\NEW USER\\Desktop\\download (2)\\dataconnect": could not find dataconnect.yaml in `c:\Users\NEW USER\Desktop\download (2)\dataconnect`
 {"metadata":{"emulator":{"name":"dataconnect"},"message":"E0609 18:31:44.391850   25512 watch.go:40] Failed to load config from \"c:\\\\Users\\\\NEW USER\\\\Desktop\\\\download (2)\\\\dataconnect\": could not find dataconnect.yaml in `c:\\Users\\NEW USER\\Desktop\\download (2)\\dataconnect`\n"}}
[debug] [2026-06-09T17:31:54.391Z] E0609 18:31:54.390903   25512 watch.go:116] watchAllDir unable to walk dir `c:\Users\NEW USER\Desktop\download (2)\dataconnect`: GetFileAttributesEx c:\Users\NEW USER\Desktop\download (2)\dataconnect: The system cannot find the file specified.
 {"metadata":{"emulator":{"name":"dataconnect"},"message":"E0609 18:31:54.390903   25512 watch.go:116] watchAllDir unable to walk dir `c:\\Users\\NEW USER\\Desktop\\download (2)\\dataconnect`: GetFileAttributesEx c:\\Users\\NEW USER\\Desktop\\download (2)\\dataconnect: The system cannot find the file specified.\n"}}
[debug] [2026-06-09T17:31:54.393Z] E0609 18:31:54.392314   25512 watch.go:40] Failed to load config from "c:\\Users\\NEW USER\\Desktop\\download (2)\\dataconnect": could not find dataconnect.yaml in `c:\Users\NEW USER\Desktop\download (2)\dataconnect`
 {"metadata":{"emulator":{"name":"dataconnect"},"message":"E0609 18:31:54.392314   25512 watch.go:40] Failed to load config from \"c:\\\\Users\\\\NEW USER\\\\Desktop\\\\download (2)\\\\dataconnect\": could not find dataconnect.yaml in `c:\\Users\\NEW USER\\Desktop\\download (2)\\dataconnect`\n"}}
[debug] [2026-06-09T17:32:04.393Z] E0609 18:32:04.393090   25512 watch.go:40] Failed to load config from "c:\\Users\\NEW USER\\Desktop\\download (2)\\dataconnect": could not find dataconnect.yaml in `c:\Users\NEW USER\Desktop\download (2)\dataconnect`
 {"metadata":{"emulator":{"name":"dataconnect"},"message":"E0609 18:32:04.393090   25512 watch.go:40] Failed to load config from \"c:\\\\Users\\\\NEW USER\\\\Desktop\\\\download (2)\\\\dataconnect\": could not find dataconnect.yaml in `c:\\Users\\NEW USER\\Desktop\\download (2)\\dataconnect`\n"}}
[debug] [2026-06-09T17:32:14.392Z] E0609 18:32:14.392608   25512 watch.go:40] Failed to load config from "c:\\Users\\NEW USER\\Desktop\\download (2)\\dataconnect": could not find dataconnect.yaml in `c:\Users\NEW USER\Desktop\download (2)\dataconnect`
 {"metadata":{"emulator":{"name":"dataconnect"},"message":"E0609 18:32:14.392608   25512 watch.go:40] Failed to load config from \"c:\\\\Users\\\\NEW USER\\\\Desktop\\\\download (2)\\\\dataconnect\": could not find dataconnect.yaml in `c:\\Users\\NEW USER\\Desktop\\download (2)\\dataconnect`\n"}}
[debug] [2026-06-09T17:32:24.392Z] E0609 18:32:24.391945   25512 watch.go:40] Failed to load config from "c:\\Users\\NEW USER\\Desktop\\download (2)\\dataconnect": could not find dataconnect.yaml in `c:\Users\NEW USER\Desktop\download (2)\dataconnect`
 {"metadata":{"emulator":{"name":"dataconnect"},"message":"E0609 18:32:24.391945   25512 watch.go:40] Failed to load config from \"c:\\\\Users\\\\NEW USER\\\\Desktop\\\\download (2)\\\\dataconnect\": could not find dataconnect.yaml in `c:\\Users\\NEW USER\\Desktop\\download (2)\\dataconnect`\n"}}
[debug] [2026-06-09T17:32:34.392Z] E0609 18:32:34.391547   25512 watch.go:40] Failed to load config from "c:\\Users\\NEW USER\\Desktop\\download (2)\\dataconnect": could not find dataconnect.yaml in `c:\Users\NEW USER\Desktop\download (2)\dataconnect`
 {"metadata":{"emulator":{"name":"dataconnect"},"message":"E0609 18:32:34.391547   25512 watch.go:40] Failed to load config from \"c:\\\\Users\\\\NEW USER\\\\Desktop\\\\download (2)\\\\dataconnect\": could not find dataconnect.yaml in `c:\\Users\\NEW USER\\Desktop\\download (2)\\dataconnect`\n"}}
[debug] [2026-06-09T17:32:44.392Z] E0609 18:32:44.391730   25512 watch.go:40] Failed to load config from "c:\\Users\\NEW USER\\Desktop\\download (2)\\dataconnect": could not find dataconnect.yaml in `c:\Users\NEW USER\Desktop\download (2)\dataconnect`
 {"metadata":{"emulator":{"name":"dataconnect"},"message":"E0609 18:32:44.391730   25512 watch.go:40] Failed to load config from \"c:\\\\Users\\\\NEW USER\\\\Desktop\\\\download (2)\\\\dataconnect\": could not find dataconnect.yaml in `c:\\Users\\NEW USER\\Desktop\\download (2)\\dataconnect`\n"}}
[debug] [2026-06-09T17:32:54.392Z] E0609 18:32:54.391988   25512 watch.go:116] watchAllDir unable to walk dir `c:\Users\NEW USER\Desktop\download (2)\dataconnect`: GetFileAttributesEx c:\Users\NEW USER\Desktop\download (2)\dataconnect: The system cannot find the file specified.
 {"metadata":{"emulator":{"name":"dataconnect"},"message":"E0609 18:32:54.391988   25512 watch.go:116] watchAllDir unable to walk dir `c:\\Users\\NEW USER\\Desktop\\download (2)\\dataconnect`: GetFileAttributesEx c:\\Users\\NEW USER\\Desktop\\download (2)\\dataconnect: The system cannot find the file specified.\n"}}
[debug] [2026-06-09T17:32:54.395Z] E0609 18:32:54.392727   25512 watch.go:40] Failed to load config from "c:\\Users\\NEW USER\\Desktop\\download (2)\\dataconnect": could not find dataconnect.yaml in `c:\Users\NEW USER\Desktop\download (2)\dataconnect`
 {"metadata":{"emulator":{"name":"dataconnect"},"message":"E0609 18:32:54.392727   25512 watch.go:40] Failed to load config from \"c:\\\\Users\\\\NEW USER\\\\Desktop\\\\download (2)\\\\dataconnect\": could not find dataconnect.yaml in `c:\\Users\\NEW USER\\Desktop\\download (2)\\dataconnect`\n"}}
[debug] [2026-06-09T17:33:04.392Z] E0609 18:33:04.392037   25512 watch.go:40] Failed to load config from "c:\\Users\\NEW USER\\Desktop\\download (2)\\dataconnect": could not find dataconnect.yaml in `c:\Users\NEW USER\Desktop\download (2)\dataconnect`
 {"metadata":{"emulator":{"name":"dataconnect"},"message":"E0609 18:33:04.392037   25512 watch.go:40] Failed to load config from \"c:\\\\Users\\\\NEW USER\\\\Desktop\\\\download (2)\\\\dataconnect\": could not find dataconnect.yaml in `c:\\Users\\NEW USER\\Desktop\\download (2)\\dataconnect`\n"}}
[debug] [2026-06-09T17:33:14.393Z] E0609 18:33:14.392041   25512 watch.go:40] Failed to load config from "c:\\Users\\NEW USER\\Desktop\\download (2)\\dataconnect": could not find dataconnect.yaml in `c:\Users\NEW USER\Desktop\download (2)\dataconnect`
 {"metadata":{"emulator":{"name":"dataconnect"},"message":"E0609 18:33:14.392041   25512 watch.go:40] Failed to load config from \"c:\\\\Users\\\\NEW USER\\\\Desktop\\\\download (2)\\\\dataconnect\": could not find dataconnect.yaml in `c:\\Users\\NEW USER\\Desktop\\download (2)\\dataconnect`\n"}}
[debug] [2026-06-09T17:33:24.392Z] E0609 18:33:24.391510   25512 watch.go:40] Failed to load config from "c:\\Users\\NEW USER\\Desktop\\download (2)\\dataconnect": could not find dataconnect.yaml in `c:\Users\NEW USER\Desktop\download (2)\dataconnect`
 {"metadata":{"emulator":{"name":"dataconnect"},"message":"E0609 18:33:24.391510   25512 watch.go:40] Failed to load config from \"c:\\\\Users\\\\NEW USER\\\\Desktop\\\\download (2)\\\\dataconnect\": could not find dataconnect.yaml in `c:\\Users\\NEW USER\\Desktop\\download (2)\\dataconnect`\n"}}
[debug] [2026-06-09T17:33:34.389Z] E0609 18:33:34.392511   25512 watch.go:40] Failed to load config from "c:\\Users\\NEW USER\\Desktop\\download (2)\\dataconnect": could not find dataconnect.yaml in `c:\Users\NEW USER\Desktop\download (2)\dataconnect`
 {"metadata":{"emulator":{"name":"dataconnect"},"message":"E0609 18:33:34.392511   25512 watch.go:40] Failed to load config from \"c:\\\\Users\\\\NEW USER\\\\Desktop\\\\download (2)\\\\dataconnect\": could not find dataconnect.yaml in `c:\\Users\\NEW USER\\Desktop\\download (2)\\dataconnect`\n"}}
[debug] [2026-06-09T17:33:44.390Z] E0609 18:33:44.392234   25512 watch.go:40] Failed to load config from "c:\\Users\\NEW USER\\Desktop\\download (2)\\dataconnect": could not find dataconnect.yaml in `c:\Users\NEW USER\Desktop\download (2)\dataconnect`
 {"metadata":{"emulator":{"name":"dataconnect"},"message":"E0609 18:33:44.392234   25512 watch.go:40] Failed to load config from \"c:\\\\Users\\\\NEW USER\\\\Desktop\\\\download (2)\\\\dataconnect\": could not find dataconnect.yaml in `c:\\Users\\NEW USER\\Desktop\\download (2)\\dataconnect`\n"}}
[debug] [2026-06-09T17:33:54.392Z] E0609 18:33:54.394947   25512 watch.go:116] watchAllDir unable to walk dir `c:\Users\NEW USER\Desktop\download (2)\dataconnect`: GetFileAttributesEx c:\Users\NEW USER\Desktop\download (2)\dataconnect: The system cannot find the file specified.
 {"metadata":{"emulator":{"name":"dataconnect"},"message":"E0609 18:33:54.394947   25512 watch.go:116] watchAllDir unable to walk dir `c:\\Users\\NEW USER\\Desktop\\download (2)\\dataconnect`: GetFileAttributesEx c:\\Users\\NEW USER\\Desktop\\download (2)\\dataconnect: The system cannot find the file specified.\n"}}
[debug] [2026-06-09T17:33:54.394Z] E0609 18:33:54.395965   25512 watch.go:40] Failed to load config from "c:\\Users\\NEW USER\\Desktop\\download (2)\\dataconnect": could not find dataconnect.yaml in `c:\Users\NEW USER\Desktop\download (2)\dataconnect`
 {"metadata":{"emulator":{"name":"dataconnect"},"message":"E0609 18:33:54.395965   25512 watch.go:40] Failed to load config from \"c:\\\\Users\\\\NEW USER\\\\Desktop\\\\download (2)\\\\dataconnect\": could not find dataconnect.yaml in `c:\\Users\\NEW USER\\Desktop\\download (2)\\dataconnect`\n"}}
[debug] [2026-06-09T17:34:04.390Z] E0609 18:34:04.393339   25512 watch.go:40] Failed to load config from "c:\\Users\\NEW USER\\Desktop\\download (2)\\dataconnect": could not find dataconnect.yaml in `c:\Users\NEW USER\Desktop\download (2)\dataconnect`
 {"metadata":{"emulator":{"name":"dataconnect"},"message":"E0609 18:34:04.393339   25512 watch.go:40] Failed to load config from \"c:\\\\Users\\\\NEW USER\\\\Desktop\\\\download (2)\\\\dataconnect\": could not find dataconnect.yaml in `c:\\Users\\NEW USER\\Desktop\\download (2)\\dataconnect`\n"}}
[debug] [2026-06-09T17:34:14.388Z] E0609 18:34:14.390865   25512 watch.go:40] Failed to load config from "c:\\Users\\NEW USER\\Desktop\\download (2)\\dataconnect": could not find dataconnect.yaml in `c:\Users\NEW USER\Desktop\download (2)\dataconnect`
 {"metadata":{"emulator":{"name":"dataconnect"},"message":"E0609 18:34:14.390865   25512 watch.go:40] Failed to load config from \"c:\\\\Users\\\\NEW USER\\\\Desktop\\\\download (2)\\\\dataconnect\": could not find dataconnect.yaml in `c:\\Users\\NEW USER\\Desktop\\download (2)\\dataconnect`\n"}}
[debug] [2026-06-09T17:34:24.389Z] E0609 18:34:24.392103   25512 watch.go:40] Failed to load config from "c:\\Users\\NEW USER\\Desktop\\download (2)\\dataconnect": could not find dataconnect.yaml in `c:\Users\NEW USER\Desktop\download (2)\dataconnect`
 {"metadata":{"emulator":{"name":"dataconnect"},"message":"E0609 18:34:24.392103   25512 watch.go:40] Failed to load config from \"c:\\\\Users\\\\NEW USER\\\\Desktop\\\\download (2)\\\\dataconnect\": could not find dataconnect.yaml in `c:\\Users\\NEW USER\\Desktop\\download (2)\\dataconnect`\n"}}
[debug] [2026-06-09T17:34:34.392Z] E0609 18:34:34.392195   25512 watch.go:40] Failed to load config from "c:\\Users\\NEW USER\\Desktop\\download (2)\\dataconnect": could not find dataconnect.yaml in `c:\Users\NEW USER\Desktop\download (2)\dataconnect`
 {"metadata":{"emulator":{"name":"dataconnect"},"message":"E0609 18:34:34.392195   25512 watch.go:40] Failed to load config from \"c:\\\\Users\\\\NEW USER\\\\Desktop\\\\download (2)\\\\dataconnect\": could not find dataconnect.yaml in `c:\\Users\\NEW USER\\Desktop\\download (2)\\dataconnect`\n"}}
[debug] [2026-06-09T17:34:44.392Z] E0609 18:34:44.392146   25512 watch.go:40] Failed to load config from "c:\\Users\\NEW USER\\Desktop\\download (2)\\dataconnect": could not find dataconnect.yaml in `c:\Users\NEW USER\Desktop\download (2)\dataconnect`
 {"metadata":{"emulator":{"name":"dataconnect"},"message":"E0609 18:34:44.392146   25512 watch.go:40] Failed to load config from \"c:\\\\Users\\\\NEW USER\\\\Desktop\\\\download (2)\\\\dataconnect\": could not find dataconnect.yaml in `c:\\Users\\NEW USER\\Desktop\\download (2)\\dataconnect`\n"}}
[debug] [2026-06-09T17:34:54.391Z] E0609 18:34:54.391093   25512 watch.go:116] watchAllDir unable to walk dir `c:\Users\NEW USER\Desktop\download (2)\dataconnect`: GetFileAttributesEx c:\Users\NEW USER\Desktop\download (2)\dataconnect: The system cannot find the file specified.
 {"metadata":{"emulator":{"name":"dataconnect"},"message":"E0609 18:34:54.391093   25512 watch.go:116] watchAllDir unable to walk dir `c:\\Users\\NEW USER\\Desktop\\download (2)\\dataconnect`: GetFileAttributesEx c:\\Users\\NEW USER\\Desktop\\download (2)\\dataconnect: The system cannot find the file specified.\n"}}
[debug] [2026-06-09T17:34:54.394Z] E0609 18:34:54.391715   25512 watch.go:40] Failed to load config from "c:\\Users\\NEW USER\\Desktop\\download (2)\\dataconnect": could not find dataconnect.yaml in `c:\Users\NEW USER\Desktop\download (2)\dataconnect`
 {"metadata":{"emulator":{"name":"dataconnect"},"message":"E0609 18:34:54.391715   25512 watch.go:40] Failed to load config from \"c:\\\\Users\\\\NEW USER\\\\Desktop\\\\download (2)\\\\dataconnect\": could not find dataconnect.yaml in `c:\\Users\\NEW USER\\Desktop\\download (2)\\dataconnect`\n"}}
[debug] [2026-06-09T17:35:04.391Z] E0609 18:35:04.390952   25512 watch.go:40] Failed to load config from "c:\\Users\\NEW USER\\Desktop\\download (2)\\dataconnect": could not find dataconnect.yaml in `c:\Users\NEW USER\Desktop\download (2)\dataconnect`
 {"metadata":{"emulator":{"name":"dataconnect"},"message":"E0609 18:35:04.390952   25512 watch.go:40] Failed to load config from \"c:\\\\Users\\\\NEW USER\\\\Desktop\\\\download (2)\\\\dataconnect\": could not find dataconnect.yaml in `c:\\Users\\NEW USER\\Desktop\\download (2)\\dataconnect`\n"}}
[debug] [2026-06-09T17:35:14.391Z] E0609 18:35:14.391303   25512 watch.go:40] Failed to load config from "c:\\Users\\NEW USER\\Desktop\\download (2)\\dataconnect": could not find dataconnect.yaml in `c:\Users\NEW USER\Desktop\download (2)\dataconnect`
 {"metadata":{"emulator":{"name":"dataconnect"},"message":"E0609 18:35:14.391303   25512 watch.go:40] Failed to load config from \"c:\\\\Users\\\\NEW USER\\\\Desktop\\\\download (2)\\\\dataconnect\": could not find dataconnect.yaml in `c:\\Users\\NEW USER\\Desktop\\download (2)\\dataconnect`\n"}}
[debug] [2026-06-09T17:35:24.395Z] E0609 18:35:24.394519   25512 watch.go:40] Failed to load config from "c:\\Users\\NEW USER\\Desktop\\download (2)\\dataconnect": could not find dataconnect.yaml in `c:\Users\NEW USER\Desktop\download (2)\dataconnect`
 {"metadata":{"emulator":{"name":"dataconnect"},"message":"E0609 18:35:24.394519   25512 watch.go:40] Failed to load config from \"c:\\\\Users\\\\NEW USER\\\\Desktop\\\\download (2)\\\\dataconnect\": could not find dataconnect.yaml in `c:\\Users\\NEW USER\\Desktop\\download (2)\\dataconnect`\n"}}
[debug] [2026-06-09T17:35:34.390Z] E0609 18:35:34.390799   25512 watch.go:40] Failed to load config from "c:\\Users\\NEW USER\\Desktop\\download (2)\\dataconnect": could not find dataconnect.yaml in `c:\Users\NEW USER\Desktop\download (2)\dataconnect`
 {"metadata":{"emulator":{"name":"dataconnect"},"message":"E0609 18:35:34.390799   25512 watch.go:40] Failed to load config from \"c:\\\\Users\\\\NEW USER\\\\Desktop\\\\download (2)\\\\dataconnect\": could not find dataconnect.yaml in `c:\\Users\\NEW USER\\Desktop\\download (2)\\dataconnect`\n"}}
[debug] [2026-06-09T17:35:44.391Z] E0609 18:35:44.391793   25512 watch.go:40] Failed to load config from "c:\\Users\\NEW USER\\Desktop\\download (2)\\dataconnect": could not find dataconnect.yaml in `c:\Users\NEW USER\Desktop\download (2)\dataconnect`
 {"metadata":{"emulator":{"name":"dataconnect"},"message":"E0609 18:35:44.391793   25512 watch.go:40] Failed to load config from \"c:\\\\Users\\\\NEW USER\\\\Desktop\\\\download (2)\\\\dataconnect\": could not find dataconnect.yaml in `c:\\Users\\NEW USER\\Desktop\\download (2)\\dataconnect`\n"}}
[debug] [2026-06-09T17:35:54.391Z] E0609 18:35:54.391460   25512 watch.go:116] watchAllDir unable to walk dir `c:\Users\NEW USER\Desktop\download (2)\dataconnect`: GetFileAttributesEx c:\Users\NEW USER\Desktop\download (2)\dataconnect: The system cannot find the file specified.
 {"metadata":{"emulator":{"name":"dataconnect"},"message":"E0609 18:35:54.391460   25512 watch.go:116] watchAllDir unable to walk dir `c:\\Users\\NEW USER\\Desktop\\download (2)\\dataconnect`: GetFileAttributesEx c:\\Users\\NEW USER\\Desktop\\download (2)\\dataconnect: The system cannot find the file specified.\n"}}
[debug] [2026-06-09T17:35:54.395Z] E0609 18:35:54.392117   25512 watch.go:40] Failed to load config from "c:\\Users\\NEW USER\\Desktop\\download (2)\\dataconnect": could not find dataconnect.yaml in `c:\Users\NEW USER\Desktop\download (2)\dataconnect`
 {"metadata":{"emulator":{"name":"dataconnect"},"message":"E0609 18:35:54.392117   25512 watch.go:40] Failed to load config from \"c:\\\\Users\\\\NEW USER\\\\Desktop\\\\download (2)\\\\dataconnect\": could not find dataconnect.yaml in `c:\\Users\\NEW USER\\Desktop\\download (2)\\dataconnect`\n"}}
[debug] [2026-06-09T17:36:04.390Z] E0609 18:36:04.390710   25512 watch.go:40] Failed to load config from "c:\\Users\\NEW USER\\Desktop\\download (2)\\dataconnect": could not find dataconnect.yaml in `c:\Users\NEW USER\Desktop\download (2)\dataconnect`
 {"metadata":{"emulator":{"name":"dataconnect"},"message":"E0609 18:36:04.390710   25512 watch.go:40] Failed to load config from \"c:\\\\Users\\\\NEW USER\\\\Desktop\\\\download (2)\\\\dataconnect\": could not find dataconnect.yaml in `c:\\Users\\NEW USER\\Desktop\\download (2)\\dataconnect`\n"}}
[debug] [2026-06-09T17:36:14.391Z] E0609 18:36:14.391772   25512 watch.go:40] Failed to load config from "c:\\Users\\NEW USER\\Desktop\\download (2)\\dataconnect": could not find dataconnect.yaml in `c:\Users\NEW USER\Desktop\download (2)\dataconnect`
 {"metadata":{"emulator":{"name":"dataconnect"},"message":"E0609 18:36:14.391772   25512 watch.go:40] Failed to load config from \"c:\\\\Users\\\\NEW USER\\\\Desktop\\\\download (2)\\\\dataconnect\": could not find dataconnect.yaml in `c:\\Users\\NEW USER\\Desktop\\download (2)\\dataconnect`\n"}}
[debug] [2026-06-09T17:36:24.396Z] E0609 18:36:24.395872   25512 watch.go:40] Failed to load config from "c:\\Users\\NEW USER\\Desktop\\download (2)\\dataconnect": could not find dataconnect.yaml in `c:\Users\NEW USER\Desktop\download (2)\dataconnect`
 {"metadata":{"emulator":{"name":"dataconnect"},"message":"E0609 18:36:24.395872   25512 watch.go:40] Failed to load config from \"c:\\\\Users\\\\NEW USER\\\\Desktop\\\\download (2)\\\\dataconnect\": could not find dataconnect.yaml in `c:\\Users\\NEW USER\\Desktop\\download (2)\\dataconnect`\n"}}
[debug] [2026-06-09T17:36:34.392Z] E0609 18:36:34.391738   25512 watch.go:40] Failed to load config from "c:\\Users\\NEW USER\\Desktop\\download (2)\\dataconnect": could not find dataconnect.yaml in `c:\Users\NEW USER\Desktop\download (2)\dataconnect`
 {"metadata":{"emulator":{"name":"dataconnect"},"message":"E0609 18:36:34.391738   25512 watch.go:40] Failed to load config from \"c:\\\\Users\\\\NEW USER\\\\Desktop\\\\download (2)\\\\dataconnect\": could not find dataconnect.yaml in `c:\\Users\\NEW USER\\Desktop\\download (2)\\dataconnect`\n"}}
[debug] [2026-06-09T17:36:44.393Z] E0609 18:36:44.392898   25512 watch.go:40] Failed to load config from "c:\\Users\\NEW USER\\Desktop\\download (2)\\dataconnect": could not find dataconnect.yaml in `c:\Users\NEW USER\Desktop\download (2)\dataconnect`
 {"metadata":{"emulator":{"name":"dataconnect"},"message":"E0609 18:36:44.392898   25512 watch.go:40] Failed to load config from \"c:\\\\Users\\\\NEW USER\\\\Desktop\\\\download (2)\\\\dataconnect\": could not find dataconnect.yaml in `c:\\Users\\NEW USER\\Desktop\\download (2)\\dataconnect`\n"}}
[debug] [2026-06-09T17:36:54.393Z] E0609 18:36:54.392020   25512 watch.go:116] watchAllDir unable to walk dir `c:\Users\NEW USER\Desktop\download (2)\dataconnect`: GetFileAttributesEx c:\Users\NEW USER\Desktop\download (2)\dataconnect: The system cannot find the file specified.
 {"metadata":{"emulator":{"name":"dataconnect"},"message":"E0609 18:36:54.392020   25512 watch.go:116] watchAllDir unable to walk dir `c:\\Users\\NEW USER\\Desktop\\download (2)\\dataconnect`: GetFileAttributesEx c:\\Users\\NEW USER\\Desktop\\download (2)\\dataconnect: The system cannot find the file specified.\n"}}
[debug] [2026-06-09T17:36:54.395Z] E0609 18:36:54.392966   25512 watch.go:40] Failed to load config from "c:\\Users\\NEW USER\\Desktop\\download (2)\\dataconnect": could not find dataconnect.yaml in `c:\Users\NEW USER\Desktop\download (2)\dataconnect`
 {"metadata":{"emulator":{"name":"dataconnect"},"message":"E0609 18:36:54.392966   25512 watch.go:40] Failed to load config from \"c:\\\\Users\\\\NEW USER\\\\Desktop\\\\download (2)\\\\dataconnect\": could not find dataconnect.yaml in `c:\\Users\\NEW USER\\Desktop\\download (2)\\dataconnect`\n"}}
[debug] [2026-06-09T17:37:04.391Z] E0609 18:37:04.390714   25512 watch.go:40] Failed to load config from "c:\\Users\\NEW USER\\Desktop\\download (2)\\dataconnect": could not find dataconnect.yaml in `c:\Users\NEW USER\Desktop\download (2)\dataconnect`
 {"metadata":{"emulator":{"name":"dataconnect"},"message":"E0609 18:37:04.390714   25512 watch.go:40] Failed to load config from \"c:\\\\Users\\\\NEW USER\\\\Desktop\\\\download (2)\\\\dataconnect\": could not find dataconnect.yaml in `c:\\Users\\NEW USER\\Desktop\\download (2)\\dataconnect`\n"}}
[debug] [2026-06-09T17:37:14.391Z] E0609 18:37:14.390580   25512 watch.go:40] Failed to load config from "c:\\Users\\NEW USER\\Desktop\\download (2)\\dataconnect": could not find dataconnect.yaml in `c:\Users\NEW USER\Desktop\download (2)\dataconnect`
 {"metadata":{"emulator":{"name":"dataconnect"},"message":"E0609 18:37:14.390580   25512 watch.go:40] Failed to load config from \"c:\\\\Users\\\\NEW USER\\\\Desktop\\\\download (2)\\\\dataconnect\": could not find dataconnect.yaml in `c:\\Users\\NEW USER\\Desktop\\download (2)\\dataconnect`\n"}}
[debug] [2026-06-09T17:37:24.391Z] E0609 18:37:24.390694   25512 watch.go:40] Failed to load config from "c:\\Users\\NEW USER\\Desktop\\download (2)\\dataconnect": could not find dataconnect.yaml in `c:\Users\NEW USER\Desktop\download (2)\dataconnect`
 {"metadata":{"emulator":{"name":"dataconnect"},"message":"E0609 18:37:24.390694   25512 watch.go:40] Failed to load config from \"c:\\\\Users\\\\NEW USER\\\\Desktop\\\\download (2)\\\\dataconnect\": could not find dataconnect.yaml in `c:\\Users\\NEW USER\\Desktop\\download (2)\\dataconnect`\n"}}
[debug] [2026-06-09T17:37:34.391Z] E0609 18:37:34.390484   25512 watch.go:40] Failed to load config from "c:\\Users\\NEW USER\\Desktop\\download (2)\\dataconnect": could not find dataconnect.yaml in `c:\Users\NEW USER\Desktop\download (2)\dataconnect`
 {"metadata":{"emulator":{"name":"dataconnect"},"message":"E0609 18:37:34.390484   25512 watch.go:40] Failed to load config from \"c:\\\\Users\\\\NEW USER\\\\Desktop\\\\download (2)\\\\dataconnect\": could not find dataconnect.yaml in `c:\\Users\\NEW USER\\Desktop\\download (2)\\dataconnect`\n"}}
[debug] [2026-06-09T17:37:44.392Z] E0609 18:37:44.392065   25512 watch.go:40] Failed to load config from "c:\\Users\\NEW USER\\Desktop\\download (2)\\dataconnect": could not find dataconnect.yaml in `c:\Users\NEW USER\Desktop\download (2)\dataconnect`
 {"metadata":{"emulator":{"name":"dataconnect"},"message":"E0609 18:37:44.392065   25512 watch.go:40] Failed to load config from \"c:\\\\Users\\\\NEW USER\\\\Desktop\\\\download (2)\\\\dataconnect\": could not find dataconnect.yaml in `c:\\Users\\NEW USER\\Desktop\\download (2)\\dataconnect`\n"}}
[debug] [2026-06-09T17:37:54.392Z] E0609 18:37:54.391150   25512 watch.go:116] watchAllDir unable to walk dir `c:\Users\NEW USER\Desktop\download (2)\dataconnect`: GetFileAttributesEx c:\Users\NEW USER\Desktop\download (2)\dataconnect: The system cannot find the file specified.
 {"metadata":{"emulator":{"name":"dataconnect"},"message":"E0609 18:37:54.391150   25512 watch.go:116] watchAllDir unable to walk dir `c:\\Users\\NEW USER\\Desktop\\download (2)\\dataconnect`: GetFileAttributesEx c:\\Users\\NEW USER\\Desktop\\download (2)\\dataconnect: The system cannot find the file specified.\n"}}
[debug] [2026-06-09T17:37:54.393Z] E0609 18:37:54.391880   25512 watch.go:40] Failed to load config from "c:\\Users\\NEW USER\\Desktop\\download (2)\\dataconnect": could not find dataconnect.yaml in `c:\Users\NEW USER\Desktop\download (2)\dataconnect`
 {"metadata":{"emulator":{"name":"dataconnect"},"message":"E0609 18:37:54.391880   25512 watch.go:40] Failed to load config from \"c:\\\\Users\\\\NEW USER\\\\Desktop\\\\download (2)\\\\dataconnect\": could not find dataconnect.yaml in `c:\\Users\\NEW USER\\Desktop\\download (2)\\dataconnect`\n"}}
[debug] [2026-06-09T17:38:04.392Z] E0609 18:38:04.391861   25512 watch.go:40] Failed to load config from "c:\\Users\\NEW USER\\Desktop\\download (2)\\dataconnect": could not find dataconnect.yaml in `c:\Users\NEW USER\Desktop\download (2)\dataconnect`
 {"metadata":{"emulator":{"name":"dataconnect"},"message":"E0609 18:38:04.391861   25512 watch.go:40] Failed to load config from \"c:\\\\Users\\\\NEW USER\\\\Desktop\\\\download (2)\\\\dataconnect\": could not find dataconnect.yaml in `c:\\Users\\NEW USER\\Desktop\\download (2)\\dataconnect`\n"}}
[debug] [2026-06-09T17:38:14.393Z] E0609 18:38:14.392604   25512 watch.go:40] Failed to load config from "c:\\Users\\NEW USER\\Desktop\\download (2)\\dataconnect": could not find dataconnect.yaml in `c:\Users\NEW USER\Desktop\download (2)\dataconnect`
 {"metadata":{"emulator":{"name":"dataconnect"},"message":"E0609 18:38:14.392604   25512 watch.go:40] Failed to load config from \"c:\\\\Users\\\\NEW USER\\\\Desktop\\\\download (2)\\\\dataconnect\": could not find dataconnect.yaml in `c:\\Users\\NEW USER\\Desktop\\download (2)\\dataconnect`\n"}}
[debug] [2026-06-09T17:38:24.393Z] E0609 18:38:24.392638   25512 watch.go:40] Failed to load config from "c:\\Users\\NEW USER\\Desktop\\download (2)\\dataconnect": could not find dataconnect.yaml in `c:\Users\NEW USER\Desktop\download (2)\dataconnect`
 {"metadata":{"emulator":{"name":"dataconnect"},"message":"E0609 18:38:24.392638   25512 watch.go:40] Failed to load config from \"c:\\\\Users\\\\NEW USER\\\\Desktop\\\\download (2)\\\\dataconnect\": could not find dataconnect.yaml in `c:\\Users\\NEW USER\\Desktop\\download (2)\\dataconnect`\n"}}
[debug] [2026-06-09T17:38:34.395Z] E0609 18:38:34.392774   25512 watch.go:40] Failed to load config from "c:\\Users\\NEW USER\\Desktop\\download (2)\\dataconnect": could not find dataconnect.yaml in `c:\Users\NEW USER\Desktop\download (2)\dataconnect`
 {"metadata":{"emulator":{"name":"dataconnect"},"message":"E0609 18:38:34.392774   25512 watch.go:40] Failed to load config from \"c:\\\\Users\\\\NEW USER\\\\Desktop\\\\download (2)\\\\dataconnect\": could not find dataconnect.yaml in `c:\\Users\\NEW USER\\Desktop\\download (2)\\dataconnect`\n"}}
[debug] [2026-06-09T17:38:44.394Z] E0609 18:38:44.393014   25512 watch.go:40] Failed to load config from "c:\\Users\\NEW USER\\Desktop\\download (2)\\dataconnect": could not find dataconnect.yaml in `c:\Users\NEW USER\Desktop\download (2)\dataconnect`
 {"metadata":{"emulator":{"name":"dataconnect"},"message":"E0609 18:38:44.393014   25512 watch.go:40] Failed to load config from \"c:\\\\Users\\\\NEW USER\\\\Desktop\\\\download (2)\\\\dataconnect\": could not find dataconnect.yaml in `c:\\Users\\NEW USER\\Desktop\\download (2)\\dataconnect`\n"}}
[debug] [2026-06-09T17:38:54.392Z] E0609 18:38:54.391035   25512 watch.go:116] watchAllDir unable to walk dir `c:\Users\NEW USER\Desktop\download (2)\dataconnect`: GetFileAttributesEx c:\Users\NEW USER\Desktop\download (2)\dataconnect: The system cannot find the file specified.
 {"metadata":{"emulator":{"name":"dataconnect"},"message":"E0609 18:38:54.391035   25512 watch.go:116] watchAllDir unable to walk dir `c:\\Users\\NEW USER\\Desktop\\download (2)\\dataconnect`: GetFileAttributesEx c:\\Users\\NEW USER\\Desktop\\download (2)\\dataconnect: The system cannot find the file specified.\n"}}
[debug] [2026-06-09T17:38:54.397Z] E0609 18:38:54.392255   25512 watch.go:40] Failed to load config from "c:\\Users\\NEW USER\\Desktop\\download (2)\\dataconnect": could not find dataconnect.yaml in `c:\Users\NEW USER\Desktop\download (2)\dataconnect`
 {"metadata":{"emulator":{"name":"dataconnect"},"message":"E0609 18:38:54.392255   25512 watch.go:40] Failed to load config from \"c:\\\\Users\\\\NEW USER\\\\Desktop\\\\download (2)\\\\dataconnect\": could not find dataconnect.yaml in `c:\\Users\\NEW USER\\Desktop\\download (2)\\dataconnect`\n"}}
[debug] [2026-06-09T17:39:04.391Z] E0609 18:39:04.390881   25512 watch.go:40] Failed to load config from "c:\\Users\\NEW USER\\Desktop\\download (2)\\dataconnect": could not find dataconnect.yaml in `c:\Users\NEW USER\Desktop\download (2)\dataconnect`
 {"metadata":{"emulator":{"name":"dataconnect"},"message":"E0609 18:39:04.390881   25512 watch.go:40] Failed to load config from \"c:\\\\Users\\\\NEW USER\\\\Desktop\\\\download (2)\\\\dataconnect\": could not find dataconnect.yaml in `c:\\Users\\NEW USER\\Desktop\\download (2)\\dataconnect`\n"}}
[debug] [2026-06-09T17:39:14.393Z] E0609 18:39:14.391640   25512 watch.go:40] Failed to load config from "c:\\Users\\NEW USER\\Desktop\\download (2)\\dataconnect": could not find dataconnect.yaml in `c:\Users\NEW USER\Desktop\download (2)\dataconnect`
 {"metadata":{"emulator":{"name":"dataconnect"},"message":"E0609 18:39:14.391640   25512 watch.go:40] Failed to load config from \"c:\\\\Users\\\\NEW USER\\\\Desktop\\\\download (2)\\\\dataconnect\": could not find dataconnect.yaml in `c:\\Users\\NEW USER\\Desktop\\download (2)\\dataconnect`\n"}}
[debug] [2026-06-09T17:39:24.391Z] E0609 18:39:24.390615   25512 watch.go:40] Failed to load config from "c:\\Users\\NEW USER\\Desktop\\download (2)\\dataconnect": could not find dataconnect.yaml in `c:\Users\NEW USER\Desktop\download (2)\dataconnect`
 {"metadata":{"emulator":{"name":"dataconnect"},"message":"E0609 18:39:24.390615   25512 watch.go:40] Failed to load config from \"c:\\\\Users\\\\NEW USER\\\\Desktop\\\\download (2)\\\\dataconnect\": could not find dataconnect.yaml in `c:\\Users\\NEW USER\\Desktop\\download (2)\\dataconnect`\n"}}
[debug] [2026-06-09T17:39:34.391Z] E0609 18:39:34.390672   25512 watch.go:40] Failed to load config from "c:\\Users\\NEW USER\\Desktop\\download (2)\\dataconnect": could not find dataconnect.yaml in `c:\Users\NEW USER\Desktop\download (2)\dataconnect`
 {"metadata":{"emulator":{"name":"dataconnect"},"message":"E0609 18:39:34.390672   25512 watch.go:40] Failed to load config from \"c:\\\\Users\\\\NEW USER\\\\Desktop\\\\download (2)\\\\dataconnect\": could not find dataconnect.yaml in `c:\\Users\\NEW USER\\Desktop\\download (2)\\dataconnect`\n"}}
[debug] [2026-06-09T17:39:44.393Z] E0609 18:39:44.392690   25512 watch.go:40] Failed to load config from "c:\\Users\\NEW USER\\Desktop\\download (2)\\dataconnect": could not find dataconnect.yaml in `c:\Users\NEW USER\Desktop\download (2)\dataconnect`
 {"metadata":{"emulator":{"name":"dataconnect"},"message":"E0609 18:39:44.392690   25512 watch.go:40] Failed to load config from \"c:\\\\Users\\\\NEW USER\\\\Desktop\\\\download (2)\\\\dataconnect\": could not find dataconnect.yaml in `c:\\Users\\NEW USER\\Desktop\\download (2)\\dataconnect`\n"}}
[debug] [2026-06-09T17:39:54.390Z] E0609 18:39:54.390804   25512 watch.go:116] watchAllDir unable to walk dir `c:\Users\NEW USER\Desktop\download (2)\dataconnect`: GetFileAttributesEx c:\Users\NEW USER\Desktop\download (2)\dataconnect: The system cannot find the file specified.
 {"metadata":{"emulator":{"name":"dataconnect"},"message":"E0609 18:39:54.390804   25512 watch.go:116] watchAllDir unable to walk dir `c:\\Users\\NEW USER\\Desktop\\download (2)\\dataconnect`: GetFileAttributesEx c:\\Users\\NEW USER\\Desktop\\download (2)\\dataconnect: The system cannot find the file specified.\n"}}
[debug] [2026-06-09T17:39:54.392Z] E0609 18:39:54.391596   25512 watch.go:40] Failed to load config from "c:\\Users\\NEW USER\\Desktop\\download (2)\\dataconnect": could not find dataconnect.yaml in `c:\Users\NEW USER\Desktop\download (2)\dataconnect`
 {"metadata":{"emulator":{"name":"dataconnect"},"message":"E0609 18:39:54.391596   25512 watch.go:40] Failed to load config from \"c:\\\\Users\\\\NEW USER\\\\Desktop\\\\download (2)\\\\dataconnect\": could not find dataconnect.yaml in `c:\\Users\\NEW USER\\Desktop\\download (2)\\dataconnect`\n"}}
[debug] [2026-06-09T17:40:04.391Z] E0609 18:40:04.391436   25512 watch.go:40] Failed to load config from "c:\\Users\\NEW USER\\Desktop\\download (2)\\dataconnect": could not find dataconnect.yaml in `c:\Users\NEW USER\Desktop\download (2)\dataconnect`
 {"metadata":{"emulator":{"name":"dataconnect"},"message":"E0609 18:40:04.391436   25512 watch.go:40] Failed to load config from \"c:\\\\Users\\\\NEW USER\\\\Desktop\\\\download (2)\\\\dataconnect\": could not find dataconnect.yaml in `c:\\Users\\NEW USER\\Desktop\\download (2)\\dataconnect`\n"}}
[debug] [2026-06-09T17:40:14.392Z] E0609 18:40:14.391752   25512 watch.go:40] Failed to load config from "c:\\Users\\NEW USER\\Desktop\\download (2)\\dataconnect": could not find dataconnect.yaml in `c:\Users\NEW USER\Desktop\download (2)\dataconnect`
 {"metadata":{"emulator":{"name":"dataconnect"},"message":"E0609 18:40:14.391752   25512 watch.go:40] Failed to load config from \"c:\\\\Users\\\\NEW USER\\\\Desktop\\\\download (2)\\\\dataconnect\": could not find dataconnect.yaml in `c:\\Users\\NEW USER\\Desktop\\download (2)\\dataconnect`\n"}}
[debug] [2026-06-09T17:40:24.399Z] E0609 18:40:24.399134   25512 watch.go:40] Failed to load config from "c:\\Users\\NEW USER\\Desktop\\download (2)\\dataconnect": could not find dataconnect.yaml in `c:\Users\NEW USER\Desktop\download (2)\dataconnect`
 {"metadata":{"emulator":{"name":"dataconnect"},"message":"E0609 18:40:24.399134   25512 watch.go:40] Failed to load config from \"c:\\\\Users\\\\NEW USER\\\\Desktop\\\\download (2)\\\\dataconnect\": could not find dataconnect.yaml in `c:\\Users\\NEW USER\\Desktop\\download (2)\\dataconnect`\n"}}
[debug] [2026-06-09T17:40:34.390Z] E0609 18:40:34.390803   25512 watch.go:40] Failed to load config from "c:\\Users\\NEW USER\\Desktop\\download (2)\\dataconnect": could not find dataconnect.yaml in `c:\Users\NEW USER\Desktop\download (2)\dataconnect`
 {"metadata":{"emulator":{"name":"dataconnect"},"message":"E0609 18:40:34.390803   25512 watch.go:40] Failed to load config from \"c:\\\\Users\\\\NEW USER\\\\Desktop\\\\download (2)\\\\dataconnect\": could not find dataconnect.yaml in `c:\\Users\\NEW USER\\Desktop\\download (2)\\dataconnect`\n"}}
[debug] [2026-06-09T17:40:44.391Z] E0609 18:40:44.391364   25512 watch.go:40] Failed to load config from "c:\\Users\\NEW USER\\Desktop\\download (2)\\dataconnect": could not find dataconnect.yaml in `c:\Users\NEW USER\Desktop\download (2)\dataconnect`
 {"metadata":{"emulator":{"name":"dataconnect"},"message":"E0609 18:40:44.391364   25512 watch.go:40] Failed to load config from \"c:\\\\Users\\\\NEW USER\\\\Desktop\\\\download (2)\\\\dataconnect\": could not find dataconnect.yaml in `c:\\Users\\NEW USER\\Desktop\\download (2)\\dataconnect`\n"}}
[debug] [2026-06-09T17:40:54.391Z] E0609 18:40:54.391757   25512 watch.go:116] watchAllDir unable to walk dir `c:\Users\NEW USER\Desktop\download (2)\dataconnect`: GetFileAttributesEx c:\Users\NEW USER\Desktop\download (2)\dataconnect: The system cannot find the file specified.
 {"metadata":{"emulator":{"name":"dataconnect"},"message":"E0609 18:40:54.391757   25512 watch.go:116] watchAllDir unable to walk dir `c:\\Users\\NEW USER\\Desktop\\download (2)\\dataconnect`: GetFileAttributesEx c:\\Users\\NEW USER\\Desktop\\download (2)\\dataconnect: The system cannot find the file specified.\n"}}
[debug] [2026-06-09T17:40:54.395Z] E0609 18:40:54.393101   25512 watch.go:40] Failed to load config from "c:\\Users\\NEW USER\\Desktop\\download (2)\\dataconnect": could not find dataconnect.yaml in `c:\Users\NEW USER\Desktop\download (2)\dataconnect`
 {"metadata":{"emulator":{"name":"dataconnect"},"message":"E0609 18:40:54.393101   25512 watch.go:40] Failed to load config from \"c:\\\\Users\\\\NEW USER\\\\Desktop\\\\download (2)\\\\dataconnect\": could not find dataconnect.yaml in `c:\\Users\\NEW USER\\Desktop\\download (2)\\dataconnect`\n"}}
[debug] [2026-06-09T17:41:04.392Z] E0609 18:41:04.392043   25512 watch.go:40] Failed to load config from "c:\\Users\\NEW USER\\Desktop\\download (2)\\dataconnect": could not find dataconnect.yaml in `c:\Users\NEW USER\Desktop\download (2)\dataconnect`
 {"metadata":{"emulator":{"name":"dataconnect"},"message":"E0609 18:41:04.392043   25512 watch.go:40] Failed to load config from \"c:\\\\Users\\\\NEW USER\\\\Desktop\\\\download (2)\\\\dataconnect\": could not find dataconnect.yaml in `c:\\Users\\NEW USER\\Desktop\\download (2)\\dataconnect`\n"}}
[debug] [2026-06-09T17:41:14.390Z] E0609 18:41:14.390677   25512 watch.go:40] Failed to load config from "c:\\Users\\NEW USER\\Desktop\\download (2)\\dataconnect": could not find dataconnect.yaml in `c:\Users\NEW USER\Desktop\download (2)\dataconnect`
 {"metadata":{"emulator":{"name":"dataconnect"},"message":"E0609 18:41:14.390677   25512 watch.go:40] Failed to load config from \"c:\\\\Users\\\\NEW USER\\\\Desktop\\\\download (2)\\\\dataconnect\": could not find dataconnect.yaml in `c:\\Users\\NEW USER\\Desktop\\download (2)\\dataconnect`\n"}}
[debug] [2026-06-09T17:41:24.390Z] E0609 18:41:24.390361   25512 watch.go:40] Failed to load config from "c:\\Users\\NEW USER\\Desktop\\download (2)\\dataconnect": could not find dataconnect.yaml in `c:\Users\NEW USER\Desktop\download (2)\dataconnect`
 {"metadata":{"emulator":{"name":"dataconnect"},"message":"E0609 18:41:24.390361   25512 watch.go:40] Failed to load config from \"c:\\\\Users\\\\NEW USER\\\\Desktop\\\\download (2)\\\\dataconnect\": could not find dataconnect.yaml in `c:\\Users\\NEW USER\\Desktop\\download (2)\\dataconnect`\n"}}
[debug] [2026-06-09T17:41:34.391Z] E0609 18:41:34.390677   25512 watch.go:40] Failed to load config from "c:\\Users\\NEW USER\\Desktop\\download (2)\\dataconnect": could not find dataconnect.yaml in `c:\Users\NEW USER\Desktop\download (2)\dataconnect`
 {"metadata":{"emulator":{"name":"dataconnect"},"message":"E0609 18:41:34.390677   25512 watch.go:40] Failed to load config from \"c:\\\\Users\\\\NEW USER\\\\Desktop\\\\download (2)\\\\dataconnect\": could not find dataconnect.yaml in `c:\\Users\\NEW USER\\Desktop\\download (2)\\dataconnect`\n"}}
[debug] [2026-06-09T17:41:44.391Z] E0609 18:41:44.390445   25512 watch.go:40] Failed to load config from "c:\\Users\\NEW USER\\Desktop\\download (2)\\dataconnect": could not find dataconnect.yaml in `c:\Users\NEW USER\Desktop\download (2)\dataconnect`
 {"metadata":{"emulator":{"name":"dataconnect"},"message":"E0609 18:41:44.390445   25512 watch.go:40] Failed to load config from \"c:\\\\Users\\\\NEW USER\\\\Desktop\\\\download (2)\\\\dataconnect\": could not find dataconnect.yaml in `c:\\Users\\NEW USER\\Desktop\\download (2)\\dataconnect`\n"}}
[debug] [2026-06-09T17:41:54.391Z] E0609 18:41:54.391133   25512 watch.go:116] watchAllDir unable to walk dir `c:\Users\NEW USER\Desktop\download (2)\dataconnect`: GetFileAttributesEx c:\Users\NEW USER\Desktop\download (2)\dataconnect: The system cannot find the file specified.
 {"metadata":{"emulator":{"name":"dataconnect"},"message":"E0609 18:41:54.391133   25512 watch.go:116] watchAllDir unable to walk dir `c:\\Users\\NEW USER\\Desktop\\download (2)\\dataconnect`: GetFileAttributesEx c:\\Users\\NEW USER\\Desktop\\download (2)\\dataconnect: The system cannot find the file specified.\n"}}
[debug] [2026-06-09T17:41:54.394Z] E0609 18:41:54.392047   25512 watch.go:40] Failed to load config from "c:\\Users\\NEW USER\\Desktop\\download (2)\\dataconnect": could not find dataconnect.yaml in `c:\Users\NEW USER\Desktop\download (2)\dataconnect`
 {"metadata":{"emulator":{"name":"dataconnect"},"message":"E0609 18:41:54.392047   25512 watch.go:40] Failed to load config from \"c:\\\\Users\\\\NEW USER\\\\Desktop\\\\download (2)\\\\dataconnect\": could not find dataconnect.yaml in `c:\\Users\\NEW USER\\Desktop\\download (2)\\dataconnect`\n"}}
